geometry,@id,access,addr:city,addr:housenumber,addr:postcode,addr:street,alt_name,building,height,layer,man_made,name,note,old_name,phone,ref:bag,source,source:date,start_date,toilets:wheelchair,website,wheelchair,wikidata,wikimedia_commons,wikipedia,ref,description,heritage,tower:construction,tower:type,addr:country,operator,operator:website,operator:wikidata,telecom,architect,amenity,display,faces,visibility,historic,tourism,office,short_name,source:name,building:part,heritage:operator,ref:rce,building:levels,operator:wikipedia,roof:shape,building:material,min_height,roof:height,roof:material,ref:CGBCode,landuse,material,level,opening_hours,technology,technology_1,technology_2,technology_3,communication:gsm-r,communication:mobile_phone,location,barrier,bicycle,foot,motor_vehicle,communication:television,emergency,manufacturer,siren:model,siren:purpose,siren:type,support,operator:type,contact:facebook,contact:instagram,contact:twitter,mast,nest,name:en,communication:radio,frequency,communication:microwave,lamp_type,playground,communication:emergency_services,sources,highway,lamp_mount,capacity,species,species:en,species:nl,colour
"POLYGON ((4.9023473 52.383802, 4.9023687 52.3838, 4.902481 52.3837896, 4.9024835 52.3838006, 4.9024903 52.3838304, 4.9022918 52.383849, 4.9023122 52.3839307, 4.9023156 52.3839444, 4.9023175 52.3839521, 4.9023067 52.383953, 4.9022839 52.3839549, 4.9021459 52.3839665, 4.9021423 52.3839694, 4.902125 52.3839837, 4.9020878 52.3840133, 4.9020699 52.3840294, 4.9020548 52.3840416, 4.9020258 52.3840285, 4.9018239 52.3839369, 4.9018708 52.3838981, 4.9019148 52.3838616, 4.9019015 52.3838077, 4.9018939 52.3837775, 4.9018904 52.3837632, 4.9018889 52.3837573, 4.901898 52.3837565, 4.9019207 52.3837544, 4.9020599 52.3837415, 4.9021233 52.3837356, 4.9021137 52.383697, 4.902219 52.3836098, 4.9022417 52.383591, 4.9023543 52.3834946, 4.9024107 52.38352, 4.9025417 52.3835789, 4.9025589 52.3835866, 4.90259 52.3836006, 4.9024752 52.3836961, 4.9023891 52.3837674, 4.9023473 52.383802))",way/44824385,yes,Amsterdam,5,1031KS,Overhoeksplein,Overhoekstoren,industrial,79,1,tower,A'DAM Toren,with mast up to 100 m.,Shell-toren,+31 20 217 0599,363100012071204,BAG,2014-05-07,1930,yes,https://adamtoren.nl/,yes,Q2529795,Category:Shell Tower,nl:A'DAM Toren,,,,,,,,,,,,,,,,,,,,,,,,,,,,,,,,,,,,,,,,,,,,,,,,,,,,,,,,,,,,,,,,,,,,,,,,,,
"POLYGON ((4.9433127 52.3004122, 4.943302 52.3004086, 4.942375 52.3000928, 4.9423491 52.3000835, 4.9423335 52.3000754, 4.9423206 52.3000657, 4.9423117 52.3000562, 4.9423062 52.3000474, 4.9423025 52.3000383, 4.9423008 52.3000259, 4.942302 52.3000165, 4.9423059 52.3000058, 4.9423148 52.2999928, 4.9423246 52.2999837, 4.9423384 52.2999745, 4.9423526 52.2999678, 4.942373 52.2999613, 4.9423951 52.2999575, 4.942423 52.2999566, 4.9424505 52.2999599, 4.9424802 52.299969, 4.942516 52.2999815, 4.9425394 52.299956, 4.9421342 52.2998171, 4.9424184 52.2995055, 4.942836 52.2996487, 4.9428629 52.2996192, 4.9428649 52.2996176, 4.9428742 52.2996139, 4.942884 52.2996135, 4.9428932 52.2996158, 4.9428985 52.2996192, 4.9429019 52.2996249, 4.9429017 52.2996283, 4.9428993 52.2996328, 4.942884 52.299649, 4.942897 52.2996536, 4.9429379 52.2996099, 4.9429387 52.2996093, 4.9429394 52.299609, 4.9429407 52.2996087, 4.942942 52.2996087, 4.9429433 52.299609, 4.9436877 52.2998649, 4.9436884 52.2998645, 4.9436902 52.299865, 4.9436902 52.2998657, 4.9436896 52.2998662, 4.9436491 52.2999096, 4.9436479 52.2999101, 4.9436463 52.2999104, 4.9436446 52.2999105, 4.9436424 52.2999099, 4.9436409 52.2999093, 4.9436329 52.2999181, 4.9437275 52.2999504, 4.943728 52.2999514, 4.9437284 52.2999529, 4.9437284 52.2999539, 4.943728 52.2999555, 4.9435705 52.3001298, 4.943569 52.3001307, 4.943567 52.3001312, 4.9435648 52.3001312, 4.9435629 52.3001309, 4.9435356 52.300122, 4.9434941 52.300171, 4.9435201 52.3001793, 4.9435213 52.3001799, 4.9435221 52.3001807, 4.9435225 52.3001816, 4.9435224 52.3001822, 4.9435216 52.3001836, 4.9433127 52.3004122))",way/57852902,,,,,,,data_center,,,,,,,,0363100012131452,BAG,2021-08-08,1984,,,,,,,AM1,,,,,,,,,,,,,,,,,,,,,,,,,,,,,,,,,,,,,,,,,,,,,,,,,,,,,,,,,,,,,,,,,,,,,,,,,
"POLYGON ((4.9393878 52.3040873, 4.939133 52.3039997, 4.9390896 52.3040466, 4.9388266 52.3039563, 4.9391742 52.3035761, 4.9392894 52.3036157, 4.9393223 52.303627, 4.9394289 52.3036636, 4.9394717 52.3036165, 4.939735 52.3037072, 4.9397299 52.3037128, 4.939732 52.3037135, 4.9396518 52.3038018, 4.9393878 52.3040873))",way/57853387,,,,,,,data_center,,,,,,,,363100012117661,BAG,2014-05-07,1984,,,,,,,,,,,,,,,,,,,,,,,,,,,,,,,,,,,,,,,,,,,,,,,,,,,,,,,,,,,,,,,,,,,,,,,,,,,,,,,,
"POLYGON ((4.943302 52.3004086, 4.9432794 52.300433, 4.9432899 52.3004367, 4.9428422 52.3009204, 4.9426563 52.3008554, 4.9426469 52.3008656, 4.9426518 52.3008676, 4.9424988 52.3010336, 4.9419838 52.3008564, 4.9420938 52.3007371, 4.94201 52.3007082, 4.9419561 52.300767, 4.9416129 52.300649, 4.9420347 52.3001882, 4.9421366 52.3002233, 4.9421885 52.3001666, 4.9422789 52.3001977, 4.942375 52.3000928, 4.943302 52.3004086))",way/57853463,,,,,,,data_center,,,,,,,,0363100012154411,BAG,2014-05-07,1983,,,,,,,AM2,,,,,,,,,,,,,,,,,,,,,,,,,,,,,,,,,,,,,,,,,,,,,,,,,,,,,,,,,,,,,,,,,,,,,,,,,
"POLYGON ((4.8908344 52.3418142, 4.8908312 52.3418257, 4.8908211 52.3418358, 4.8908041 52.3418433, 4.8907887 52.3418457, 4.8907661 52.341844, 4.8907496 52.3418377, 4.8907373 52.3418273, 4.8907331 52.341816, 4.8907354 52.3418054, 4.8907457 52.3417942, 4.890761 52.3417869, 4.8907815 52.3417836, 4.8908006 52.3417854, 4.8908173 52.3417914, 4.8908298 52.3418018, 4.8908344 52.3418142))",way/57863344,,,,,,Het Signaal,,47,,tower,Signaal,,,,,3dShapes,,,,,,Q119996895,Category:Het Signaal RAI,nl:Het signaal,,advertising column with time and temperature display.,2,freestanding,clock,,,,,,,,,,,,,,,,,,,,,,,,,,,,,,,,,,,,,,,,,,,,,,,,,,,,,,,,,,,,,,,,,,,,,
"POLYGON ((4.8513081 52.3964547, 4.8513066 52.3964547, 4.8513063 52.3964597, 4.8512982 52.3964595, 4.8512982 52.3964604, 4.851192 52.3964587, 4.8511926 52.3964452, 4.8511624 52.3964446, 4.8511616 52.3964472, 4.8511599 52.3964495, 4.8511588 52.3964506, 4.851156 52.3964524, 4.8511508 52.3964545, 4.8511469 52.3964552, 4.8511428 52.3964555, 4.8511387 52.3964552, 4.8511348 52.3964543, 4.8511329 52.3964537, 4.8511297 52.396452, 4.8511283 52.3964511, 4.8511261 52.3964489, 4.8511248 52.3964465, 4.8511243 52.3964439, 4.8510941 52.3964434, 4.8510934 52.3964569, 4.8509873 52.3964552, 4.8509873 52.3964543, 4.850979 52.3964541, 4.8509793 52.3964492, 4.8509778 52.3964492, 4.8509782 52.3964398, 4.8508972 52.3964384, 4.8508994 52.3963889, 4.8508837 52.3963887, 4.8508837 52.3963878, 4.8508759 52.3963877, 4.8508761 52.3963827, 4.8508746 52.3963827, 4.8508785 52.3962984, 4.8509009 52.3962988, 4.8509019 52.3962769, 4.8508796 52.3962765, 4.8508834 52.3961922, 4.8508849 52.3961922, 4.8508851 52.3961873, 4.8508934 52.3961875, 4.8508934 52.3961866, 4.8513104 52.3961934, 4.8513104 52.3961943, 4.8513186 52.3961945, 4.8513183 52.3961994, 4.8513198 52.3961994, 4.8513155 52.3962928, 4.8513081 52.3964547))",way/57864798,,,,,,,data_center,,,,,,,,0363100012126893,BAG,2014-02-11,2000,,,,,,,,,,,,,,,,,,,,,,,,,,,,,,,,,,,,,,,,,,,,,,,,,,,,,,,,,,,,,,,,,,,,,,,,,,,,,,,,
"POLYGON ((4.8384568 52.3965662, 4.838471 52.3965617, 4.8387281 52.3964795, 4.8387545 52.396471, 4.8387682 52.396487, 4.8387833 52.3965047, 4.838904 52.3966459, 4.838919 52.3966411, 4.838921 52.3966387, 4.8389223 52.3966377, 4.8389271 52.396635, 4.8389329 52.3966332, 4.8389372 52.3966327, 4.8389437 52.3966329, 4.8389498 52.3966342, 4.8389551 52.3966366, 4.8389578 52.3966386, 4.8389598 52.396641, 4.8389616 52.3966449, 4.8389616 52.396649, 4.8389595 52.3966529, 4.838957 52.3966552, 4.8389521 52.396658, 4.838946 52.3966597, 4.8389393 52.3966602, 4.8389327 52.3966595, 4.8389192 52.3966638, 4.8389473 52.3966967, 4.8389595 52.396711, 4.8385899 52.3968298, 4.8385687 52.3968366, 4.8385615 52.3968282, 4.8385104 52.3967686, 4.838541 52.3967588, 4.8385298 52.3967458, 4.8385219 52.3967466, 4.838515 52.3967457, 4.8385085 52.396743, 4.8385045 52.3967392, 4.8385031 52.3967354, 4.8385037 52.3967314, 4.8385063 52.3967281, 4.838511 52.396725, 4.8384093 52.3966056, 4.8384731 52.3965853, 4.8384607 52.3965708, 4.8384568 52.3965662))",way/57865369,,Amsterdam,2E,1042AB,Gyroscoopweg,,data_center,,,,,,,,363100012079749,BAG,2014-02-11,2002,,,,,,,,,,,,,,,,,,,,,,,,,,,,,,,,,,,,,,,,,,,,,,,,,,,,,,,,,,,,,,,,,,,,,,,,,,,,,,,,
"POLYGON ((4.8388254 52.3970898, 4.8388185 52.3970906, 4.8388115 52.3970899, 4.8388054 52.3970877, 4.838801 52.3970843, 4.8387989 52.3970801, 4.8387994 52.3970758, 4.8388023 52.3970719, 4.8388075 52.3970688, 4.838796 52.3970555, 4.8387745 52.3970624, 4.8387659 52.3970651, 4.8387166 52.3970078, 4.838708 52.3969977, 4.8387381 52.396988, 4.838785 52.396973, 4.8390725 52.3968805, 4.8390984 52.3968722, 4.8391073 52.3968821, 4.8391401 52.3969189, 4.8391545 52.3969141, 4.839158 52.3969105, 4.8391632 52.3969078, 4.8391673 52.3969066, 4.8391717 52.3969059, 4.8391785 52.396906, 4.8391849 52.3969073, 4.8391887 52.3969088, 4.8391904 52.3969098, 4.8391933 52.3969119, 4.8391944 52.3969131, 4.8391954 52.3969144, 4.8391966 52.3969171, 4.8391968 52.3969198, 4.8391962 52.3969226, 4.8391946 52.3969252, 4.8391935 52.3969264, 4.8391922 52.3969276, 4.839189 52.3969296, 4.8391853 52.3969311, 4.8391789 52.3969325, 4.8391743 52.3969327, 4.8391676 52.396932, 4.8391541 52.3969364, 4.8392758 52.3970773, 4.8392973 52.3971023, 4.8393048 52.3971109, 4.83929 52.3971157, 4.8390154 52.3972045, 4.8390076 52.397207, 4.8390034 52.3972021, 4.838992 52.3971888, 4.838928 52.3972092, 4.8388254 52.3970898))",way/57866665,,Amsterdam,2F,1042AB,Gyroscoopweg,,data_center,,,,,,,,363100012094936,BAG,2014-02-11,2002,,,,,,,,,,,,,,,,,,,,,,,,,,,,,,,,,,,,,,,,,,,,,,,,,,,,,,,,,,,,,,,,,,,,,,,,,,,,,,,,
"POLYGON ((4.9526157 52.3562731, 4.95246 52.3561806, 4.9526813 52.3560426, 4.9526838 52.3560411, 4.9527461 52.3560783, 4.952763 52.3560884, 4.9527834 52.3561006, 4.9528327 52.3561301, 4.9530613 52.3559877, 4.9531228 52.3559485, 4.9532773 52.3560409, 4.9531314 52.3561319, 4.9535025 52.3563539, 4.953352 52.3564477, 4.9532457 52.3563841, 4.95313 52.3563149, 4.9529121 52.3564508, 4.9526382 52.3562869, 4.9526157 52.3562731))",way/62036545,,Amsterdam,121,1098XG,Science Park,,commercial,,,,Digital Realty AMS9,,,,,BGT,,,,https://www.digitalrealty.com/data-centers/emea/amsterdam/ams9,,,,,AMS9,,,,,NL,Digital Realty,https://www.interxion.com/Locations/science-park/,Q5275969,data_center,,,,,,,,,,,,,,,,,,,,,,,,,,,,,,,,,,,,,,,,,,,,,,,,,,,,,,,,,,,,,,,,
"POLYGON ((4.8554075 52.3437869, 4.8553849 52.3437838, 4.8553958 52.343754, 4.8553797 52.3437518, 4.8553819 52.3437457, 4.8554618 52.3437566, 4.8554596 52.3437627, 4.8554507 52.3437614, 4.8554456 52.3437755, 4.8554449 52.3437774, 4.8554443 52.3437791, 4.8554398 52.3437913, 4.8554132 52.3437877, 4.8554075 52.3437869))",way/98662844,private,,,,,,yes,46,,tower,Marathontoren,,,,0363100012250984,BAG,2021-01-08,1928,,,,Q17299254,Category:Marathontoren,,,thin freestanding tower,,freestanding,,,,,,,Jan Wils,,,,,,,,,,,,,,,,,,,,,,,,,,,,,,,,,,,,,,,,,,,,,,,,,,,,,,,,,,,,,,,
"POLYGON ((4.857762 52.3501072, 4.8576882 52.3500876, 4.8577204 52.3500426, 4.8577943 52.3500621, 4.857762 52.3501072))",way/98672987,no,,,,,,yes,,,tower,,,,,363100012197426,BAG,2014-03-24,1914,,,,,,,,freestanding square bell tower of the Agneskerk (church),,freestanding,bell_tower,,,,,,,clock,analog,4,area,,,,,,,,,,,,,,,,,,,,,,,,,,,,,,,,,,,,,,,,,,,,,,,,,,,,,,,,,,,
"POLYGON ((4.8836202 52.3745773, 4.8835668 52.3745791, 4.8834655 52.3745825, 4.8834574 52.3745824, 4.8834542 52.3745442, 4.8834575 52.3745441, 4.8834566 52.3745332, 4.8834556 52.374521, 4.8834522 52.3745211, 4.883449 52.3744829, 4.8834564 52.3744826, 4.8835305 52.3744804, 4.8835915 52.3744784, 4.8836119 52.3744778, 4.8836161 52.3745276, 4.8836202 52.3745773))",way/99203577,,,,,,,yes,,,tower,Westertoren,85 m,,,363100012174221,BAG,2014-02-11,1631,,,,,,nl:Westertoren (Amsterdam),,,,,bell_tower,,,,,,,,,,,yes,attraction,,,,,,,,,,,,,,,,,,,,,,,,,,,,,,,,,,,,,,,,,,,,,,,,,,,,,,,,,
"POLYGON ((4.841334 52.388493, 4.8413349 52.3884406, 4.8413351 52.3884294, 4.8413361 52.3883756, 4.8413363 52.3883645, 4.8413373 52.3883089, 4.8413375 52.3883008, 4.8413477 52.3877368, 4.8416747 52.3877392, 4.8417887 52.3877399, 4.8419026 52.3877406, 4.842229 52.3877431, 4.842224 52.3880134, 4.8422225 52.3881888, 4.8422165 52.3885, 4.8419139 52.3884976, 4.8419141 52.3884879, 4.8416343 52.3884856, 4.8416341 52.3884954, 4.841334 52.388493))",way/218984116,,,,,,Glass House,commercial,,,,KPN Teleport,,,,0363100012165158,BAG,2022-10-04,2014,,https://nsi.nl/location/glass-house-amsterdam-2,,Q117341381,Category:KPN Teleport,,,,,,,,,,,,,,,,,,,telecommunication,,,,,,,,,,,,,,,,,,,,,,,,,,,,,,,,,,,,,,,,,,,,,,,,,,,,,,,,
"POLYGON ((4.8614786 52.3816347, 4.8615074 52.3816534, 4.8614103 52.3817095, 4.8613815 52.3816909, 4.8612028 52.3817944, 4.8610333 52.3816847, 4.8616915 52.3813037, 4.8618613 52.3814132, 4.8614786 52.3816347))",way/276264449,,,,,,,yes,,,,Wijkcentrale Amsterdam-Sloterdijk,,,,0363100012134106,BAG,2014-03-24,1969,,,,,,,,,,,,,KPN,,Q338633,exchange,,,,,,,,,Asd-Slod,survey,,,,,,,,,,,,,,,,,,,,,,,,,,,,,,,,,,,,,,,,,,,,,,,,,,,,,,
"POLYGON ((4.9312233 52.3610127, 4.9311752 52.3610009, 4.9312132 52.3609431, 4.9312612 52.3609549, 4.9312233 52.3610127))",way/278390394,private,,,,,,,,1,tower,,,,,363100012219776,BAG,2014-03-24,1938,,,,,,,,,2,,observation,,,,,,H.G.J. Schelling,,,,,yes,,,,,yes,rce,526982,,,,,,,,,,,,,,,,,,,,,,,,,,,,,,,,,,,,,,,,,,,,,,,,,,,
"POLYGON ((4.9197499 52.3334854, 4.9197125 52.3335396, 4.9195068 52.3338376, 4.9194034 52.3339874, 4.9194097 52.333989, 4.9193993 52.3340039, 4.9189784 52.3338952, 4.9189752 52.3339, 4.9189658 52.3338976, 4.9189667 52.3338963, 4.9187218 52.3338335, 4.9188915 52.333588, 4.9190193 52.3334032, 4.9190472 52.3333629, 4.9190808 52.3333142, 4.919172 52.3331823, 4.9194236 52.3332474, 4.9195133 52.3331174, 4.9196654 52.3328972, 4.9196693 52.3328915, 4.9196756 52.3328822, 4.9196783 52.3328782, 4.9200947 52.3329858, 4.91995 52.3331955, 4.9198864 52.3332877, 4.9198496 52.3333409, 4.9197499 52.3334854))",way/279859729,,,,,,,data_center,,,,,,,,363100012103608,BAG,2019-04-01,1956,,,,,,,,,,,,,,,,,,,,,,,,,,,,,,,,,,,,,,,,,,,,,,,,,,,,,,,,,,,,,,,,,,,,,,,,,,,,,,,,
"POLYGON ((4.9323802 52.3371414, 4.9313318 52.3373335, 4.9313307 52.3373312, 4.9313129 52.337295, 4.9312472 52.3371612, 4.930996 52.3366499, 4.9309954 52.3366487, 4.9309915 52.3366407, 4.9311523 52.3366107, 4.9311558 52.3366101, 4.9313908 52.3365662, 4.9313943 52.3365656, 4.9314764 52.3365502, 4.931551 52.3365366, 4.9315487 52.3365317, 4.9316466 52.3365136, 4.931641 52.3365021, 4.9316343 52.3365033, 4.9316326 52.3364997, 4.9316984 52.3364876, 4.9317001 52.3364912, 4.9316934 52.3364924, 4.9316991 52.3365039, 4.9317961 52.336486, 4.9318078 52.3364838, 4.9317942 52.3364563, 4.9317936 52.3364547, 4.9317933 52.3364531, 4.9317933 52.3364515, 4.9317936 52.3364499, 4.9317942 52.3364483, 4.931795 52.3364468, 4.9317961 52.3364453, 4.9317975 52.3364439, 4.9317991 52.3364426, 4.9318009 52.3364415, 4.9318029 52.3364404, 4.9318051 52.3364395, 4.9318074 52.3364388, 4.9318099 52.3364382, 4.9318125 52.3364377, 4.9318151 52.3364375, 4.9318177 52.3364374, 4.9318203 52.3364375, 4.9318229 52.3364378, 4.9318255 52.3364382, 4.9318279 52.3364388, 4.9318302 52.3364396, 4.9318324 52.3364405, 4.9318344 52.3364416, 4.9318362 52.3364428, 4.9318378 52.3364441, 4.9318391 52.3364455, 4.9318402 52.3364469, 4.9318544 52.3364749, 4.9318717 52.3364718, 4.9320131 52.3364457, 4.9320341 52.3364418, 4.9321002 52.3365764, 4.9321144 52.3365739, 4.9323802 52.3371414))",way/279860375,,,,,,,data_center,,,,,,,,0363100012081602,BAG,2021-08-08,1982,,,,,,,,,,,,,,,,,,,,,,,,,,,,,,,,,,,,,,,,,,,,,,,,,,,,,,,,,,,,,,,,,,,,,,,,,,,,,,,,
"POLYGON ((4.93562 52.3050826, 4.935612 52.3050798, 4.9356146 52.3050768, 4.9352257 52.304943, 4.9353326 52.3048262, 4.9351879 52.3047763, 4.9351748 52.3047906, 4.9351377 52.3047778, 4.9351507 52.3047635, 4.9343989 52.3045045, 4.9347283 52.3041452, 4.9348561 52.3041893, 4.9352231 52.3043149, 4.9356625 52.304466, 4.9356971 52.3044281, 4.9360857 52.3045617, 4.9360888 52.3045584, 4.9360973 52.3045614, 4.93562 52.3050826))",way/282381343,,,,,,,data_center,,,,,,,,363100012096571,BAG,2014-05-07,1981,,,,,,,,,,,,,Verizon,,,data_center,,,,,,,,,,,,,,,,,,,,,,,,,,,,,,,,,,,,,,,,,,,,,,,,,,,,,,,,,,,,,,,,
"POLYGON ((4.9382153 52.3035201, 4.9378163 52.303383, 4.9378174 52.3033818, 4.9378185 52.3033806, 4.9376085 52.3033082, 4.9376929 52.3032159, 4.9379022 52.303288, 4.9380006 52.3031816, 4.9380175 52.303163, 4.9380057 52.3031589, 4.9380034 52.3031614, 4.9378621 52.303113, 4.9379793 52.3029847, 4.9379806 52.3029834, 4.9381218 52.303032, 4.9381195 52.3030345, 4.9381313 52.3030386, 4.9382457 52.3029128, 4.9380352 52.302841, 4.9381189 52.3027494, 4.93833 52.3028214, 4.9383325 52.3028186, 4.938499 52.3028759, 4.9387315 52.3029558, 4.9385322 52.3031737, 4.9382153 52.3035201))",way/282381349,,,,,,,data_center,,,,,,,,0363100012104121,BAG,2014-05-07,2009,,,,,,,,,,,,,,,,,,,,,,,,,,,,,,,,,,,,,,,,,,,,,,,,,,,,,,,,,,,,,,,,,,,,,,,,,,,,,,,,
"POLYGON ((4.9507894 52.3569226, 4.9509722 52.3570315, 4.9510437 52.3570745, 4.9510422 52.3570754, 4.9510486 52.3570792, 4.9510515 52.3570792, 4.9510501 52.3570801, 4.9510752 52.357095, 4.9510768 52.3570941, 4.9513304 52.3572464, 4.9507994 52.3572693, 4.9507993 52.3572681, 4.9507243 52.3572713, 4.9507244 52.3572723, 4.9501941 52.357295, 4.9502958 52.3572309, 4.9503035 52.3572354, 4.9503204 52.3572248, 4.9503404 52.3572123, 4.9503328 52.3572078, 4.950472 52.357121, 4.9504735 52.3571219, 4.9505039 52.3571028, 4.9505024 52.3571019, 4.9507894 52.3569226))",way/295731026,,,,,,,data_center,,,,Digital Realty AMS17,,,,0363100012243277,BAG,2021-01-08,2021,,https://www.digitalrealty.com/data-centers/emea/amsterdam/ams17,,,,,AMS17,,,,,,Digital Realty,,Q5275969,data_center,,,,,,,,,,,,,,11,,,,,,,,,,,,,,,,,,,,,,,,,,,,,,,,,,,,,,,,,,,,,,,,,,
"POLYGON ((4.9609499 52.3547626, 4.9609723 52.3547486, 4.9612715 52.35456, 4.9618347 52.3542079, 4.9618532 52.3541963, 4.9618592 52.3541925, 4.9624744 52.3545597, 4.9624817 52.354564, 4.9614856 52.355189, 4.9614663 52.3552009, 4.9614306 52.3552226, 4.9614112 52.3552345, 4.9613796 52.3552543, 4.960758 52.3548825, 4.9607636 52.354879, 4.9609499 52.3547626))",way/441605807,,Amsterdam,610,1098XH,Science Park,,data_center,,1,,Equinix AM3,,,,363100012238998,BAG,2017-03-24,2015,,https://www.equinix.nl/data-centers/europe-colocation/netherlands-colocation/amsterdam-data-centers/am3,,,,,AM3,,,,,,Equinix,,Q851641,data_center,,,,,,,,company,,,,,,6,en:Equinix,flat,,,,,,,,,,,,,,,,,,,,,,,,,,,,,,,,,,,,,,,,,,,,,,,,
"POLYGON ((4.9616982 52.3540963, 4.9616921 52.3541001, 4.9616736 52.3541117, 4.9611337 52.3544491, 4.9611107 52.3544635, 4.9610828 52.354481, 4.9608756 52.3543573, 4.9608532 52.354344, 4.9607757 52.3542977, 4.9607692 52.3542938, 4.9613833 52.3539079, 4.9616982 52.3540963))",way/482532123,,Amsterdam,610,1098XH,Science Park,,data_center,,,,Equinix AM4,,,,363100012246317,BAG;https://www.equinix.com/data-centers/europe-colocation/netherlands-colocation/amsterdam-data-centers/am4;local knowledge,2017-03-24,2015,,,,,,,,,,,,,,,,,,,,,,,,,,,,,,12,,,,,,,,,,,,,,,,,,,,,,,,,,,,,,,,,,,,,,,,,,,,,,,,,,
"POLYGON ((4.8873974 52.3364261, 4.8873849 52.3364241, 4.8873731 52.3364208, 4.8873623 52.3364164, 4.8873529 52.336411, 4.8873451 52.3364047, 4.887339 52.3363977, 4.887335 52.3363901, 4.887333 52.3363823, 4.8873331 52.3363744, 4.8873354 52.3363666, 4.8873397 52.3363592, 4.887346 52.3363522, 4.887354 52.336346, 4.8873636 52.3363407, 4.8873746 52.3363365, 4.8873865 52.3363333, 4.887399 52.3363315, 4.887412 52.3363309, 4.8874249 52.3363316, 4.8874375 52.3363336, 4.8874493 52.3363368, 4.8874603 52.3363412, 4.8874697 52.3363467, 4.8874776 52.336353, 4.8874836 52.33636, 4.8874878 52.3363675, 4.8874898 52.3363754, 4.8874896 52.3363833, 4.8874874 52.3363912, 4.8874832 52.3363986, 4.8874768 52.3364056, 4.8874686 52.3364118, 4.8874589 52.3364171, 4.887448 52.3364214, 4.8874359 52.3364245, 4.8874233 52.3364264, 4.8874103 52.3364269, 4.8873974 52.3364261))",way/485464790,,,,,,,,72,,communications_tower,,,,,,,,,,,,,,,,,,,,,,,,,,,,,,,,,,,yes,,,,,,metal,,,,,,,,,,,,,,,,,,,,,,,,,,,,,,,,,,,,,,,,,,,,,,,
"POLYGON ((4.887407 52.3364167, 4.887387 52.3364137, 4.8873697 52.3364068, 4.887357 52.3363969, 4.8873503 52.3363851, 4.8873502 52.3363725, 4.8873568 52.3363606, 4.8873694 52.3363506, 4.8873866 52.3363437, 4.8874066 52.3363406, 4.8874271 52.3363416, 4.887446 52.3363466, 4.8874612 52.3363551, 4.887471 52.3363661, 4.8874745 52.3363785, 4.8874712 52.3363909, 4.8874614 52.336402, 4.8874463 52.3364106, 4.8874275 52.3364157, 4.887407 52.3364167))",way/485464791,,,,,,,,94,,communications_tower,,,,,,,,,,,,,,,,,,,,,,,,,,,,,,,,,,,yes,,,,,,metal,93.5,,,,,,,,,,,,,,,,,,,,,,,,,,,,,,,,,,,,,,,,,,,,,,
"POLYGON ((4.887436 52.3363796, 4.8874341 52.3363843, 4.8874299 52.3363884, 4.8874239 52.3363915, 4.8874157 52.3363934, 4.887407 52.3363935, 4.8873987 52.3363918, 4.8873918 52.3363885, 4.8873873 52.3363839, 4.8873856 52.3363786, 4.8873869 52.3363733, 4.8873911 52.3363686, 4.8873977 52.3363651, 4.887405 52.3363633, 4.8874129 52.3363629, 4.8874206 52.336364, 4.8874273 52.3363666, 4.8874324 52.3363703, 4.8874354 52.3363748, 4.887436 52.3363796))",way/485464792,,,,,,,,113,,communications_tower,,,,,,,,,,,,Q107092031,Category:Telecomtoren Zuidas,,,,,,,,,,,,,,,,,,,,,,yes,,,,,,metal,72,,,,,,,,,,,,,,,,,,,,,,,,,,,,,,,,,,,,,,,,,,,,,,
"POLYGON ((4.8874178 52.3363824, 4.8874153 52.3363836, 4.8874123 52.3363841, 4.8874092 52.336384, 4.8874064 52.3363834, 4.887404 52.3363822, 4.8874024 52.3363806, 4.8874017 52.3363788, 4.887402 52.3363769, 4.8874033 52.3363752, 4.8874054 52.3363739, 4.887408 52.336373, 4.887411 52.3363727, 4.887414 52.336373, 4.8874168 52.3363739, 4.887419 52.3363753, 4.8874202 52.336377, 4.8874205 52.336379, 4.8874196 52.3363808, 4.8874178 52.3363824))",way/485464793,,,,,,,,146,,communications_tower,,,,,,,,,,,,,,,,,,,,,,,,,,,,,,,,,,,yes,,,,,,metal,113,,,,,,,,,,,,,,,,,,,,,,,,,,,,,,,,,,,,,,,,,,,,,,
"POLYGON ((4.9008229 52.3765941, 4.9008667 52.3765472, 4.9009434 52.3765739, 4.9008995 52.3766208, 4.9008229 52.3765941))",way/645534930,,,,,,,,56,,tower,,,,,,,,,,,,,,,,,,,bell_tower,,,,,,,,,,,,,,,,church,,,,,pyramidal,brick,,23,copper,,,,,,,,,,,,,,,,,,,,,,,,,,,,,,,,,,,,,,,,,,,,
"POLYGON ((4.9011323 52.3766772, 4.9010554 52.3766503, 4.9010989 52.3766035, 4.9011762 52.3766302, 4.9011323 52.3766772))",way/645534931,,,,,,,,56,,tower,,,,,,,,,,,,,,,,,,,bell_tower,,,,,,,,,,,,,,,,church,,,,,pyramidal,brick,,23,copper,,,,,,,,,,,,,,,,,,,,,,,,,,,,,,,,,,,,,,,,,,,,
"POLYGON ((4.8298414 52.3435196, 4.8310223 52.3435323, 4.8310647 52.3435328, 4.8310516 52.3439847, 4.8310084 52.3439842, 4.8310065 52.344051, 4.8316361 52.3440579, 4.8316074 52.3450285, 4.8291687 52.3450024, 4.829182 52.3445503, 4.8289281 52.3445477, 4.8289139 52.3450293, 4.8285638 52.3450257, 4.8285784 52.3445439, 4.8286996 52.3445452, 4.8287017 52.3444778, 4.8286765 52.3444776, 4.828704 52.3435071, 4.8298414 52.3435196))",way/700738101,,,,,,,data_center,,,,,,,,363100012112975,BAG,2014-03-24,1969,,,,,,,,,,,,,,,,,,,,,,,,,,,,,,,,,,,,,,,,,,,,,,,,,,,,,,,,,,,,,,,,,,,,,,,,,,,,,,,,
"POLYGON ((4.9388806 52.3029953, 4.9387395 52.302947, 4.9387315 52.3029558, 4.938499 52.3028759, 4.9385176 52.3028557, 4.9381483 52.3027288, 4.9384282 52.3024228, 4.9390421 52.3026361, 4.9390858 52.3026476, 4.939173 52.3026789, 4.9388932 52.3029847, 4.938891 52.302984, 4.9388806 52.3029953))",way/776593777,,,,,,,data_center,,,,,,,,0363100012250803,BAG,2021-08-08,2020,,,,,,,,,,,,,,,,,,,,,,,,,,,,,,,,,,,,,,,,,,,,,,,,,,,,,,,,,,,,,,,,,,,,,,,,,,,,,,,,
"POLYGON ((4.8871336 52.3427502, 4.8871453 52.3427518, 4.8871517 52.342758, 4.8871491 52.3427651, 4.887139 52.342769, 4.8871273 52.3427674, 4.8871209 52.3427612, 4.8871236 52.3427541, 4.8871336 52.3427502))",way/807204799,,,,,,,,16,,tower,,,,,,,,,,,,,,,,,,,chimney,,,,,,,,,,,,,,,,chimney,,,,,,metal,5,,metal,,,,,,,,,,,,,,,,,,,,,,,,,,,,,,,,,,,,,,,,,,,,
"POLYGON ((4.8863765 52.3363078, 4.8863765 52.3363037, 4.8863768 52.3362549, 4.8868495 52.3362565, 4.8868494 52.3362903, 4.8868843 52.3362903, 4.8869404 52.3362904, 4.8869993 52.3362905, 4.8870079 52.3362906, 4.8870079 52.3362922, 4.8870079 52.3363045, 4.8870072 52.3364904, 4.8870072 52.3365044, 4.8870071 52.3365218, 4.8872458 52.336522, 4.8874889 52.3365213, 4.8874893 52.3365249, 4.8874892 52.3365282, 4.8874887 52.3365998, 4.8874879 52.3366972, 4.8874869 52.3368229, 4.8874864 52.3368765, 4.8863849 52.3368748, 4.8863857 52.3367715, 4.8863875 52.336521, 4.8864661 52.3365211, 4.8864644 52.3364712, 4.8863869 52.3364721, 4.886387 52.3364671, 4.886388 52.3363079, 4.8863765 52.3363078))",way/883367894,,,,,,,yes,,,,,,,,363100012117970,BAG,2020-12-10,1967,,,,,,,,,,,,,,,,data_center,,,,,,,,,,,,,,,,,,,,,,,,,,,,,,,,,,,,,,,,,,,,,,,,,,,,,,,,,,,,,,,,
"POLYGON ((4.8390076 52.397207, 4.8389138 52.3972373, 4.8387659 52.3970651, 4.8387745 52.3970624, 4.838796 52.3970555, 4.8388075 52.3970688, 4.8388023 52.3970719, 4.8387994 52.3970758, 4.8387989 52.3970801, 4.838801 52.3970843, 4.8388054 52.3970877, 4.8388115 52.3970899, 4.8388185 52.3970906, 4.8388254 52.3970898, 4.838928 52.3972092, 4.838992 52.3971888, 4.8390076 52.397207))",way/891596749,,Amsterdam,2F,1042AB,Gyroscoopweg,,data_center,,2,,Equinix AM8,,,,363100012094936,BAG,2014-02-11,2002,,,,,,,,,,,,,Equinix,,Q851641,data_center,,,,,,,,,,,,,,,en:Equinix,,,,,,,,,,,,,,,,,,,,,,,,,,,,,,,,,,,,,,,,,,,,,,,,,
"POLYGON ((4.842273 52.399622, 4.8425583 52.3995307, 4.8427221 52.3997214, 4.8426104 52.3997571, 4.8426987 52.3998598, 4.8426747 52.3998675, 4.8425553 52.3999057, 4.8425251 52.3999153, 4.8423752 52.3999633, 4.8423392 52.3999748, 4.8422524 52.3998738, 4.8421578 52.399904, 4.8419925 52.3997117, 4.842273 52.399622))",way/893800401,,Amsterdam,58-60,1042AC,Gyroscoopweg,,,,,,Interxion AMS1 - AMS4,,,,,,,,,,,,,,AMS1; AMS2; AMS4,,,,,,Interxion,,,data_center,,,,,,,,company,,,yes,,,,,,,,,,,,,,,,,,,,,,,,,,,,,,,,,,,,,,,,,,,,,,,,,,,,,
"POLYGON ((4.8429138 52.400428, 4.8431246 52.4003602, 4.8432252 52.4004766, 4.8433287 52.4005964, 4.843426 52.4007089, 4.8435269 52.4008256, 4.8432422 52.4009172, 4.8432293 52.4009214, 4.8432279 52.4009199, 4.8432243 52.400921, 4.8432224 52.4009188, 4.8432193 52.4009198, 4.8432121 52.4009115, 4.8432047 52.400903, 4.8431979 52.4008951, 4.8431855 52.4008808, 4.8431832 52.400878, 4.8431451 52.400834, 4.8431112 52.4007948, 4.8431071 52.40079, 4.8431038 52.4007862, 4.8431013 52.4007833, 4.843034 52.4007055, 4.8430108 52.4006786, 4.8428908 52.4005398, 4.8428493 52.4004917, 4.8428337 52.4004737, 4.8428294 52.4004687, 4.8428255 52.4004641, 4.8428239 52.4004624, 4.8428272 52.4004614, 4.8428252 52.4004591, 4.8428288 52.400458, 4.842827 52.4004559, 4.8428835 52.4004378, 4.8429138 52.400428))",way/906834712,,,,,,,,,,,Gyro Center,,,,,,,,,,,,,,,,,,,,Gyro Center,,,data_center,,,,,,,,,,,yes,,,,,,,,,,,,,,,,,,,,,,,,,,,,,,,,,,,,,,,,,,,,,,,,,,,,,
"POLYGON ((4.957485 52.2993874, 4.9574546 52.2993766, 4.9574749 52.299358, 4.9575053 52.2993688, 4.957485 52.2993874))",way/1030665841,,,,,,,yes,,,,,"The building has the name PTT in large letters above its door. PTT was the Dutch state-owned enterprise for postal, telegraph and telephone service. It was privatized in 1989 under the name Koninklijke PTT Nederland NV (KPN).",,,,survey,,,,,,,,,,,,,,,KPN,,Q338633,exchange,,,,,,,,,,,,,,,nl:Koninklijke KPN,,,,,,,,,,,,,,,,,,,,,,,,,,,,,,,,,,,,,,,,,,,,,,,,,
"POLYGON ((4.9503328 52.3572078, 4.9503404 52.3572123, 4.9503204 52.3572248, 4.9503035 52.3572354, 4.9502958 52.3572309, 4.9503328 52.3572078))",way/1090189550,,,,,,,data_center,,1,,,,,,0363100012243277,BAG,2021-01-08,2021,,,,,,,,,,,,,,,,,,,,,,,,,,,,,,,,,,,,,,,,,,,,,,,,,,,,,,,,,,,,,,,,,,,,,,,,,,,,,,,,
"POLYGON ((4.960662 52.3545768, 4.9608532 52.354344, 4.9608756 52.3543573, 4.9606868 52.3545916, 4.960662 52.3545768))",way/1093524141,,Amsterdam,610,1098XH,Science Park,,data_center,,2,,Equinix,,,,363100012238998,BAG,2017-03-24,2015,,https://www.equinix.nl/data-centers/europe-colocation/netherlands-colocation/amsterdam-data-centers/am3,,,,,AM3,,,,,,Equinix,,Q851641,data_center,,,,,,,,company,,,,,,,en:Equinix,,,,,,,,,,,,,,,,,,,,,,,,,,,,,,,,,,,,,,,,,,,,,,,,,
"POLYGON ((4.9611337 52.3544491, 4.9616736 52.3541117, 4.9618347 52.3542079, 4.9612949 52.3545453, 4.9611337 52.3544491))",way/1093524157,,Amsterdam,610,1098XH,Science Park,,data_center,,1,,Equinix AM3,,,,363100012238998,BAG,2017-03-24,2015,,https://www.equinix.nl/data-centers/europe-colocation/netherlands-colocation/amsterdam-data-centers/am3,,,,,AM3,,,,,,Equinix,,Q851641,data_center,,,,,,,,company,,,,,,6,en:Equinix,flat,,,,,,,,,,,,,,,,,,,,,,,,,,,,,,,,,,,,,,,,,,,,,,,,
"POLYGON ((4.9610756 52.3548929, 4.9612686 52.3547721, 4.9615516 52.3549409, 4.9613585 52.3550617, 4.9610756 52.3548929))",way/1093524163,,Amsterdam,610,1098XH,Science Park,,data_center,,,,Equinix AM3,,,,363100012238998,BAG,2017-03-24,2015,,https://www.equinix.nl/data-centers/europe-colocation/netherlands-colocation/amsterdam-data-centers/am3,,,,,AM3,,,,,,Equinix,,Q851641,data_center,,,,,,,,company,,,,,,,en:Equinix,,,,,,,,,,,,,,,,,,,,,,,,,,,,,,,,,,,,,,,,,,,,,,,,,
"POLYGON ((4.9607062 52.3548343, 4.9606056 52.3547742, 4.9607433 52.3546882, 4.9607657 52.3546742, 4.9607947 52.3546561, 4.9606868 52.3545916, 4.960662 52.3545768, 4.9605004 52.3544804, 4.9605978 52.3544195, 4.9609928 52.3546552, 4.9609547 52.354679, 4.9607625 52.3547991, 4.9607062 52.3548343))",way/1093524165,,Amsterdam,610,1098XH,Science Park,,data_center,,1,,Equinix AM3,,,,363100012238998,BAG,2017-03-24,2015,,https://www.equinix.nl/data-centers/europe-colocation/netherlands-colocation/amsterdam-data-centers/am3,,,,,AM3,,,,,,Equinix,,Q851641,data_center,,,,,,,,company,,,,,,3,en:Equinix,flat,,,,,,,,,,,,,,,,,,,,,,,,,,,,,,,,,,,,,,,,,,,,,,,,
"POLYGON ((4.9609726 52.3547488, 4.9609502 52.3547628, 4.9607433 52.3546882, 4.9607657 52.3546742, 4.9609726 52.3547488))",way/1093524166,,Amsterdam,610,1098XH,Science Park,,data_center,,2,,Equinix,,,,363100012238998,BAG,2017-03-24,2015,,https://www.equinix.nl/data-centers/europe-colocation/netherlands-colocation/amsterdam-data-centers/am3,,,,,AM3,,,,,,Equinix,,Q851641,data_center,,,,,,,,company,,,,,,,en:Equinix,,,,,,,,,,,,,,,,,,,,,,,,,,,,,,,,,,,,,,,,,,,,,,,,,
"POLYGON ((4.9607947 52.3546561, 4.9607657 52.3546742, 4.9607433 52.3546882, 4.9606056 52.3547742, 4.9607062 52.3548343, 4.9606977 52.3548396, 4.960692 52.3548431, 4.960282 52.3545984, 4.9604854 52.3544714, 4.9604887 52.3544734, 4.9604917 52.3544752, 4.9605004 52.3544804, 4.960662 52.3545768, 4.9606868 52.3545916, 4.9607947 52.3546561))",way/1093524167,,Amsterdam,610,1098XH,Science Park,,data_center,,1,,Equinix AM3,,,,363100012238998,BAG,2017-03-24,2015,,https://www.equinix.nl/data-centers/europe-colocation/netherlands-colocation/amsterdam-data-centers/am3,,,,,AM3,,,,,,Equinix,,Q851641,data_center,,,,,,,,company,,,,,,6,en:Equinix,flat,,,,,,,,,,,,,,,,,,,,,,,,,,,,,,,,,,,,,,,,,,,,,,,,
"POLYGON ((4.8176388 52.3776228, 4.8178293 52.3776492, 4.8178545 52.3776528, 4.8177593 52.3778997, 4.8175186 52.377865, 4.8176136 52.3776191, 4.8176388 52.3776228))",way/1102827706,,Amsterdam,19,1064KC,Van Moerkerkenstraat,,yes,,,,Amsterdam-Slotermeer,,,,363100012088495,BAG,2014-03-24,1956,,,,,,,,,,,,,KPN,,Q338633,exchange,,,,,,,,,Asd-Slom,,,,,,,,,,,,2007,,,,,,,,,,,,,,,,,,,,,,,,,,,,,,,,,,,,,,,,,,,
"POLYGON ((4.9393198 52.3021217, 4.9395976 52.3022154, 4.9395479 52.3022699, 4.9394428 52.3023854, 4.9391973 52.3026555, 4.9391045 52.3026242, 4.9390858 52.3026476, 4.9390421 52.3026361, 4.9390644 52.3026116, 4.9384491 52.3023985, 4.9387301 52.3020905, 4.9391966 52.3022529, 4.9393198 52.3021217))",way/1220520621,,,,,,,data_center,,,,,,,,,,,,,,,,,,,,,,,,,,,,,,,,,,,,,,,,,,,,,,,,,,,,,,,,,,,,,,,,,,,,,,,,,,,,,,,,,,,,,,,,,,,
"POLYGON ((4.9507538 52.3564372, 4.9503036 52.3561662, 4.950329 52.3561505, 4.950462 52.3560681, 4.9506789 52.3561987, 4.9508471 52.3560975, 4.9510777 52.3562366, 4.9507538 52.3564372))",way/1323444996,,,,,,,yes,,1,,NIKHEF Amsterdam,,,,,,,,,https://www.nikhef.nl/housing/,,,,,,,,,,,NIKHEF,,,data_center,,,,,,,,,,,,,,,,,,,,,,,,,,,,,,,,,,,,,,,,,,,,,,,,,,,,,,,,,,,,,,,,
"POLYGON ((4.8389102 52.3963391, 4.8389571 52.396324, 4.8390156 52.396305, 4.8393551 52.3967004, 4.8393711 52.396719, 4.839387 52.3967376, 4.8394029 52.3967562, 4.8394189 52.3967747, 4.8394795 52.3968453, 4.839592 52.3969763, 4.8396057 52.3969928, 4.8396198 52.3970092, 4.8396339 52.3970257, 4.839668 52.3970644, 4.8396081 52.3970834, 4.8394702 52.3971285, 4.8394321 52.397141, 4.8393926 52.3971538, 4.8389062 52.3973116, 4.8388769 52.3973172, 4.8388049 52.397331, 4.8381815 52.3966038, 4.8382056 52.3965846, 4.8382273 52.3965705, 4.8382631 52.3965532, 4.8383028 52.396536, 4.8388066 52.3963727, 4.838873 52.3963512, 4.8389102 52.3963391))",way/1346509047,,Amsterdam,2E,1042AB,Gyroscoopweg,,,,,,Equinix Amsterdam AM8,,,,,,,,,,,,,,AM8,,,,,,Equinix,,Q851641,data_center,,,,,,,,,,,,,,,en:Equinix,,,,,,,industrial,,,,,,,,,,,,,,,,,,,,,,,,,,,,,,,,,,,,,,,,,,
"POLYGON ((4.95521 52.3000656, 4.9554213 52.300138, 4.955682 52.3002283, 4.9556305 52.3002845, 4.9557612 52.3003295, 4.9555479 52.3005622, 4.9552776 52.3004694, 4.9549422 52.3003542, 4.9549606 52.300334, 4.9549663 52.3003277, 4.9549094 52.3003082, 4.9551486 52.300045, 4.95521 52.3000656))",way/1346509474,,,,,,,data_center,,,,,,,,363100012137995,BAG,2014-05-07,1978,,,,,,,,,,,,,,,,data_center,,,,,,,,,,,,,,3,,,,,,,,,,,,,,,,,,,,,,,,,,,,,,,,,,,,,,,,,,,,,,,,,,
"POLYGON ((4.8899307 52.3693132, 4.8899171 52.3693454, 4.8898777 52.3693392, 4.8898685 52.3693377, 4.8898821 52.3693055, 4.8899307 52.3693132))",way/1425764020,,,,,,,,,,tower,,,,,,,,,,,,,,,,,,freestanding,bell_tower,,,,,,,,,,,,,,,,yes,,,6,,pyramidal,,,,,,,masonry,,,,,,,,,,,,,,,,,,,,,,,,,,,,,,,,,,,,,,,,,
POINT (4.8084362 52.3341197),node/289244686,,,,,,,,,,tower,,,,,,,,,,,,,,,,"Communication tower Airtraffic Control Netherlands, Lucht Verkeersleiding Nederland",,,communication,,LVN,,,,,,,,,,,,,,,,,,,,,,,,,,,,,,,,,,,,,,,,,,,,,,,,,,,,,,,,,,,,,,,,,,,
POINT (4.855708 52.3391569),node/295842462,,Amsterdam,,,Burgerweeshuispad,,,,,tower,Tripolis 300,From May 2010: Stadsdeelkantoor Zuid (temporary secondary location) (tijdelijke nevenvestiging).,,,,,,,,,,,,,,,,,,NL,,,,,,,,,,,,,,,,,,,,,,,,,,,,,,,,,,,,,,,,,,,,,,,,,,,,,,,,,,,,,,,,,,,,
POINT (4.8915534 52.3673568),node/432862174,,Amsterdam,457,1012WP,Singel,,,,,tower,Blue Amsterdam,,,+31 20 427 3901,,,,,,https://www.blue-amsterdam.nl,yes,,,,,,,,,,,,,,,cafe,,,,,,,,,,,,,,,,,,,,,,3,"Mo-We,Fr-Sa 10:00-18:30; Th 10:00-20:00; Su 11:00-18:30",,,,,,,,,,,,,,,,,,,,,,,,,,,,,,,,,,,,,,,
POINT (5.0139123 52.308904),node/599587763,,,,,,,,25,,tower,,,,,,,,,,,,,,,,,,,communication,,,,,,,,,,,,,,,,,,,,,,,,,,,,,,,UMTS,,,,,,,,,,,,,,,,,,,,,,,,,,,,,,,,,,,,,,
POINT (5.013911 52.3089049),node/599587766,,,,,,,,31,,tower,,,,,,,,,,,,,,,,,,,communication,,,,,,,,,,,,,,,,,,,,,,,,,,,,,,,GSM 900,,,,,,,,,,,,,,,,,,,,,,,,,,,,,,,,,,,,,,
POINT (4.9969758 52.3169655),node/599587767,,,,,,,,20,,tower,,,,,,,,,,,,,,,,,,,communication,,,,,,,,,,,,,,,,,,,,,,,,,,,,,,,GSM 900,,,,,,,,,,,,,,,,,,,,,,,,,,,,,,,,,,,,,,
POINT (4.9962239 52.3157407),node/599587768,,,,,,,,14,,tower,,,,,,,,,,,,,,,,,,,communication,,,,,,,,,,,,,,,,,,,,,,,,,,,,,,,GSM 900,,,,,,,,,,,,,,,,,,,,,,,,,,,,,,,,,,,,,,
POINT (4.99039 52.2957055),node/599587769,,,,,,,,16,,tower,,,,,,,,,,,,,,,,,,,communication,,,,,,,,,,,,,,,,,,,,,,,,,,,,,,,GSM 900,,,,,,,,,,,,,,,,,,,,,,,,,,,,,,,,,,,,,,
POINT (4.9856814 52.2976669),node/599587773,,,,,,,,22,,tower,,,,,,,,,,,,,,,,,,,communication,,,,,,,,,,,,,,,,,,,,,,,,,,,,,,,UMTS,,,,,,,,,,,,,,,,,,,,,,,,,,,,,,,,,,,,,,
POINT (4.9856814 52.2976669),node/599587774,,,,,,,,21,,tower,,,,,,,,,,,,,,,,,,,communication,,,,,,,,,,,,,,,,,,,,,,,,,,,,,,,GSM 900,,,,,,,,,,,,,,,,,,,,,,,,,,,,,,,,,,,,,,
POINT (4.9856814 52.2976669),node/599587776,,,,,,,,21,,tower,,,,,,,,,,,,,,,,,,,communication,,,,,,,,,,,,,,,,,,,,,,,,,,,,,,,GSM 1800,,,,,,,,,,,,,,,,,,,,,,,,,,,,,,,,,,,,,,
POINT (4.9834428 52.3104521),node/599587777,,,,,,,,35,,tower,,,,,,,,,,,,,,,,,,,communication,,,,,,,,,,,,,,,,,,,,,,,,,,,,,,,UMTS,,,,,,,,,,,,,,,,,,,,,,,,,,,,,,,,,,,,,,
POINT (4.9832489 52.310392),node/599587778,,,,,,,,32,,tower,,,,,,,,,,,,,,,,,,,communication,,,,,,,,,,,,,,,,,,,,,,,,,,,,,,,GSM 900,,,,,,,,,,,,,,,,,,,,,,,,,,,,,,,,,,,,,,
POINT (4.980093 52.318814),node/599587779,,,,,,,,35,,tower,,,,,,,,,,,,,,,,,,,communication,,,,,,,,,,,,,,,,,,,,,,,,,,,,,,,GSM 1800,,,,,,,,,,,,,,,,,,,,,,,,,,,,,,,,,,,,,,
POINT (4.9800056 52.3187508),node/599587780,,,,,,,,36,,tower,,,,,,,,,,,,,,,,,,,communication,,,,,,,,,,,,,,,,,,,,,,,,,,,,,,,GSM 900,,,,,,,,,,,,,,,,,,,,,,,,,,,,,,,,,,,,,,
POINT (4.9800056 52.3187508),node/599587781,,,,,,,,36,,tower,,,,,,,,,,,,,,,,,,,communication,,,,,,,,,,,,,,,,,,,,,,,,,,,,,,,GSM 1800,,,,,,,,,,,,,,,,,,,,,,,,,,,,,,,,,,,,,,
POINT (4.9789767 52.309418),node/599587782,,,,,,,,30,,tower,,,,,,,,,,,,,,,,,,,communication,,,,,,,,,,,,,,,,,,,,,,,,,,,,,,,UMTS,,,,,,,,,,,,,,,,,,,,,,,,,,,,,,,,,,,,,,
POINT (4.9789767 52.309418),node/599587783,,,,,,,,32,,tower,,,,,,,,,,,,,,,,,,,communication,,,,,,,,,,,,,,,,,,,,,,,,,,,,,,,GSM 900,,,,,,,,,,,,,,,,,,,,,,,,,,,,,,,,,,,,,,
POINT (4.9783775 52.3187632),node/599587784,,,,,,,,39,,tower,,,,,,,,,,,,,,,,,,,communication,,,,,,,,,,,,,,,,,,,,,,,,,,,,,,,UMTS,,,,,,,,,,,,,,,,,,,,,,,,,,,,,,,,,,,,,,
POINT (4.9783775 52.3187632),node/599587785,,,,,,,,36,,tower,,,,,,,,,,,,,,,,,,,communication,,,,,,,,,,,,,,,,,,,,,,,,,,,,,,,GSM 900,,,,,,,,,,,,,,,,,,,,,,,,,,,,,,,,,,,,,,
POINT (4.9764636 52.2957478),node/599587786,,,,,,,,24,,tower,,,,,,,,,,,,,,,,,,,communication,,,,,,,,,,,,,,,,,,,,,,,,,,,,,,,UMTS,,,,,,,,,,,,,,,,,,,,,,,,,,,,,,,,,,,,,,
POINT (4.9764636 52.2957478),node/599587792,,,,,,,,21,,tower,,,,,,,,,,,,,,,,,,,communication,,,,,,,,,,,,,,,,,,,,,,,,,,,,,,,GSM 900,,,,,,,,,,,,,,,,,,,,,,,,,,,,,,,,,,,,,,
POINT (4.9764636 52.2957478),node/599587794,,,,,,,,21,,tower,,,,,,,,,,,,,,,,,,,communication,,,,,,,,,,,,,,,,,,,,,,,,,,,,,,,GSM 1800,,,,,,,,,,,,,,,,,,,,,,,,,,,,,,,,,,,,,,
POINT (4.9764291 52.2963049),node/599587799,,,,,,,,23,,tower,,,,,,,,,,,,,,,,,,,communication,,,,,,,,,,,,,,,,,,,,,,,,,,,,,,,UMTS,,,,,,,,,,,,,,,,,,,,,,,,,,,,,,,,,,,,,,
POINT (4.9764291 52.2963049),node/599587800,,,,,,,,23,,tower,,,,,,,,,,,,,,,,,,,communication,,,,,,,,,,,,,,,,,,,,,,,,,,,,,,,GSM 900,,,,,,,,,,,,,,,,,,,,,,,,,,,,,,,,,,,,,,
POINT (4.9764291 52.2963049),node/599587801,,,,,,,,23,,tower,,,,,,,,,,,,,,,,,,,communication,,,,,,,,,,,,,,,,,,,,,,,,,,,,,,,GSM 1800,,,,,,,,,,,,,,,,,,,,,,,,,,,,,,,,,,,,,,
POINT (4.9760297 52.2951172),node/599587808,,,,,,,,24,,tower,,,,,,,,,,,,,,,,,,,communication,,,,,,,,,,,,,,,,,,,,,,,,,,,,,,,UMTS,,,,,,,,,,,,,,,,,,,,,,,,,,,,,,,,,,,,,,
POINT (4.9760297 52.2951172),node/599587809,,,,,,,,22,,tower,,,,,,,,,,,,,,,,,,,communication,,,,,,,,,,,,,,,,,,,,,,,,,,,,,,,GSM 900,,,,,,,,,,,,,,,,,,,,,,,,,,,,,,,,,,,,,,
POINT (4.9760297 52.2951172),node/599587810,,,,,,,,22,,tower,,,,,,,,,,,,,,,,,,,communication,,,,,,,,,,,,,,,,,,,,,,,,,,,,,,,GSM 1800,,,,,,,,,,,,,,,,,,,,,,,,,,,,,,,,,,,,,,
POINT (4.9754718 52.3157871),node/599587812,,,,,,,,34,,tower,,,,,,,,,,,,,,,,,,,communication,,,,,,,,,,,,,,,,,,,,,,,,,,,,,,,GSM 900,,,,,,,,,,,,,,,,,,,,,,,,,,,,,,,,,,,,,,
POINT (4.9697988 52.3203453),node/599587890,,,,,,,,35,,tower,,,,,,,,,,,,,,,,,,,communication,,,,,,,,,,,,,,,,,,,,,,,,,,,,,,,UMTS,,,,,,,,,,,,,,,,,,,,,,,,,,,,,,,,,,,,,,
POINT (4.9697773 52.3203739),node/599587908,,,,,,,,36,,tower,,,,,,,,,,,,,,,,,,,communication,,,,,,,,,,,,,,,,,,,,,,,,,,,,,,,GSM 900,,,,,,,,,,,,,,,,,,,,,,,,,,,,,,,,,,,,,,
POINT (4.9697827 52.3203509),node/599587922,,,,,,,,36,,tower,,,,,,,,,,,,,,,,,,,communication,,,,,,,,,,,,,,,,,,,,,,,,,,,,,,,GSM 1800,,,,,,,,,,,,,,,,,,,,,,,,,,,,,,,,,,,,,,
POINT (4.9605221 52.3072159),node/599587941,,,,,,,,4,,tower,,,,,,,,,,,,,,,,,,,communication,,,,,,,,,,,,,,,,,,,,,,,,,,,,,,,UMTS,,,,,,,,,,,,,,,,,,,,,,,,,,,,,,,,,,,,,,
POINT (4.9599711 52.2943502),node/599587947,,,,,,,,29,,tower,,,,,,,,,,,,,,,,,,,communication,,,,,,,,,,,,,,,,,,,,,,,,,,,,,,,UMTS,,,,,,,,,,,,,,,,,,,,,,,,,,,,,,,,,,,,,,
POINT (4.9599711 52.2943502),node/599587955,,,,,,,,26,,tower,,,,,,,,,,,,,,,,,,,communication,,,,,,,,,,,,,,,,,,,,,,,,,,,,,,,GSM 900,,,,,,,,,,,,,,,,,,,,,,,,,,,,,,,,,,,,,,
POINT (4.9597949 52.306573),node/599587959,,,,,,,,39,,tower,,,,,,,,,,,,,,,,,,,communication,,,,,,,,,,,,,,,,,,,,,,,,,,,,,,,GSM 1800,,,,,,,,,,,,,,,,,,,,,,,,,,,,,,,,,,,,,,
POINT (4.9588817 52.2948316),node/599587960,,,,,,,,46,,tower,,,,,,,,,,,,,,,,,,,communication,,,,,,,,,,,,,,,,,,,,,,,,,,,,,,,UMTS,,,,,,,,,,,,,,,,,,,,,,,,,,,,,,,,,,,,,,
POINT (4.9577056 52.3183823),node/599587961,,,,,,,,32,,tower,,,,,,,,,,,,,,,,,,,communication,,,,,,,,,,,,,,,,,,,,,,,,,,,,,,,UMTS,,,,,,,,,,,,,,,,,,,,,,,,,,,,,,,,,,,,,,
POINT (4.9577135 52.318376),node/599587962,,,,,,,,30,,tower,,,,,,,,,,,,,,,,,,,communication,,,,,,,,,,,,,,,,,,,,,,,,,,,,,,,GSM 900,,,,,,,,,,,,,,,,,,,,,,,,,,,,,,,,,,,,,,
POINT (4.9577014 52.3183753),node/599587963,,,,,,,,30,,tower,,,,,,,,,,,,,,,,,,,communication,,,,,,,,,,,,,,,,,,,,,,,,,,,,,,,GSM 1800,,,,,,,,,,,,,,,,,,,,,,,,,,,,,,,,,,,,,,
POINT (4.9564464 52.3116749),node/599587966,,,,,,,,35,,tower,,,,,,,,,,,,,,,,,,,communication,,,,,,,,,,,,,,,,,,,,,,,,,,,,,,,UMTS,,,,,,,,,,,,,,,,,,,,,,,,,,,,,,,,,,,,,,
POINT (4.9565117 52.3049343),node/599587967,,,,,,,,38,,tower,,,,,,,,,,,,,,,,,,,communication,,,,,,,,,,,,,,,,,,,,,,,,,,,,,,,UMTS,,,,,,,,,,,,,,,,,,,,,,,,,,,,,,,,,,,,,,
POINT (4.9565117 52.3049343),node/599587968,,,,,,,,34,,tower,,,,,,,,,,,,,,,,,,,communication,,,,,,,,,,,,,,,,,,,,,,,,,,,,,,,GSM 900,,,,,,,,,,,,,,,,,,,,,,,,,,,,,,,,,,,,,,
POINT (4.9565117 52.3049343),node/599587969,,,,,,,,34,,tower,,,,,,,,,,,,,,,,,,,communication,,,,,,,,,,,,,,,,,,,,,,,,,,,,,,,GSM 1800,,,,,,,,,,,,,,,,,,,,,,,,,,,,,,,,,,,,,,
POINT (4.9562498 52.294148),node/599587970,,,,,,,,24,,tower,,,,,,,,,,,,,,,,,,,communication,,,,,,,,,,,,,,,,,,,,,,,,,,,,,,,GSM 900,,,,,,,,,,,,,,,,,,,,,,,,,,,,,,,,,,,,,,
POINT (4.9520866 52.3147119),node/599587971,,,,,,,,26,,tower,,,,,,,,,,,,,,,,,,,communication,,,,,,,,,,,,,,,,,,,,,,,,,,,,,,,GSM 1800,,,,,,,,,,,,,,,,,,,,,,,,,,,,,,,,,,,,,,
POINT (4.9504133 52.3208266),node/599587972,,,,,,,,35,,tower,,,,,,,,,,,,,,,,,,,communication,,,,,,,,,,,,,,,,,,,,,,,,,,,,,,,GSM 1800,,,,,,,,,,,,,,,,,,,,,,,,,,,,,,,,,,,,,,
POINT (4.9505765 52.3046429),node/599587974,,,,,,,,34,,tower,,,,,,,,,,,,,,,,,,,communication,,,,,,,,,,,,,,,,,,,,,,,,,,,,,,,UMTS,,,,,,,,,,,,,,,,,,,,,,,,,,,,,,,,,,,,,,
POINT (4.9463586 52.3012119),node/599587975,,,,,,,,40,,tower,,,,,,,,,,,,,,,,,,,communication,,,,,,,,,,,,,,,,,,,,,,,,,,,,,,,UMTS,,,,,,,,,,,,,,,,,,,,,,,,,,,,,,,,,,,,,,
POINT (4.9463586 52.3012119),node/599587976,,,,,,,,37,,tower,,,,,,,,,,,,,,,,,,,communication,,,,,,,,,,,,,,,,,,,,,,,,,,,,,,,GSM 900,,,,,,,,,,,,,,,,,,,,,,,,,,,,,,,,,,,,,,
POINT (4.9463586 52.3012119),node/599587977,,,,,,,,37,,tower,,,,,,,,,,,,,,,,,,,communication,,,,,,,,,,,,,,,,,,,,,,,,,,,,,,,GSM 1800,UMTS,GSM 900,LTE,,,,,,,,,,,,,,,,,,,,,,,,,,,,,,,,,,,
POINT (4.9454781 52.3247045),node/599587978,,,,,,,,18,,tower,,,,,,,,,,,,,,,,,,,communication,,,,,,,,,,,,,,,,,,,,,,,,,,,,,,,GSM 900,,,,,,,,,,,,,,,,,,,,,,,,,,,,,,,,,,,,,,
POINT (4.9454507 52.3247026),node/599587979,,,,,,,,18,,tower,,,,,,,,,,,,,,,,,,,communication,,,,,,,,,,,,,,,,,,,,,,,,,,,,,,,GSM 1800,,,,,,,,,,,,,,,,,,,,,,,,,,,,,,,,,,,,,,
POINT (4.9451178 52.308038),node/599587980,,,,,,,,32,,tower,,,,,,,,,,,,,,,,,,,communication,,,,,,,,,,,,,,,,,,,,,,,,,,,,,,,GSM 1800,,,,,,,,,,,,,,,,,,,,,,,,,,,,,,,,,,,,,,
POINT (4.9452161 52.2981518),node/599587981,,,,,,,,23,,tower,,,,,,,,,,,,,,,,,,,communication,,,,,,,,,,,,,,,,,,,,,,,,,,,,,,,GSM 900,,,,,,,,,,,,,,,,,,,,,,,,,,,,,,,,,,,,,,
POINT (4.945207 52.2981511),node/599587982,,,,,,,,23,,tower,,,,,,,,,,,,,,,,,,,communication,,,,,,,,,,,,,,,,,,,,,,,,,,,,,,,GSM 1800,,,,,,,,,,,,,,,,,,,,,,,,,,,,,,,,,,,,,,
POINT (4.9436775 52.3245341),node/599587983,,,,,,,,18,,tower,,,,,,,,,,,,,,,,,,,communication,,,,,,,,,,,,,,,,,,,,,,,,,,,,,,,UMTS,,,,,,,,,,,,,,,,,,,,,,,,,,,,,,,,,,,,,,
POINT (4.9430047 52.2994018),node/599587986,,,,,,,,33,,tower,,,,,,,,,,,,,,,,,,,communication,,,,,,,,,,,,,,,,,,,,,,,,,,,,,,,GSM 900,,,,,,,,,,,,,,,,,,,,,,,,,,,,,,,,,,,,,,
POINT (4.9430047 52.2994018),node/599587987,,,,,,,,33,,tower,,,,,,,,,,,,,,,,,,,communication,,,,,,,,,,,,,,,,,,,,,,,,,,,,,,,GSM 1800,,,,,,,,,,,,,,,,,,,,,,,,,,,,,,,,,,,,,,
POINT (4.9393772 52.3000352),node/599588082,,,,,,,,23,,tower,,,,,,,,,,,,,,,,,,,communication,,,,,,,,,,,,,,,,,,,,,,,,,,,,,,,GSM 1800,,,,,,,,,,,,,,,,,,,,,,,,,,,,,,,,,,,,,,
POINT (4.9376164 52.3045404),node/599588084,,,,,,,,17,,tower,,,,,,,,,,,,,,,,,,,communication,,,,,,,,,,,,,,,,,,,,,,,,,,,,,,,UMTS,,,,,,,,,,,,,,,,,,,,,,,,,,,,,,,,,,,,,,
POINT (4.9358097 52.3079201),node/599588085,,,,,,,,17,,tower,,,,,,,,,,,,,,,,,,,communication,,,,,,,,,,,,,,,,,,,,,,,,,,,,,,,UMTS,,,,,,,,,,,,,,,,,,,,,,,,,,,,,,,,,,,,,,
POINT (4.9358375 52.3021249),node/599588086,,,,,,,,21,,tower,,,,,,,,,,,,,,,,,,,communication,,,,,,,,,,,,,,,,,,,,,,,,,,,,,,,UMTS,,,,,,,,,,,,,,,,,,,,,,,,,,,,,,,,,,,,,,
POINT (4.9358375 52.3021249),node/599588087,,,,,,,,16,,tower,,,,,,,,,,,,,,,,,,,communication,,,,,,,,,,,,,,,,,,,,,,,,,,,,,,,GSM 900,,,,,,,,,,,,,,,,,,,,,,,,,,,,,,,,,,,,,,
POINT (4.9358375 52.3021249),node/599588088,,,,,,,,21,,tower,,,,,,,,,,,,,,,,,,,communication,,,,,,,,,,,,,,,,,,,,,,,,,,,,,,,GSM 1800,,,,,,,,,,,,,,,,,,,,,,,,,,,,,,,,,,,,,,
POINT (4.9315375 52.3096941),node/599588092,,,,,,,,24,,tower,,,,,,,,,,,,,,,,,,,communication,,,,,,,,,,,,,,,,,,,,,,,,,,,,,,,UMTS,,,,,,,,,,,,,,,,,,,,,,,,,,,,,,,,,,,,,,
POINT (4.9315375 52.3096941),node/599588093,,,,,,,,23,,tower,,,,,,,,,,,,,,,,,,,communication,,,,,,,,,,,,,,,,,,,,,,,,,,,,,,,GSM 900,,,,,,,,,,,,,,,,,,,,,,,,,,,,,,,,,,,,,,
POINT (4.9315375 52.3096941),node/599588094,,,,,,,,23,,tower,,,,,,,,,,,,,,,,,,,communication,,,,,,,,,,,,,,,,,,,,,,,,,,,,,,,GSM 1800,,,,,,,,,,,,,,,,,,,,,,,,,,,,,,,,,,,,,,
POINT (4.9122458 52.3443741),node/599588110,,,,,,,,44,,tower,,,,,,,,,,,,,,,,,,,communication,,,,,,,,,,,,,,,,,,,,,,,,,,,,,,,UMTS,,,,,,,,,,,,,,,,,,,,,,,,,,,,,,,,,,,,,,
POINT (4.9122913 52.344376),node/599588134,,,,,,,,40,,tower,,,,,,,,,,,,,,,,,,,communication,,,,,,,,,,,,,,,,,,,,,,,,,,,,,,,GSM 900,,,,,,,,,,,,,,,,,,,,,,,,,,,,,,,,,,,,,,
POINT (4.9122655 52.3443741),node/599588135,,,,,,,,40,,tower,,,,,,,,,,,,,,,,,,,communication,,,,,,,,,,,,,,,,,,,,,,,,,,,,,,,GSM 1800,,,,,,,,,,,,,,,,,,,,,,,,,,,,,,,,,,,,,,
POINT (4.9051019 52.3477095),node/599588136,,,,,,,,20,,tower,,,,,,,,,,,,,,,,,,,communication,,,,,,,,,,,,,,,,,,,,,,,,,,,,,,,UMTS,,,,,,,,,,,,,,,,,,,,,,,,,,,,,,,,,,,,,,
POINT (4.9050988 52.3476859),node/599588138,,,,,,,,18,,tower,,,,,,,,,,,,,,,,,,,communication,,,,,,,,,,,,,,,,,,,,,,,,,,,,,,,GSM 900,,,,,,,,,,,,,,,,,,,,,,,,,,,,,,,,,,,,,,
POINT (4.9025194 52.3458894),node/599588139,,,,,,,,46,,tower,,,,,,,,,,,,,,,,,,,communication,,,,,,,,,,,,,,,,,,,,,,,,,,,,,,,GSM 900,,,,,,,,,,,,,,,,,,,,,,,,,,,,,,,,,,,,,,
POINT (4.9025444 52.3459019),node/599588142,,,,,,,,46,,tower,,,,,,,,,,,,,,,,,,,communication,,,,,,,,,,,,,,,,,,,,,,,,,,,,,,,GSM 1800,,,,,,,,,,,,,,,,,,,,,,,,,,,,,,,,,,,,,,
POINT (4.8956428 52.340019),node/599588145,,,,,,,,23;24,,mast,,,,,,,,,,,,,,,,,,,communication,,,,,,,,,,,,,,,,,,,,,,,,,,,,,,,UMTS;GSM 900,,,,,,,,,,,,,,,,,,,,,,,,,,,,,,,,,,,,,,
POINT (4.8820016 52.3266596),node/599588215,,,,,,,,34,,tower,,,,,,,,,,,,,,,,,,,communication,,,,,,,,,,,,,,,,,,,,,,,,,,,,,,,UMTS,,,,,,,,,,,,,,,,,,,,,,,,,,,,,,,,,,,,,,
POINT (4.8820016 52.3266596),node/599588216,,,,,,,,31,,tower,,,,,,,,,,,,,,,,,,,communication,,,,,,,,,,,,,,,,,,,,,,,,,,,,,,,GSM 900,,,,,,,,,,,,,,,,,,,,,,,,,,,,,,,,,,,,,,
POINT (4.8726024 52.3402626),node/599588219,,,,,,,,40,,tower,,,,,,,,,,,,,,,,,,,communication,,,,,,,,,,,,,,,,,,,,,,,,,,,,,,,GSM 900,,,,,,,,,,,,,,,,,,,,,,,,,,,,,,,,,,,,,,
POINT (4.8694065 52.3274231),node/599588221,,,,,,,,30,,tower,,,,,,,,,,,,,,,,,,,communication,,,,,,,,,,,,,,,,,,,,,,,,,,,,,,,UMTS,,,,,,,,,,,,,,,,,,,,,,,,,,,,,,,,,,,,,,
POINT (4.8694065 52.3274231),node/599588222,,,,,,,,27,,tower,,,,,,,,,,,,,,,,,,,communication,,,,,,,,,,,,,,,,,,,,,,,,,,,,,,,GSM 900,,,,,,,,,,,,,,,,,,,,,,,,,,,,,,,,,,,,,,
POINT (4.8687477 52.3431914),node/599588223,,,,,,,,39,,tower,,,,,,,,,,,,,,,,,,,communication,,,,,,,,,,,,,,,,,,,,,,,,,,,,,,,UMTS,,,,,,,,,,,,,,,,,,,,,,,,,,,,,,,,,,,,,,
POINT (4.8687536 52.3431399),node/599588224,,,,,,,,36,,tower,,,,,,,,,,,,,,,,,,,communication,,,,,,,,,,,,,,,,,,,,,,,,,,,,,,,GSM 900,,,,,,,,,,,,,,,,,,,,,,,,,,,,,,,,,,,,,,
POINT (4.8580454 52.324308),node/599588225,,,,,,,,39,,tower,,,,,,,,,,,,,,,,,,,communication,,,,,,,,,,,,,,,,,,,,,,,,,,,,,,,GSM 900,,,,,,,,,,,,,,,,,,,,,,,,,,,,,,,,,,,,,,
POINT (4.9737045 52.3717295),node/599588227,,,,,,,,15,,tower,,,,,,,,,,,,,,,,,,,communication,,,,,,,,,,,,,,,,,,,,,,,,,,,,,,,UMTS,,,,,,,,,,,,,,,,,,,,,,,,,,,,,,,,,,,,,,
POINT (4.9387195 52.3608619),node/599588230,,,,,,,,22,,tower,,,,,,,,,,,,,,,,,,,communication,,,,,,,,,,,,,,,,,,,,,,,,,,,,,,,UMTS,,,,,,,,,,,,,,,,,,,,,,,,,,,,,,,,,,,,,,
POINT (4.9347832 52.3688324),node/599588231,,,,,,,,24,,tower,,,,,,,,,,,,,,,,,,,communication,,,,,,,,,,,,,,,,,,,,,,,,,,,,,,,UMTS,,,,,,,,,,,,,,,,,,,,,,,,,,,,,,,,,,,,,,
POINT (4.9348094 52.3688341),node/599588232,,,,,,,,26,,tower,,,,,,,,,,,,,,,,,,,communication,,,,,,,,,,,,,,,,,,,,,,,,,,,,,,,GSM 900,,,,,,,,,,,,,,,,,,,,,,,,,,,,,,,,,,,,,,
POINT (4.9347859 52.3688082),node/599588233,,,,,,,,26,,tower,,,,,,,,,,,,,,,,,,,communication,,,,,,,,,,,,,,,,,,,,,,,,,,,,,,,GSM 1800,,,,,,,,,,,,,,,,,,,,,,,,,,,,,,,,,,,,,,
POINT (4.8118281 52.3987807),node/599588254,,,,,,,,30,,tower,,,,,,,,,,,,,,,,,,,communication,,,,,,,,,,,,,,,,,,,,,,,,,,,,,,,UMTS,,,,,,,,,,,,,,,,,,,,,,,,,,,,,,,,,,,,,,
POINT (4.8118281 52.3987807),node/599588255,,,,,,,,31,,tower,,,,,,,,,,,,,,,,,,,communication,,,,,,,,,,,,,,,,,,,,,,,,,,,,,,,GSM 900,,,,,,,,,,,,,,,,,,,,,,,,,,,,,,,,,,,,,,
POINT (4.7890918 52.4068469),node/599588256,,,,,,,,35,,tower,,,,,,,,,,,,,,,,,,,communication,,,,,,,,,,,,,,,,,,,,,,,,,,,,,,,UMTS,,,,,,,,,,,,,,,,,,,,,,,,,,,,,,,,,,,,,,
POINT (4.7890918 52.4068469),node/599588257,,,,,,,,37,,tower,,,,,,,,,,,,,,,,,,,communication,,,,,,,,,,,,,,,,,,,,,,,,,,,,,,,GSM 900,,,,,,,,,,,,,,,,,,,,,,,,,,,,,,,,,,,,,,
POINT (4.880458 52.3848038),node/599588261,,,,,,,,27,,tower,,,,,,,,,,,,,,,,,,,communication,,,,,,,,,,,,,,,,,,,,,,,,,,,,,,,GSM 900,,,,,,,,,,,,,,,,,,,,,,,,,,,,,,,,,,,,,,
POINT (4.8725153 52.3730855),node/599588262,,,,,,,,37,,tower,,,,,,,,,,,,,,,,,,,communication,,,,,,,,,,,,,,,,,,,,,,,,,,,,,,,UMTS,,,,,,,,,,,,,,,,,,,,,,,,,,,,,,,,,,,,,,
POINT (4.8725158 52.3730845),node/599588263,,,,,,,,36,,tower,,,,,,,,,,,,,,,,,,,communication,,,,,,,,,,,,,,,,,,,,,,,,,,,,,,,GSM 900,,,,,,,,,,,,,,,,,,,,,,,,,,,,,,,,,,,,,,
POINT (4.872018 52.3790162),node/599588266,,,,,,,,26,,tower,,,,,,,,,,,,,,,,,,,communication,,,,,,,,,,,,,,,,,,,,,,,,,,,,,,,"GSM 900, UMTS",,,,,,,,,,,,,,,,,,,,,,,,,,,,,,,,,,,,,,
POINT (4.864801 52.3804828),node/599588267,,,,,,,,31,,tower,,,,,,,,,,,,,,,,,,,communication,,,,,,,,,,,,,,,,,,,,,,,,,,,,,,,UMTS,,,,,,,,,,,,,,,,,,,,,,,,,,,,,,,,,,,,,,
POINT (4.8647919 52.3805115),node/599588268,,,,,,,,29,,tower,,,,,,,,,,,,,,,,,,,communication,,,,,,,,,,,,,,,,,,,,,,,,,,,,,,,GSM 900,,,,,,,,,,,,,,,,,,,,,,,,,,,,,,,,,,,,,,
POINT (4.8411885 52.3531721),node/599588271,,,,,,,,12,,tower,,,,,,,,,,,,,,,,,,,communication,,,,,,,,,,,,,,,,,,,,,,,,,,,,,,,GSM 900,,,,,,,,,,,,,,,,,,,,,,,,,,,,,,,,,,,,,,
POINT (4.8403825 52.3566467),node/599588272,,,,,,,,2,,tower,,,,,,,,,,,,,,,,,,,communication,,,,,,,,,,,,,,,,,,,,,,,,,,,,,,,GSM 900,,,,,,,,,,,,,,,,,,,,,,,,,,,,,,,,,,,,,,
POINT (4.8392106 52.3588253),node/599588273,,,,,,,,27,,tower,,,,,,,,,,,,,,,,,,,communication,,,,,,,,,,,,,,,,,,,,,,,,,,,,,,,UMTS,,,,,,,,,,,,,,,,,,,,,,,,,,,,,,,,,,,,,,
POINT (4.839214 52.3588253),node/599588277,,,,,,,,27,,tower,,,,,,,,,,,,,,,,,,,communication,,,,,,,,,,,,,,,,,,,,,,,,,,,,,,,GSM 900,,,,,,,,,,,,,,,,,,,,,,,,,,,,,,,,,,,,,,
POINT (4.8375297 52.3511678),node/599588279,,,,,,,,26,,tower,,,,,,,,,,,,,,,,,,,communication,,,,,,,,,,,,,,,,,,,,,,,,,,,,,,,UMTS,,,,,,,,,,,,,,,,,,,,,,,,,,,,,,,,,,,,,,
POINT (4.8375437 52.3511779),node/599588301,,,,,,,,26,,tower,,,,,,,,,,,,,,,,,,,communication,,,,,,,,,,,,,,,,,,,,,,,,,,,,,,,GSM 900,,,,,,,,,,,,,,,,,,,,,,,,,,,,,,,,,,,,,,
POINT (4.8279428 52.3559864),node/599588333,,,,,,,,26,,tower,,,,,,,,,,,,,,,,,,,communication,,,,,,,,,,,,,,,,,,,,,,,,,,,,,,,UMTS,,,,,,,,,,,,,,,,,,,,,,,,,,,,,,,,,,,,,,
POINT (4.8279442 52.3559374),node/599588334,,,,,,,,25,,tower,,,,,,,,,,,,,,,,,,,communication,,,,,,,,,,,,,,,,,,,,,,,,,,,,,,,GSM 900,,,,,,,,,,,,,,,,,,,,,,,,,,,,,,,,,,,,,,
POINT (4.8258125 52.3480131),node/599588336,,,,,,,,48,,tower,,,,,,,,,,,,,,,,,,,communication,,,,,,,,,,,,,,,,,,,,,,,,,,,,,,,UMTS,,,,,,,,,,,,,,,,,,,,,,,,,,,,,,,,,,,,,,
POINT (4.8258221 52.3480275),node/599588337,,,,,,,,37,,tower,,,,,,,,,,,,,,,,,,,communication,,,,,,,,,,,,,,,,,,,,,,,,,,,,,,,GSM 900,,,,,,,,,,,,,,,,,,,,,,,,,,,,,,,,,,,,,,
POINT (4.809241 52.3380108),node/599588340,,,,,,,,29,,tower,,,,,,,,,,,,,,,,,,,communication,,,,,,,,,,,,,,,,,,,,,,,,,,,,,,,GSM 900,,,,,,,,,,,,,,,,,,,,,,,,,,,,,,,,,,,,,,
POINT (4.90265 52.3513994),node/599588343,,,,,,,,19,,tower,,,,,,,,,,,,,,,,,,,communication,,,,,,,,,,,,,,,,,,,,,,,,,,,,,,,UMTS,,,,,,,,,,,,,,,,,,,,,,,,,,,,,,,,,,,,,,
POINT (4.8942095 52.3501692),node/599588344,,,,,,,,23,,mast,,,,,,,,,,,,,,,,,,,communication,,,,,,,,,,,,,,,,,,,,,,,,,,,,,,,GSM 900,,,,,,,,,,,,,,,,,,,,,,,,,,,,,,,,,,,,,,
POINT (4.8923642 52.3577112),node/599588345,,,,,,,,29,,tower,,,,,,,,,,,,,,,,,,,communication,,,,,,,,,,,,,,,,,,,,,,,,,,,,,,,GSM 900,,,,,,,,,,,,,,,,,,,,,,,,,,,,,,,,,,,,,,
POINT (4.8918698 52.3493955),node/599588347,,,,,,,,23,,mast,,,,,,,,,,,,,,,,,,,communication,,,,,,,,,,,,,,,,,,,,,,,,,,,,,,,UMTS,,,,,,,,,,,,,,,,,,,,,,,,,,,,,,,,,,,,,,
POINT (4.8849669 52.3484205),node/599588351,,,,,,,,25,,mast,,,,,,,,,,,,,,,,,,,communication,,,,,,,,,,,,,,,,,,,,,,,,,,,,,,,UMTS,,,,,,,,,,,,,,,,,,,,,,,,,,,,,,,,,,,,,,
POINT (4.8849828 52.3484228),node/599588352,,,,,,,,28,,mast,,,,,,,,,,,,,,,,,,,communication,,,,,,,,,,,,,,,,,,,,,,,,,,,,,,,GSM 900,,,,,,,,,,,,,,,,,,,,,,,,,,,,,,,,,,,,,,
POINT (4.8849643 52.348431),node/599588353,,,,,,,,25,,mast,,,,,,,,,,,,,,,,,,,communication,,,,,,,,,,,,,,,,,,,,,,,,,,,,,,,GSM 1800,,,,,,,,,,,,,,,,,,,,,,,,,,,,,,,,,,,,,,
POINT (4.8837062 52.35745),node/599588354,,,,,,,,22,,tower,,,,,,,,,,,,,,,,,,,communication,,,,,,,,,,,,,,,,,,,,,,,,,,,,,,,UMTS,,,,,,,,,,,,,,,,,,,,,,,,,,,,,,,,,,,,,,
POINT (4.8837267 52.3574495),node/599588357,,,,,,,,22,,tower,,,,,,,,,,,,,,,,,,,communication,,,,,,,,,,,,,,,,,,,,,,,,,,,,,,,GSM 1800,,,,,,,,,,,,,,,,,,,,,,,,,,,,,,,,,,,,,,
POINT (4.8775523 52.3568407),node/599588360,,,,,,,,22,,tower,,,,,,,,,,,,,,,,,,,communication,,,,,,,,,,,,,,,,,,,,,,,,,,,,,,,UMTS,,,,,,,,,,,,,,,,,,,,,,,,,,,,,,,,,,,,,,
POINT (4.8775479 52.3568395),node/599588361,,,,,,,,21,,tower,,,,,,,,,,,,,,,,,,,communication,,,,,,,,,,,,,,,,,,,,,,,,,,,,,,,GSM 900,,,,,,,,,,,,,,,,,,,,,,,,,,,,,,,,,,,,,,
POINT (4.8710576 52.3469248),node/599588362,,,,,,,,24,,tower,,,,,,,,,,,,,,,,,,,communication,,,,,,,,,,,,,,,,,,,,,,,,,,,,,,,UMTS,,,,,,,,,,,,,,,,,,,,,,,,,,,,,,,,,,,,,,
POINT (4.8710576 52.3469248),node/599588369,,,,,,,,24,,tower,,,,,,,,,,,,,,,,,,,communication,,,,,,,,,,,,,,,,,,,,,,,,,,,,,,,GSM 900,,,,,,,,,,,,,,,,,,,,,,,,,,,,,,,,,,,,,,
POINT (4.8705818 52.3499786),node/599588398,,,,,,,,22,,mast,,,,,,,,,,,,,,,,,,,communication,,,,,,,,,,,,,,,,,,,,,,,,,,,,,,,UMTS,,,,,,,,,,,,,,,,,,,,,,,,,,,,,,,,,,,,,,
POINT (4.8705628 52.3499675),node/599588428,,,,,,,,22,,mast,,,,,,,,,,,,,,,,,,,communication,,,,,,,,,,,,,,,,,,,,,,,,,,,,,,,GSM 900,,,,,,,,,,,,,,,,,,,,,,,,,,,,,,,,,,,,,,
POINT (4.8665244 52.3542839),node/599588440,,,,,,,,21,,tower,,,,,,,,,,,,,,,,,,,communication,,,,,,,,,,,,,,,,,,,,,,,,,,,,,,,GSM 900,,,,,,,,,,,,,,,,,,,,,,,,,,,,,,,,,,,,,,
POINT (4.8588925 52.3505202),node/599588458,,,,,,,,24,,tower,,,,,,,,,,,,,,,,,,,communication,,,,,,,,,,,,,,,,,,,,,,,,,,,,,,,UMTS,,,,,,,,,,,,,,,,,,,,,,,,,,,,,,,,,,,,,,
POINT (4.855094 52.3441578),node/599588463,,,,,,,,27,,tower,,,,,,,,,,,,,,,,,,,communication,,,,,,,,,,,,,,,,,,,,,,,,,,,,,,,GSM 900,,,,,,,,,,,,,,,,,,,,,,,,,,,,,,,,,,,,,,
POINT (4.8545086 52.356095),node/599588464,,,,,,,,26,,tower,,,,,,,,,,,,,,,,,,,communication,,,,,,,,,,,,,,,,,,,,,,,,,,,,,,,UMTS,,,,,,,,,,,,,,,,,,,,,,,,,,,,,,,,,,,,,,
POINT (4.8545105 52.3560909),node/599588465,,,,,,,,26,,tower,,,,,,,,,,,,,,,,,,,communication,,,,,,,,,,,,,,,,,,,,,,,,,,,,,,,GSM 900,,,,,,,,,,,,,,,,,,,,,,,,,,,,,,,,,,,,,,
POINT (4.8545166 52.3560905),node/599588466,,,,,,,,23,,tower,,,,,,,,,,,,,,,,,,,communication,,,,,,,,,,,,,,,,,,,,,,,,,,,,,,,GSM 1800,,,,,,,,,,,,,,,,,,,,,,,,,,,,,,,,,,,,,,
POINT (4.8514774 52.3513282),node/599588468,,,,,,,,20,,tower,,,,,,,,,,,,,,,,,,,communication,,,,,,,,,,,,,,,,,,,,,,,,,,,,,,,UMTS,,,,,,,,,,,,,,,,,,,,,,,,,,,,,,,,,,,,,,
POINT (4.8514854 52.3513317),node/599588469,,,,,,,,21,,tower,,,,,,,,,,,,,,,,,,,communication,,,,,,,,,,,,,,,,,,,,,,,,,,,,,,,GSM 900,,,,,,,,,,,,,,,,,,,,,,,,,,,,,,,,,,,,,,
POINT (4.8805678 52.3618384),node/599588470,,,,,,,,43,,tower,,,,,,,,,,,,,,,,,,,communication,,,,,,,,,,,,,,,,,,,,,,,,,,,,,,,UMTS,,,,,,,,,,,,,,,,,,,,,,,,,,,,,,,,,,,,,,
POINT (4.8805734 52.3618406),node/599588471,,,,,,,,41,,tower,,,,,,,,,,,,,,,,,,,communication,,,,,,,,,,,,,,,,,,,,,,,,,,,,,,,GSM 900,,,,,,,,,,,,,,,,,,,,,,,,,,,,,,,,,,,,,,
POINT (4.8799801 52.3623774),node/599588472,,,,,,,,35,,tower,,,,,,,,,,,,,,,,,,,communication,,,,,,,,,,,,,,,,,,,,,,,,,,,,,,,GSM 1800,,,,,,,,,,,,,,,,,,,,,,,,,,,,,,,,,,,,,,
POINT (4.8708325 52.3661117),node/599588473,,,,,,,,22,,tower,,,,,,,,,,,,,,,,,,,communication,,,,,,,,,,,,,,,,,,,,,,,,,,,,,,,GSM 900,,,,,,,,,,,,,,,,,,,,,,,,,,,,,,,,,,,,,,
POINT (4.86851 52.3639904),node/599588474,,,,,,,,27,,tower,,,,,,,,,,,,,,,,,,,communication,,,,,,,,,,,,,,,,,,,,,,,,,,,,,,,GSM 900,,,,,,,,,,,,,,,,,,,,,,,,,,,,,,,,,,,,,,
POINT (4.8656414 52.3600505),node/599588475,,,,,,,,28,,tower,,,,,,,,,,,,,,,,,,,communication,,,,,,,,,,,,,,,,,,,,,,,,,,,,,,,UMTS,,,,,,,,,,,,,,,,,,,,,,,,,,,,,,,,,,,,,,
POINT (4.8656347 52.3600501),node/599588476,,,,,,,,29,,tower,,,,,,,,,,,,,,,,,,,communication,,,,,,,,,,,,,,,,,,,,,,,,,,,,,,,GSM 900,,,,,,,,,,,,,,,,,,,,,,,,,,,,,,,,,,,,,,
POINT (4.8092227 52.3550889),node/599588477,,,,,,,,31,,tower,,,,,,,,,,,,,,,,,,,communication,,,,,,,,,,,,,,,,,,,,,,,,,,,,,,,UMTS,,,,,,,,,,,,,,,,,,,,,,,,,,,,,,,,,,,,,,
POINT (4.8092388 52.3550876),node/599588478,,,,,,,,33,,tower,,,,,,,,,,,,,,,,,,,communication,,,,,,,,,,,,,,,,,,,,,,,,,,,,,,,GSM 900,,,,,,,,,,,,,,,,,,,,,,,,,,,,,,,,,,,,,,
POINT (4.8030636 52.3614386),node/599588480,,,,,,,,35,,tower,,,,,,,,,,,,,,,,,,,communication,,,,,,,,,,,,,,,,,,,,,,,,,,,,,,,UMTS,,,,,,,,,,,,,,,,,,,,,,,,,,,,,,,,,,,,,,
POINT (4.8030871 52.3614386),node/599588481,,,,,,,,35,,tower,,,,,,,,,,,,,,,,,,,communication,,,,,,,,,,,,,,,,,,,,,,,,,,,,,,,GSM 900,,,,,,,,,,,,,,,,,,,,,,,,,,,,,,,,,,,,,,
POINT (4.8012235 52.3718194),node/599588482,,,,,,,,30,,tower,,,,,,,,,,,,,,,,,,,communication,,,,,,,,,,,,,,,,,,,,,,,,,,,,,,,UMTS,,,,,,,,,,,,,,,,,,,,,,,,,,,,,,,,,,,,,,
POINT (4.7895215 52.3531921),node/599588483,,,,,,,,24,,tower,,,,,,,,,,,,,,,,,,,communication,,,,,,,,,,,,,,,,,,,,,,,,,,,,,,,UMTS,,,,,,,,,,,,,,,,,,,,,,,,,,,,,,,,,,,,,,
POINT (4.7895352 52.3531907),node/599588484,,,,,,,,22,,tower,,,,,,,,,,,,,,,,,,,communication,,,,,,,,,,,,,,,,,,,,,,,,,,,,,,,GSM 900,,,,,,,,,,,,,,,,,,,,,,,,,,,,,,,,,,,,,,
POINT (4.788306 52.3621919),node/599588485,,,,,,,,31,,tower,,,,,,,,,,,,,,,,,,,communication,,,,,,,,,,,,,,,,,,,,,,,,,,,,,,,UMTS,,,,,,,,,,,,,,,,,,,,,,,,,,,,,,,,,,,,,,
POINT (4.7882696 52.3622095),node/599588486,,,,,,,,30,,tower,,,,,,,,,,,,,,,,,,,communication,,,,,,,,,,,,,,,,,,,,,,,,,,,,,,,GSM 900,,,,,,,,,,,,,,,,,,,,,,,,,,,,,,,,,,,,,,
POINT (4.9642938 52.3551882),node/599588491,,,,,,,,35,,tower,,,,,,,,,,,,,,,,,,,communication,,,,,,,,,,,,,,,,,,,,,,,,,,,,,,,GSM 900;UMTS,,,,,,,,,,,,,,,,,,,,,,,,,,,,,,,,,,,,,,
POINT (4.9459875 52.3484979),node/599588493,,,,,,,,23,,tower,,,,,,,,,,,,,,,,,,,communication,,,,,,,,,,,,,,,,,,,,,,,,,,,,,,,UMTS,,,,,,,,,,,,,,,,,,,,,,,,,,,,,,,,,,,,,,
POINT (4.9459912 52.3484933),node/599588494,,,,,,,,20,,tower,,,,,,,,,,,,,,,,,,,communication,,,,,,,,,,,,,,,,,,,,,,,,,,,,,,,GSM 900,,,,,,,,,,,,,,,,,,,,,,,,,,,,,,,,,,,,,,
POINT (4.9369585 52.3361929),node/599588499,,,,,,,,28,,tower,,,,,,,,,,,,,,,,,,,communication,,,,,,,,,,,,,,,,,,,,,,,,,,,,,,,UMTS,,,,,,,,,,,,,,,,,,,,,,,,,,,,,,,,,,,,,,
POINT (4.9366395 52.3358231),node/599588507,,,,,,,,21,,tower,,,,,,,,,,,,,,,,,,,communication,,,,,,,,,,,,,,,,,,,,,,,,,,,,,,,GSM 900,,,,,,,,,,,,,,,,,,,,,,,,,,,,,,,,,,,,,,
POINT (4.9291803 52.3605557),node/599588513,,,,,,,,26,,tower,,,,,,,,,,,,,,,,,,,communication,,,,,,,,,,,,,,,,,,,,,,,,,,,,,,,UMTS,,,,,,,,,,,,,,,,,,,,,,,,,,,,,,,,,,,,,,
POINT (4.9291735 52.3605425),node/599588522,,,,,,,,26,,tower,,,,,,,,,,,,,,,,,,,communication,,,,,,,,,,,,,,,,,,,,,,,,,,,,,,,GSM 1800,,,,,,,,,,,,,,,,,,,,,,,,,,,,,,,,,,,,,,
POINT (4.928163 52.3524628),node/599588532,,,,,,,,21,,tower,,,,,,,,,,,,,,,,,,,communication,,,,,,,,,,,,,,,,,,,,,,,,,,,,,,,UMTS,,,,,,,,,,,,,,,,,,,,,,,,,,,,,,,,,,,,,,
POINT (4.9281855 52.3524726),node/599588540,,,,,,,,20,,tower,,,,,,,,,,,,,,,,,,,communication,,,,,,,,,,,,,,,,,,,,,,,,,,,,,,,GSM 900,,,,,,,,,,,,,,,,,,,,,,,,,,,,,,,,,,,,,,
POINT (4.9277502 52.3570858),node/599588548,,,,,,,,34,,tower,,,,,,,,,,,,,,,,,,,communication,,,,,,,,,,,,,,,,,,,,,,,,,,,,,,,UMTS,,,,,,,,,,,,,,,,,,,,,,,,,,,,,,,,,,,,,,
POINT (4.9277481 52.3570899),node/599588555,,,,,,,,35,,tower,,,,,,,,,,,,,,,,,,,communication,,,,,,,,,,,,,,,,,,,,,,,,,,,,,,,GSM 900,,,,,,,,,,,,,,,,,,,,,,,,,,,,,,,,,,,,,,
POINT (4.927757 52.3570897),node/599588564,,,,,,,,34,,tower,,,,,,,,,,,,,,,,,,,communication,,,,,,,,,,,,,,,,,,,,,,,,,,,,,,,GSM 1800,,,,,,,,,,,,,,,,,,,,,,,,,,,,,,,,,,,,,,
POINT (4.9272337 52.3642331),node/599588573,,,,,,,,21,,tower,,,,,,,,,,,,,,,,,,,communication,,,,,,,,,,,,,,,,,,,,,,,,,,,,,,,GSM 900,,,,,,,,,,,,,,,,,,,,,,,,,,,,,,,,,,,,,,
POINT (4.9267661 52.3456267),node/599588578,,,,,,,,19,,tower,,,,,,,,,,,,,,,,,,,communication,,,,,,,,,,,,,,,,,,,,,,,,,,,,,,,UMTS,,,,,,,,,,,,,,,,,,,,,,,,,,,,,,,,,,,,,,
POINT (4.9267833 52.3456267),node/599588579,,,,,,,,19,,tower,,,,,,,,,,,,,,,,,,,communication,,,,,,,,,,,,,,,,,,,,,,,,,,,,,,,GSM 900,,,,,,,,,,,,,,,,,,,,,,,,,,,,,,,,,,,,,,
POINT (4.9213559 52.3355374),node/599588580,,,,,,,,21,,tower,,,,,,,,,,,,,,,,,,,communication,,,,,,,,,,,,,,,,,,,,,,,,,,,,,,,UMTS,,,,,,,,,,,,,,,,,,,,,,,,,,,,,,,,,,,,,,
POINT (4.9213687 52.3355393),node/599588581,,,,,,,,22,,tower,,,,,,,,,,,,,,,,,,,communication,,,,,,,,,,,,,,,,,,,,,,,,,,,,,,,GSM 900,,,,,,,,,,,,,,,,,,,,,,,,,,,,,,,,,,,,,,
POINT (4.9213783 52.3355366),node/599588590,,,,,,,,22,,tower,,,,,,,,,,,,,,,,,,,communication,,,,,,,,,,,,,,,,,,,,,,,,,,,,,,,GSM 1800,,,,,,,,,,,,,,,,,,,,,,,,,,,,,,,,,,,,,,
POINT (4.9177361 52.3499601),node/599588606,,,,,,,,26,,tower,,,,,,,,,,,,,,,,,,,communication,,,,,,,,,,,,,,,,,,,,,,,,,,,,,,,UMTS,,,,,,,,,,,,,,,,,,,,,,,,,,,,,,,,,,,,,,
POINT (4.9177683 52.3499594),node/599588624,,,,,,,,25,,tower,,,,,,,,,,,,,,,,,,,communication,,,,,,,,,,,,,,,,,,,,,,,,,,,,,,,GSM 900,,,,,,,,,,,,,,,,,,,,,,,,,,,,,,,,,,,,,,
POINT (4.9175839 52.3465793),node/599588643,,,,,,,,10,,tower,,,,,,,,,,,,,,,,,,,communication,,,,,,,,,,,,,,,,,,,,,,,,,,,,,,,GSM 900,,,,,,,,,,,,,,,,,,,,,,,,,,,,,,,,,,,,,,
POINT (4.9170453 52.3451206),node/599588661,,,,,,,,,,tower,,,,,,,,,,,,,,,,,,,communication,,,,,,,,,,,,,,,,,,,,,,,,,,,,,,,UMTS,,,,,,,,,,,,,,,,,,,,,,,,,,,,,,,,,,,,,,
POINT (4.9170751 52.3451275),node/599588680,,,,,,,,,,tower,,,,,,,,,,,,,,,,,,,communication,,,,,,,,,,,,,,,,,,,,,,,,,,,,,,,GSM 900,,,,,,,,,,,,,,,,,,,,,,,,,,,,,,,,,,,,,,
POINT (4.9119965 52.3544213),node/599588696,,,,,,,,8,,tower,,,,,,,,,,,,,,,,,,,communication,,,,,,,,,,,,,,,,,,,,,,,,,,,,,,,GSM 900,,,,,,,,,,,,,,,,,,,,,,,,,,,,,,,,,,,,,,
POINT (4.9486586 52.3965771),node/599588715,,,,,,,,39,,tower,,,,,,,,,,,,,,,,,,,communication,,,,,,,,,,,,,,,,,,,,,,,,,,,,,,,UMTS,,,,,,,,,,,,,,,,,,,,,,,,,,,,,,,,,,,,,,
POINT (4.9486438 52.3965789),node/599588716,,,,,,,,38,,tower,,,,,,,,,,,,,,,,,,,communication,,,,,,,,,,,,,,,,,,,,,,,,,,,,,,,GSM 900,,,,,,,,,,,,,,,,,,,,,,,,,,,,,,,,,,,,,,
POINT (4.9470993 52.4114489),node/599588719,,,,,,,,35,,tower,,,,,,,,,,,,,,,,,,,communication,,,,,,,,,,,,,,,,,,,,,,,,,,,,,,,GSM 900,,,,,,,,,,,,,,,,,,,,,,,,,,,,,,,,,,,,,,
POINT (4.9386678 52.4041723),node/599588729,,,,,,,,40,,tower,,,,,,,,,,,,,,,,,,,communication,,,,,,,,,,,,,,,,,,,,,,,,,,,,,,,UMTS,,,,,,,,,,,,,,,,,,,,,,,,,,,,,,,,,,,,,,
POINT (4.9386485 52.4041821),node/599588758,,,,,,,,39,,tower,,,,,,,,,,,,,,,,,,,communication,,,,,,,,,,,,,,,,,,,,,,,,,,,,,,,GSM 900,,,,,,,,,,,,,,,,,,,,,,,,,,,,,,,,,,,,,,
POINT (4.9371375 52.3865606),node/599588776,,,,,,,,23,,tower,,,,,,,,,,,,,,,,,,,communication,,,,,,,,,,,,,,,,,,,,,,,,,,,,,,,UMTS,,,,,,,,,,,,,,,,,,,,,,,,,,,,,,,,,,,,,,
POINT (4.9371707 52.3865754),node/599588790,,,,,,,,25,,tower,,,,,,,,,,,,,,,,,,,communication,,,,,,,,,,,,,,,,,,,,,,,,,,,,,,,GSM 900,,,,,,,,,,,,,,,,,,,,,,,,,,,,,,,,,,,,,,
POINT (4.928662 52.3954519),node/599588807,,,,,,,,16,,tower,,,,,,,,,,,,,,,,,,,communication,,,,,,,,,,,,,,,,,,,,,,,,,,,,,,,UMTS,,,,,,,,,,,,,,,,,,,,,,,,,,,,,,,,,,,,,,
POINT (4.9286288 52.3954527),node/599588821,,,,,,,,16,,tower,,,,,,,,,,,,,,,,,,,communication,,,,,,,,,,,,,,,,,,,,,,,,,,,,,,,GSM 900,,,,,,,,,,,,,,,,,,,,,,,,,,,,,,,,,,,,,,
POINT (4.9194092 52.4058807),node/599588841,,,,,,,,31,,tower,,,,,,,,,,,,,,,,,,,communication,,,,,,,,,,,,,,,,,,,,,,,,,,,,,,,UMTS,,,,,,,,,,,,,,,,,,,,,,,,,,,,,,,,,,,,,,
POINT (4.919377 52.4058885),node/599588854,,,,,,,,31,,tower,,,,,,,,,,,,,,,,,,,communication,,,,,,,,,,,,,,,,,,,,,,,,,,,,,,,GSM 900,,,,,,,,,,,,,,,,,,,,,,,,,,,,,,,,,,,,,,
POINT (4.9132602 52.4092692),node/599588907,,,,,,,,36,,tower,,,,,,,,,,,,,,,,,,,communication,,,,,,,,,,,,,,,,,,,,,,,,,,,,,,,GSM 900,,,,,,,,,,,,,,,,,,,,,,,,,,,,,,,,,,,,,,
POINT (4.9108681 52.3923035),node/599588924,,,,,,,,31,,tower,,,,,,,,,,,,,,,,,,,communication,,,,,,,,,,,,,,,,,,,,,,,,,,,,,,,UMTS,,,,,,,,,,,,,,,,,,,,,,,,,,,,,,,,,,,,,,
POINT (4.9108702 52.3923448),node/599588940,,,,,,,,35,,tower,,,,,,,,,,,,,,,,,,,communication,,,,,,,,,,,,,,,,,,,,,,,,,,,,,,,GSM 900,,,,,,,,,,,,,,,,,,,,,,,,,,,,,,,,,,,,,,
POINT (4.9074145 52.4048686),node/599588959,,,,,,,,28,,tower,,,,,,,,,,,,,,,,,,,communication,,,,,,,,,,,,,,,,,,,,,,,,,,,,,,,UMTS,,,,,,,,,,,,,,,,,,,,,,,,,,,,,,,,,,,,,,
POINT (4.9030788 52.3982001),node/599588973,,,,,,,,22,,tower,,,,,,,,,,,,,,,,,,,communication,,,,,,,,,,,,,,,,,,,,,,,,,,,,,,,GSM 900,,,,,,,,,,,,,,,,,,,,,,,,,,,,,,,,,,,,,,
POINT (4.8922682 52.405795),node/599588992,,,,,,,,35,,tower,,,,,,,,,,,,,,,,,,,communication,,,,,,,,,,,,,,,,,,,,,,,,,,,,,,,UMTS,,,,,,,,,,,,,,,,,,,,,,,,,,,,,,,,,,,,,,
POINT (4.8922682 52.405795),node/599589024,,,,,,,,39,,tower,,,,,,,,,,,,,,,,,,,communication,,,,,,,,,,,,,,,,,,,,,,,,,,,,,,,GSM 900,,,,,,,,,,,,,,,,,,,,,,,,,,,,,,,,,,,,,,
POINT (4.8773173 52.4225468),node/599589053,,,,,,,,24;28;31;33,,tower,,,,,,,,,,,,,,,,,,,communication,,,,,,,,,,,,,,,,,,,,,,,,,,,,,,,UMTS;GSM 1800;UMTS;GSM 900,,,,,,,,,,,,,,,,,,,,,,,,,,,,,,,,,,,,,,
POINT (4.8766085 52.4129546),node/599589069,,,,,,,,30,,tower,,,,,,,,,,,,,,,,,,,communication,,,,,,,,,,,,,,,,,,,,,,,,,,,,,,,UMTS,,,,,,,,,,,,,,,,,,,,,,,,,,,,,,,,,,,,,,
POINT (4.8340084 52.3730019),node/599589136,,,,,,,,27,,tower,,,,,,,,,,,,,,,,,,,communication,,,,,,,,,,,,,,,,,,,,,,,,,,,,,,,UMTS,,,,,,,,,,,,,,,,,,,,,,,,,,,,,,,,,,,,,,
POINT (4.8340427 52.3730019),node/599589154,,,,,,,,26,,tower,,,,,,,,,,,,,,,,,,,communication,,,,,,,,,,,,,,,,,,,,,,,,,,,,,,,GSM 900,,,,,,,,,,,,,,,,,,,,,,,,,,,,,,,,,,,,,,
POINT (4.8208961 52.3790514),node/599589171,,,,,,,,46,,tower,,,,,,,,,,,,,,,,,,,communication,,,,,,,,,,,,,,,,,,,,,,,,,,,,,,,UMTS,,,,,,,,,,,,,,,,,,,,,,,,,,,,,,,,,,,,,,
POINT (4.8208731 52.3790389),node/599589185,,,,,,,,47,,tower,,,,,,,,,,,,,,,,,,,communication,,,,,,,,,,,,,,,,,,,,,,,,,,,,,,,GSM 900,,,,,,,,,,,,,,,,,,,,,,,,,,,,,,,,,,,,,,
POINT (4.7964772 52.3819879),node/599589204,,,,,,,,30,,tower,,,,,,,,,,,,,,,,,,,communication,,,,,,,,,,,,,,,,,,,,,,,,,,,,,,,UMTS,,,,,,,,,,,,,,,,,,,,,,,,,,,,,,,,,,,,,,
POINT (4.7964693 52.3819879),node/599589214,,,,,,,,30,,tower,,,,,,,,,,,,,,,,,,,communication,,,,,,,,,,,,,,,,,,,,,,,,,,,,,,,GSM 900,,,,,,,,,,,,,,,,,,,,,,,,,,,,,,,,,,,,,,
POINT (4.8627579 52.3711822),node/599589233,,,,,,,,24,,tower,,,,,,,,,,,,,,,,,,,communication,,,,,,,,,,,,,,,,,,,,,,,,,,,,,,,UMTS,,,,,,,,,,,,,,,,,,,,,,,,,,,,,,,,,,,,,,
POINT (4.857104 52.3721183),node/599589285,,,,,,,,21,,tower,,,,,,,,,,,,,,,,,,,communication,,,,,,,,,,,,,,,,,,,,,,,,,,,,,,,UMTS,,,,,,,,,,,,,,,,,,,,,,,,,,,,,,,,,,,,,,
POINT (4.8571135 52.3721184),node/599589302,,,,,,,,22,,tower,,,,,,,,,,,,,,,,,,,communication,,,,,,,,,,,,,,,,,,,,,,,,,,,,,,,GSM 900,,,,,,,,,,,,,,,,,,,,,,,,,,,,,,,,,,,,,,
POINT (4.8571081 52.3721187),node/599589315,,,,,,,,22,,tower,,,,,,,,,,,,,,,,,,,communication,,,,,,,,,,,,,,,,,,,,,,,,,,,,,,,GSM 1800,,,,,,,,,,,,,,,,,,,,,,,,,,,,,,,,,,,,,,
POINT (4.8497903 52.3701085),node/599589330,,,,,,,,23,,tower,,,,,,,,,,,,,,,,,,,communication,,,,,,,,,,,,,,,,,,,,,,,,,,,,,,,UMTS,,,,,,,,,,,,,,,,,,,,,,,,,,,,,,,,,,,,,,
POINT (4.8497903 52.3701085),node/599589352,,,,,,,,23,,tower,,,,,,,,,,,,,,,,,,,communication,,,,,,,,,,,,,,,,,,,,,,,,,,,,,,,GSM 900,,,,,,,,,,,,,,,,,,,,,,,,,,,,,,,,,,,,,,
POINT (4.9205942 52.3673528),node/599589596,,,,,,,,31,,tower,,,,,,,,,,,,,,,,,,,communication,,,,,,,,,,,,,,,,,,,,,,,,,,,,,,,UMTS,,,,,,,,,,,,,,,,,,,,,,,,,,,,,,,,,,,,,,
POINT (4.9206048 52.3673528),node/599589611,,,,,,,,29,,tower,,,,,,,,,,,,,,,,,,,communication,,,,,,,,,,,,,,,,,,,,,,,,,,,,,,,GSM 900,,,,,,,,,,,,,,,,,,,,,,,,,,,,,,,,,,,,,,
POINT (4.9164854 52.3444944),node/599589682,,,,,,,,95,,tower,,,,,,,,,,,,,,,,,,,communication,,,,,,,,,,,,,,,,,,,,,,,,,,,,,,,GSM 900,,,,,,,,,,,,,,,,,,,,,,,,,,,,,,,,,,,,,,
POINT (4.9041513 52.367197),node/599589850,,,,,,,,8,,tower,,,,,,,,,,,,,,,,,,,communication,,,,,,,,,,,,,,,,,,,,,,,,,,,,,,,GSM 900,,,,,,,,,,,,,,,,,,,,,,,,,,,,,,,,,,,,,,
POINT (4.9039142 52.3687419),node/599589884,,,,,,,,28,,tower,,,,,,,,,,,,,,,,,,,communication,,,,,,,,,,,,,,,,,,,,,,,,,,,,,,,UMTS,,,,,,,,,,,,,,,,,,,,,,,,,,,,,,,,,,,,,,
POINT (4.9039569 52.3687452),node/599589907,,,,,,,,30,,tower,,,,,,,,,,,,,,,,,,,communication,,,,,,,,,,,,,,,,,,,,,,,,,,,,,,,GSM 900,,,,,,,,,,,,,,,,,,,,,,,,,,,,,,,,,,,,,,
POINT (4.9016003 52.3722197),node/599589933,,,,,,,,8,,tower,,,,,,,,,,,,,,,,,,,communication,,,,,,,,,,,,,,,,,,,,,,,,,,,,,,,GSM 900,,,,,,,,,,,,,,,,,,,,,,,,,,,,,,,,,,,,,,
POINT (4.9012181 52.3678531),node/599589943,,,,,,,,5,,tower,,,,,,,,,,,,,,,,,,,communication,,,,,,,,,,,,,,,,,,,,,,,,,,,,,,,GSM 900,,,,,,,,,,,,,,,,,,,,,,,,,,,,,,,,,,,,,,
POINT (4.8999597 52.3611581),node/599589980,,,,,,,,21,,tower,,,,,,,,,,,,,,,,,,,communication,,,,,,,,,,,,,,,,,,,,,,,,,,,,,,,UMTS,,,,,,,,,,,,,,,,,,,,,,,,,,,,,,,,,,,,,,
POINT (4.8994735 52.3586395),node/599589984,,,,,,,,30,,tower,,,,,,,,,,,,,,,,,,,communication,,,,,,,,,,,,,,,,,,,,,,,,,,,,,,,GSM 900,,,,,,,,,,,,,,,,,,,,,,,,,,,,,,,,,,,,,,
POINT (4.898487 52.373573),node/599589990,,,,,,,,26,,tower,,,,,,,,,,,,,,,,,,,communication,,,,,,,,,,,,,,,,,,,,,,,,,,,,,,,UMTS,,,,,,,,,,,,,,,,,,,,,,,,,,,,,,,,,,,,,,
POINT (4.8984924 52.3735702),node/599589999,,,,,,,,27,,tower,,,,,,,,,,,,,,,,,,,communication,,,,,,,,,,,,,,,,,,,,,,,,,,,,,,,GSM 900,,,,,,,,,,,,,,,,,,,,,,,,,,,,,,,,,,,,,,
POINT (4.8983157 52.3638027),node/599590004,,,,,,,,8,,tower,,,,,,,,,,,,,,,,,,,communication,,,,,,,,,,,,,,,,,,,,,,,,,,,,,,,GSM 900,,,,,,,,,,,,,,,,,,,,,,,,,,,,,,,,,,,,,,
POINT (4.8978956 52.3752693),node/599590011,,,,,,,,5,,tower,,,,,,,,,,,,,,,,,,,communication,,,,,,,,,,,,,,,,,,,,,,,,,,,,,,,GSM 900,,,,,,,,,,,,,,,,,,,,,,,,,,,,,,,,,,,,,,
POINT (4.8967729 52.3701326),node/599590020,,,,,,,,28,,tower,,,,,,,,,,,,,,,,,,,communication,,,,,,,,,,,,,,,,,,,,,,,,,,,,,,,UMTS,,,,,,,,,,,,,,,,,,,,,,,,,,,,,,,,,,,,,,
POINT (4.8967775 52.3701326),node/599590025,,,,,,,,28,,tower,,,,,,,,,,,,,,,,,,,communication,,,,,,,,,,,,,,,,,,,,,,,,,,,,,,,GSM 900,,,,,,,,,,,,,,,,,,,,,,,,,,,,,,,,,,,,,,
POINT (4.8931489 52.3663427),node/599590067,,,,,,,,10,,tower,,,,,,,,,,,,,,,,,,,communication,,,,,,,,,,,,,,,,,,,,,,,,,,,,,,,GSM 900,,,,,,,,,,,,,,,,,,,,,,,,,,,,,,,,,,,,,,
POINT (4.8928379 52.367411),node/599590068,,,,,,,,28,,tower,,,,,,,,,,,,,,,,,,,communication,,,,,,,,,,,,,,,,,,,,,,,,,,,,,,,UMTS,,,,,,,,,,,,,,,,,,,,,,,,,,,,,,,,,,,,,,
POINT (4.8928433 52.367411),node/599590072,,,,,,,,29,,tower,,,,,,,,,,,,,,,,,,,communication,,,,,,,,,,,,,,,,,,,,,,,,,,,,,,,GSM 900,,,,,,,,,,,,,,,,,,,,,,,,,,,,,,,,,,,,,,
POINT (4.8928431 52.3674076),node/599590073,,,,,,,,28,,tower,,,,,,,,,,,,,,,,,,,communication,,,,,,,,,,,,,,,,,,,,,,,,,,,,,,,GSM 1800,,,,,,,,,,,,,,,,,,,,,,,,,,,,,,,,,,,,,,
POINT (4.8925926 52.3635542),node/599590079,,,,,,,,24,,tower,,,,,,,,,,,,,,,,,,,communication,,,,,,,,,,,,,,,,,,,,,,,,,,,,,,,UMTS,,,,,,,,,,,,,,,,,,,,,,,,,,,,,,,,,,,,,,
POINT (4.8925926 52.3635542),node/599590080,,,,,,,,21,,tower,,,,,,,,,,,,,,,,,,,communication,,,,,,,,,,,,,,,,,,,,,,,,,,,,,,,GSM 900,,,,,,,,,,,,,,,,,,,,,,,,,,,,,,,,,,,,,,
POINT (4.8923697 52.3703839),node/599590081,,,,,,,,5,,tower,,,,,,,,,,,,,,,,,,,communication,,,,,,,,,,,,,,,,,,,,,,,,,,,,,,,GSM 900,,,,,,,,,,,,,,,,,,,,,,,,,,,,,,,,,,,,,,
POINT (4.8922925 52.3707162),node/599590082,,,,,,,,28,,tower,,,,,,,,,,,,,,,,,,,communication,,,,,,,,,,,,,,,,,,,,,,,,,,,,,,,UMTS,,,,,,,,,,,,,,,,,,,,,,,,,,,,,,,,,,,,,,
POINT (4.8914867 52.37056),node/599590090,,,,,,,,10,,tower,,,,,,,,,,,,,,,,,,,communication,,,,,,,,,,,,,,,,,,,,,,,,,,,,,,,GSM 900,,,,,,,,,,,,,,,,,,,,,,,,,,,,,,,,,,,,,,
POINT (4.8888289 52.3717156),node/599590098,,,,,,,,32,,tower,,,,,,,,,,,,,,,,,,,communication,,,,,,,,,,,,,,,,,,,,,,,,,,,,,,,UMTS,,,,,,,,,,,,,,,,,,,,,,,,,,,,,,,,,,,,,,
POINT (4.8888306 52.3717173),node/599590104,,,,,,,,34,,tower,,,,,,,,,,,,,,,,,,,communication,,,,,,,,,,,,,,,,,,,,,,,,,,,,,,,GSM 900,,,,,,,,,,,,,,,,,,,,,,,,,,,,,,,,,,,,,,
POINT (4.8888313 52.3717156),node/599590105,,,,,,,,32,,tower,,,,,,,,,,,,,,,,,,,communication,,,,,,,,,,,,,,,,,,,,,,,,,,,,,,,GSM 1800,,,,,,,,,,,,,,,,,,,,,,,,,,,,,,,,,,,,,,
POINT (4.8869112 52.3661368),node/599590122,,,,,,,,10,,tower,,,,,,,,,,,,,,,,,,,communication,,,,,,,,,,,,,,,,,,,,,,,,,,,,,,,GSM 900,,,,,,,,,,,,,,,,,,,,,,,,,,,,,,,,,,,,,,
POINT (4.8866033 52.3612831),node/599590141,,,,,,,,20,,tower,,,,,,,,,,,,,,,,,,,communication,,,,,,,,,,,,,,,,,,,,,,,,,,,,,,,GSM 900,,,,,,,,,,,,,,,,,,,,,,,,,,,,,,,,,,,,,,
POINT (4.8853235 52.3870804),node/599590166,,,,,,,,22,,tower,,,,,,,,,,,,,,,,,,,communication,,,,,,,,,,,,,,,,,,,,,,,,,,,,,,,GSM 900,,,,,,,,,,,,,,,,,,,,,,,,,,,,,,,,,,,,,,
POINT (4.88547 52.3646919),node/599590191,,,,,,,,23,,tower,,,,,,,,,,,,,,,,,,,communication,,,,,,,,,,,,,,,,,,,,,,,,,,,,,,,UMTS,,,,,,,,,,,,,,,,,,,,,,,,,,,,,,,,,,,,,,
POINT (4.8854593 52.3646926),node/599590225,,,,,,,,21,,tower,,,,,,,,,,,,,,,,,,,communication,,,,,,,,,,,,,,,,,,,,,,,,,,,,,,,GSM 900,,,,,,,,,,,,,,,,,,,,,,,,,,,,,,,,,,,,,,
POINT (4.8832643 52.3640541),node/599590242,,,,,,,,10,,tower,,,,,,,,,,,,,,,,,,,communication,,,,,,,,,,,,,,,,,,,,,,,,,,,,,,,GSM 900,,,,,,,,,,,,,,,,,,,,,,,,,,,,,,,,,,,,,,
POINT (4.8787555 52.3731574),node/599590252,,,,,,,,25,,tower,,,,,,,,,,,,,,,,,,,communication,,,,,,,,,,,,,,,,,,,,,,,,,,,,,,,GSM 900,,,,,,,,,,,,,,,,,,,,,,,,,,,,,,,,,,,,,,
POINT (4.973601 52.3828289),node/599590257,,,,,,,,9,,tower,,,,,,,,,,,,,,,,,,,communication,,,,,,,,,,,,,,,,,,,,,,,,,,,,,,,GSM 900,,,,,,,,,,,,,,,,,,,,,,,,,,,,,,,,,,,,,,
POINT (4.9729121 52.3229235),node/599590258,,,,,,,,40,,tower,,,,,,,,,,,,,,,,,,,communication,,,,,,,,,,,,,,,,,,,,,,,,,,,,,,,GSM 900;UMTS;GSM 1800,,,,,,,,,,,,,,,,,,,,,,,,,,,,,,,,,,,,,,
POINT (4.9642862 52.3551877),node/599590262,,,,,,,,41,,tower,,,,,,,,,,,,,,,,,,,communication,,,,,,,,,,,,,,,,,,,,,,,,,,,,,,,GSM 1800,,,,,,,,,,,,,,,,,,,,,,,,,,,,,,,,,,,,,,
POINT (4.9609579 52.3076198),node/599590266,,,,,,,,22,,tower,,,,,,,,,,,,,,,,,,,communication,,,,,,,,,,,,,,,,,,,,,,,,,,,,,,,UMTS,,,,,,,,,,,,,,,,,,,,,,,,,,,,,,,,,,,,,,
POINT (4.9609579 52.3076198),node/599590267,,,,,,,,20,,tower,,,,,,,,,,,,,,,,,,,communication,,,,,,,,,,,,,,,,,,,,,,,,,,,,,,,GSM 900,,,,,,,,,,,,,,,,,,,,,,,,,,,,,,,,,,,,,,
POINT (4.9609579 52.3076198),node/599590268,,,,,,,,20,,tower,,,,,,,,,,,,,,,,,,,communication,,,,,,,,,,,,,,,,,,,,,,,,,,,,,,,GSM 1800,,,,,,,,,,,,,,,,,,,,,,,,,,,,,,,,,,,,,,
POINT (4.9605987 52.3241741),node/599590271,,,,,,,,44,24,mast,,,,,,,,,,,,,,,,,,,communication,,,,,,,,,,,,,,,,,,,,,,,38,,,,,metal,,,GSM 1800,,,,yes,yes,roof,,,,,,,,,,,,,,,,,,,,,,,,,,,,,,,,
POINT (4.9597623 52.3633214),node/599590272,,,,,,,,20,,tower,,,,,,,,,,,,,,,,,,,communication,,,,,,,,,,,,,,,,,,,,,,,,,,,,,,,GSM 900,,,,,,,,,,,,,,,,,,,,,,,,,,,,,,,,,,,,,,
POINT (4.9541877 52.3920618),node/599590273,,,,,,,,52,,tower,,,,,,,,,,,,,,,,,,,communication,,,,,,,,,,,,,,,,,,,,,,,,,,,,,,,GSM 1800,,,,,,,,,,,,,,,,,,,,,,,,,,,,,,,,,,,,,,
POINT (4.9544662 52.356903),node/599590274,,,,,,,,24,,tower,,,,,,,,,,,,,,,,,,,communication,,,,,,,,,,,,,,,,,,,,,,,,,,,,,,,UMTS,,,,,,,,,,,,,,,,,,,,,,,,,,,,,,,,,,,,,,
POINT (4.9544662 52.356903),node/599590281,,,,,,,,22,,tower,,,,,,,,,,,,,,,,,,,communication,,,,,,,,,,,,,,,,,,,,,,,,,,,,,,,GSM 1800,,,,,,,,,,,,,,,,,,,,,,,,,,,,,,,,,,,,,,
POINT (4.9512319 52.3962391),node/599590290,,,,,,,,37,,tower,,,,,,,,,,,,,,,,,,,communication,,,,,,,,,,,,,,,,,,,,,,,,,,,,,,,GSM 1800,,,,,,,,,,,,,,,,,,,,,,,,,,,,,,,,,,,,,,
POINT (4.9511506 52.3963197),node/599590291,,,,,,,,38,,tower,,,,,,,,,,,,,,,,,,,communication,,,,,,,,,,,,,,,,,,,,,,,,,,,,,,,UMTS,,,,,,,,,,,,,,,,,,,,,,,,,,,,,,,,,,,,,,
POINT (4.9511328 52.3963162),node/599590292,,,,,,,,35,,tower,,,,,,,,,,,,,,,,,,,communication,,,,,,,,,,,,,,,,,,,,,,,,,,,,,,,GSM 900,,,,,,,,,,,,,,,,,,,,,,,,,,,,,,,,,,,,,,
POINT (4.951143 52.3963197),node/599590293,,,,,,,,35,,tower,,,,,,,,,,,,,,,,,,,communication,,,,,,,,,,,,,,,,,,,,,,,,,,,,,,,GSM 1800,,,,,,,,,,,,,,,,,,,,,,,,,,,,,,,,,,,,,,
POINT (4.9507368 52.3047423),node/599590294,,,,,,,,32,,tower,,,,,,,,,,,,,,,,,,,communication,,,,,,,,,,,,,,,,,,,,,,,,,,,,,,,UMTS,,,,,,,,,,,,,,,,,,,,,,,,,,,,,,,,,,,,,,
POINT (4.9489634 52.3968419),node/599590295,,,,,,,,37,,tower,,,,,,,,,,,,,,,,,,,communication,,,,,,,,,,,,,,,,,,,,,,,,,,,,,,,UMTS,,,,,,,,,,,,,,,,,,,,,,,,,,,,,,,,,,,,,,
POINT (4.9470263 52.4114037),node/599590298,,,,,,,,27,,tower,,,,,,,,,,,,,,,,,,,communication,,,,,,,,,,,,,,,,,,,,,,,,,,,,,,,GSM 900,,,,,,,,,,,,,,,,,,,,,,,,,,,,,,,,,,,,,,
POINT (4.9447142 52.3485713),node/599590352,,,,,,,,25,,tower,,,,,,,,,,,,,,,,,,,communication,,,,,,,,,,,,,,,,,,,,,,,,,,,,,,,UMTS,,,,,,,,,,,,,,,,,,,,,,,,,,,,,,,,,,,,,,
POINT (4.9447126 52.3485774),node/599590371,,,,,,,,20,,tower,,,,,,,,,,,,,,,,,,,communication,,,,,,,,,,,,,,,,,,,,,,,,,,,,,,,GSM 1800,,,,,,,,,,,,,,,,,,,,,,,,,,,,,,,,,,,,,,
POINT (4.9438475 52.3604048),node/599590374,,,,,,,,18,,tower,,,,,,,,,,,,,,,,,,,communication,,,,,,,,,,,,,,,,,,,,,,,,,,,,,,,GSM 1800,,,,,,,,,,,,,,,,,,,,,,,,,,,,,,,,,,,,,,
POINT (4.9433129 52.347811),node/599590378,,,,,,,,23,,tower,,,,,,,,,,,,,,,,,,,communication,,,,,,,,,,,,,,,,,,,,,,,,,,,,,,,UMTS,,,,,,,,,,,,,,,,,,,,,,,,,,,,,,,,,,,,,,
POINT (4.9433065 52.3478094),node/599590383,,,,,,,,21,,tower,,,,,,,,,,,,,,,,,,,communication,,,,,,,,,,,,,,,,,,,,,,,,,,,,,,,GSM 1800,,,,,,,,,,,,,,,,,,,,,,,,,,,,,,,,,,,,,,
POINT (4.9416902 52.3978693),node/599590388,,,,,,,,55,,tower,,,,,,,,,,,,,,,,,,,communication,,,,,,,,,,,,,,,,,,,,,,,,,,,,,,,UMTS,,,,,,,,,,,,,,,,,,,,,,,,,,,,,,,,,,,,,,
POINT (4.9417234 52.3978903),node/599590389,,,,,,,,55,,tower,,,,,,,,,,,,,,,,,,,communication,,,,,,,,,,,,,,,,,,,,,,,,,,,,,,,GSM 1800,,,,,,,,,,,,,,,,,,,,,,,,,,,,,,,,,,,,,,
POINT (4.9409343 52.3593417),node/599590390,,,,,,,,24,,tower,,,,,,,,,,,,,,,,,,,communication,,,,,,,,,,,,,,,,,,,,,,,,,,,,,,,UMTS,,,,,,,,,,,,,,,,,,,,,,,,,,,,,,,,,,,,,,
POINT (4.9409368 52.3593423),node/599590391,,,,,,,,23,,tower,,,,,,,,,,,,,,,,,,,communication,,,,,,,,,,,,,,,,,,,,,,,,,,,,,,,GSM 900,,,,,,,,,,,,,,,,,,,,,,,,,,,,,,,,,,,,,,
POINT (4.9391676 52.3993488),node/599590392,,,,,,,,17,,tower,,,,,,,,,,,,,,,,,,,communication,,,,,,,,,,,,,,,,,,,,,,,,,,,,,,,UMTS,,,,,,,,,,,,,,,,,,,,,,,,,,,,,,,,,,,,,,
POINT (4.93937 52.369133),node/599590393,,,,,,,,34,,tower,,,,,,,,,,,,,,,,,,,communication,,,,,,,,,,,,,,,,,,,,,,,,,,,,,,,UMTS,,,,,,,,,,,,,,,,,,,,,,,,,,,,,,,,,,,,,,
POINT (4.9393292 52.3691251),node/599590397,,,,,,,,33,,tower,,,,,,,,,,,,,,,,,,,communication,,,,,,,,,,,,,,,,,,,,,,,,,,,,,,,GSM 900,,,,,,,,,,,,,,,,,,,,,,,,,,,,,,,,,,,,,,
POINT (4.9393915 52.3691055),node/599590403,,,,,,,,33,,tower,,,,,,,,,,,,,,,,,,,communication,,,,,,,,,,,,,,,,,,,,,,,,,,,,,,,GSM 1800,,,,,,,,,,,,,,,,,,,,,,,,,,,,,,,,,,,,,,
POINT (4.9369989 52.3568109),node/599590408,,,,,,,,19,,tower,,,,,,,,,,,,,,,,,,,communication,,,,,,,,,,,,,,,,,,,,,,,,,,,,,,,UMTS,,,,,,,,,,,,,,,,,,,,,,,,,,,,,,,,,,,,,,
POINT (4.9364407 52.3568447),node/599590416,,,,,,,,17,,tower,,,,,,,,,,,,,,,,,,,communication,,,,,,,,,,,,,,,,,,,,,,,,,,,,,,,GSM 1800,,,,,,,,,,,,,,,,,,,,,,,,,,,,,,,,,,,,,,
POINT (4.9362608 52.3356422),node/599590430,,,,,,,,27,,tower,,,,,,,,,,,,,,,,,,,communication,,,,,,,,,,,,,,,,,,,,,,,,,,,,,,,UMTS,,,,,,,,,,,,,,,,,,,,,,,,,,,,,,,,,,,,,,
POINT (4.936234 52.3356599),node/599590437,,,,,,,,24,,tower,,,,,,,,,,,,,,,,,,,communication,,,,,,,,,,,,,,,,,,,,,,,,,,,,,,,GSM 900,,,,,,,,,,,,,,,,,,,,,,,,,,,,,,,,,,,,,,
POINT (4.9362597 52.3356599),node/599590442,,,,,,,,24,,tower,,,,,,,,,,,,,,,,,,,communication,,,,,,,,,,,,,,,,,,,,,,,,,,,,,,,GSM 1800,,,,,,,,,,,,,,,,,,,,,,,,,,,,,,,,,,,,,,
POINT (4.9333726 52.3602933),node/599590479,,,,,,,,22,,tower,,,,,,,,,,,,,,,,,,,communication,,,,,,,,,,,,,,,,,,,,,,,,,,,,,,,UMTS,,,,,,,,,,,,,,,,,,,,,,,,,,,,,,,,,,,,,,
POINT (4.9333866 52.360287),node/599590484,,,,,,,,21,,tower,,,,,,,,,,,,,,,,,,,communication,,,,,,,,,,,,,,,,,,,,,,,,,,,,,,,GSM 900,,,,,,,,,,,,,,,,,,,,,,,,,,,,,,,,,,,,,,
POINT (4.9333816 52.3602933),node/599590490,,,,,,,,21,,tower,,,,,,,,,,,,,,,,,,,communication,,,,,,,,,,,,,,,,,,,,,,,,,,,,,,,GSM 1800,,,,,,,,,,,,,,,,,,,,,,,,,,,,,,,,,,,,,,
POINT (4.9302099 52.3532347),node/599590503,,,,,,,,15,,tower,,,,,,,,,,,,,,,,,,,communication,,,,,,,,,,,,,,,,,,,,,,,,,,,,,,,GSM 900,,,,,,,,,,,,,,,,,,,,,,,,,,,,,,,,,,,,,,
POINT (4.9299131 52.3549772),node/599590509,,,,,,,,4,,tower,,,,,,,,,,,,,,,,,,,communication,,,,,,,,,,,,,,,,,,,,,,,,,,,,,,,UMTS,,,,,,,,,,,,,,,,,,,,,,,,,,,,,,,,,,,,,,
POINT (4.9291891 52.3606637),node/599590516,,,,,,,,25,,tower,,,,,,,,,,,,,,,,,,,communication,,,,,,,,,,,,,,,,,,,,,,,,,,,,,,,UMTS,,,,,,,,,,,,,,,,,,,,,,,,,,,,,,,,,,,,,,
POINT (4.9292085 52.3606637),node/599590520,,,,,,,,25,,tower,,,,,,,,,,,,,,,,,,,communication,,,,,,,,,,,,,,,,,,,,,,,,,,,,,,,GSM 1800,,,,,,,,,,,,,,,,,,,,,,,,,,,,,,,,,,,,,,
POINT (4.9289785 52.3545062),node/599590521,,,,,,,,20,,tower,,,,,,,,,,,,,,,,,,,communication,,,,,,,,,,,,,,,,,,,,,,,,,,,,,,,UMTS,,,,,,,,,,,,,,,,,,,,,,,,,,,,,,,,,,,,,,
POINT (4.9285582 52.3369425),node/599590523,,,,,,,,28,,tower,,,,,,,,,,,,,,,,,,,communication,,,,,,,,,,,,,,,,,,,,,,,,,,,,,,,GSM 1800; UMTS,,,,,,,,,,,,,,,,,,,,,,,,,,,,,,,,,,,,,,
POINT (4.9255553 52.3891489),node/599590530,,,,,,,,25,,tower,,,,,,,,,,,,,,,,,,,communication,,,,,,,,,,,,,,,,,,,,,,,,,,,,,,,UMTS,,,,,,,,,,,,,,,,,,,,,,,,,,,,,,,,,,,,,,
POINT (4.9255094 52.3891434),node/599590537,,,,,,,,24,,tower,,,,,,,,,,,,,,,,,,,communication,,,,,,,,,,,,,,,,,,,,,,,,,,,,,,,GSM 900,,,,,,,,,,,,,,,,,,,,,,,,,,,,,,,,,,,,,,
POINT (4.9255229 52.3889606),node/599590546,,,,,,,,27,,tower,,,,,,,,,,,,,,,,,,,communication,,,,,,,,,,,,,,,,,,,,,,,,,,,,,,,UMTS,,,,,,,,,,,,,,,,,,,,,,,,,,,,,,,,,,,,,,
POINT (4.925491 52.3889388),node/599590561,,,,,,,,27,,tower,,,,,,,,,,,,,,,,,,,communication,,,,,,,,,,,,,,,,,,,,,,,,,,,,,,,GSM 900,,,,,,,,,,,,,,,,,,,,,,,,,,,,,,,,,,,,,,
POINT (4.9255063 52.3889871),node/599590562,,,,,,,,27,,tower,,,,,,,,,,,,,,,,,,,communication,,,,,,,,,,,,,,,,,,,,,,,,,,,,,,,GSM 1800,,,,,,,,,,,,,,,,,,,,,,,,,,,,,,,,,,,,,,
POINT (4.9224175 52.3825133),node/599590563,,,,,,,,24,,tower,,,,,,,,,,,,,,,,,,,communication,,,,,,,,,,,,,,,,,,,,,,,,,,,,,,,UMTS,,,,,,,,,,,,,,,,,,,,,,,,,,,,,,,,,,,,,,
POINT (4.9225013 52.3617385),node/599590569,,,,,,,,44,,tower,,,,,,,,,,,,,,,,,,,communication,,,,,,,,,,,,,,,,,,,,,,,,,,,,,,,UMTS,,,,,,,,,,,,,,,,,,,,,,,,,,,,,,,,,,,,,,
POINT (4.922402 52.361659),node/599590573,,,,,,,,43,,tower,,,,,,,,,,,,,,,,,,,communication,,,,,,,,,,,,,,,,,,,,,,,,,,,,,,,GSM 900,,,,,,,,,,,,,,,,,,,,,,,,,,,,,,,,,,,,,,
POINT (4.9223719 52.3617024),node/599590576,,,,,,,,43,,tower,,,,,,,,,,,,,,,,,,,communication,,,,,,,,,,,,,,,,,,,,,,,,,,,,,,,GSM 1800,,,,,,,,,,,,,,,,,,,,,,,,,,,,,,,,,,,,,,
POINT (4.9225361 52.3616941),node/599590577,,,,,,,,40,,tower,,,,,,,,,,,,,,,,,,,communication,,,,,,,,,,,,,,,,,,,,,,,,,,,,,,,UMTS,,,,,,,,,,,,,,,,,,,,,,,,,,,,,,,,,,,,,,
POINT (4.9213327 52.3669333),node/599590579,,,,,,,,29,,tower,,,,,,,,,,,,,,,,,,,communication,,,,,,,,,,,,,,,,,,,,,,,,,,,,,,,UMTS,,,,,,,,,,,,,,,,,,,,,,,,,,,,,,,,,,,,,,
POINT (4.9213437 52.3669342),node/599590587,,,,,,,,33,,tower,,,,,,,,,,,,,,,,,,,communication,,,,,,,,,,,,,,,,,,,,,,,,,,,,,,,GSM 1800,,,,,,,,,,,,,,,,,,,,,,,,,,,,,,,,,,,,,,
POINT (4.9212826 52.3668799),node/599590588,,,,,,,,31,,tower,,,,,,,,,,,,,,,,,,,communication,,,,,,,,,,,,,,,,,,,,,,,,,,,,,,,UMTS,,,,,,,,,,,,,,,,,,,,,,,,,,,,,,,,,,,,,,
POINT (4.9212746 52.3668792),node/599590600,,,,,,,,29,,tower,,,,,,,,,,,,,,,,,,,communication,,,,,,,,,,,,,,,,,,,,,,,,,,,,,,,GSM 900,,,,,,,,,,,,,,,,,,,,,,,,,,,,,,,,,,,,,,
POINT (4.9206325 52.413963),node/599590604,,,,,,,,16,,tower,,,,,,,,,,,,,,,,,,,communication,,,,,,,,,,,,,,,,,,,,,,,,,,,,,,,GSM 1800,,,,,,,,,,,,,,,,,,,,,,,,,,,,,,,,,,,,,,
POINT (4.9211437 52.3583673),node/599590605,,,,,,,,23,,tower,,,,,,,,,,,,,,,,,,,communication,,,,,,,,,,,,,,,,,,,,,,,,,,,,,,,UMTS,,,,,,,,,,,,,,,,,,,,,,,,,,,,,,,,,,,,,,
POINT (4.9206538 52.3353419),node/599590606,,,,,,,,21,,tower,,,,,,,,,,,,,,,,,,,communication,,,,,,,,,,,,,,,,,,,,,,,,,,,,,,,UMTS,,,,,,,,,,,,,,,,,,,,,,,,,,,,,,,,,,,,,,
POINT (4.9206921 52.335336),node/599590608,,,,,,,,20,,tower,,,,,,,,,,,,,,,,,,,communication,,,,,,,,,,,,,,,,,,,,,,,,,,,,,,,GSM 900,,,,,,,,,,,,,,,,,,,,,,,,,,,,,,,,,,,,,,
POINT (4.9206666 52.3353298),node/599590609,,,,,,,,20,,tower,,,,,,,,,,,,,,,,,,,communication,,,,,,,,,,,,,,,,,,,,,,,,,,,,,,,GSM 1800,,,,,,,,,,,,,,,,,,,,,,,,,,,,,,,,,,,,,,
POINT (4.919907 52.3489523),node/599590612,,,,,,,,43,,tower,,,,,,,,,,,,,,,,,,,communication,,,,,,,,,,,,,,,,,,,,,,,,,,,,,,,UMTS,,,,,,,,,,,,,,,,,,,,,,,,,,,,,,,,,,,,,,
POINT (4.9192409 52.4054497),node/599590614,,,,,,,,30,,tower,,,,,,,,,,,,,,,,,,,communication,,,,,,,,,,,,,,,,,,,,,,,,,,,,,,,GSM 1800,,,,,,,,,,,,,,,,,,,,,,,,,,,,,,,,,,,,,,
POINT (4.919771 52.3479361),node/599590615,,,,,,,,42,,tower,,,,,,,,,,,,,,,,,,,communication,,,,,,,,,,,,,,,,,,,,,,,,,,,,,,,UMTS;GSM 1800;GSM 900,,,,,,,,,,,,,,,,,,,,,,,,,,,,,,,,,,,,,,
POINT (4.9190578 52.3726448),node/599590618,,,,,,,,20,,tower,,,,,,,,,,,,,,,,,,,communication,,,,,,,,,,,,,,,,,,,,,,,,,,,,,,,UMTS,,,,,,,,,,,,,,,,,,,,,,,,,,,,,,,,,,,,,,
POINT (4.9190746 52.3726545),node/599590619,,,,,,,,19,,tower,,,,,,,,,,,,,,,,,,,communication,,,,,,,,,,,,,,,,,,,,,,,,,,,,,,,GSM 1800,,,,,,,,,,,,,,,,,,,,,,,,,,,,,,,,,,,,,,
POINT (4.9189929 52.3531276),node/599590621,,,,,,,,20,,tower,,,,,,,,,,,,,,,,,,,communication,,,,,,,,,,,,,,,,,,,,,,,,,,,,,,,UMTS,,,,,,,,,,,,,,,,,,,,,,,,,,,,,,,,,,,,,,
POINT (4.9189575 52.3531348),node/599590622,,,,,,,,20,,tower,,,,,,,,,,,,,,,,,,,communication,,,,,,,,,,,,,,,,,,,,,,,,,,,,,,,GSM 900,,,,,,,,,,,,,,,,,,,,,,,,,,,,,,,,,,,,,,
POINT (4.9189822 52.3531459),node/599590623,,,,,,,,20,,tower,,,,,,,,,,,,,,,,,,,communication,,,,,,,,,,,,,,,,,,,,,,,,,,,,,,,GSM 1800,,,,,,,,,,,,,,,,,,,,,,,,,,,,,,,,,,,,,,
POINT (4.9179708 52.3641249),node/599590624,,,,,,,,21,,tower,,,,,,,,,,,,,,,,,,,communication,,,,,,,,,,,,,,,,,,,,,,,,,,,,,,,GSM 1800,,,,,,,,,,,,,,,,,,,,,,,,,,,,,,,,,,,,,,
POINT (4.9179864 52.3432105),node/599590625,,,,,,,,35,,tower,,,,,,,,,,,,,,,,,,,communication,,,,,,,,,,,,,,,,,,,,,,,,,,,,,,,GSM 900,,,,,,,,,,,,,,,,,,,,,,,,,,,,,,,,,,,,,,
POINT (4.9166551 52.3458302),node/599590626,,,,,,,,63,,tower,,,,,,,,,,,,,,,,,,,communication,,,,,,,,,,,,,,,,,,,,,,,,,,,,,,,GSM 900,,,,,,,,,,,,,,,,,,,,,,,,,,,,,,,,,,,,,,
POINT (4.9166009 52.344304),node/599590627,,,,,,,,95,,tower,,,,,,,,,,,,,,,,,,,communication,,,,,,,,,,,,,,,,,,,,,,,,,,,,,,,GSM 900,,,,,,,,,,,,,,,,,,,,,,,,,,,,,,,,,,,,,,
POINT (4.9150907 52.3326929),node/599590629,,,,,,,,24,,tower,,,,,,,,,,,,,,,,,,,communication,,,,,,,,,,,,,,,,,,,,,,,,,,,,,,,UMTS,,,,,,,,,,,,,,,,,,,,,,,,,,,,,,,,,,,,,,
POINT (4.9150607 52.3326832),node/599590630,,,,,,,,24,,tower,,,,,,,,,,,,,,,,,,,communication,,,,,,,,,,,,,,,,,,,,,,,,,,,,,,,GSM 1800,,,,,,,,,,,,,,,,,,,,,,,,,,,,,,,,,,,,,,
POINT (4.9137589 52.3914756),node/599590631,,,,,,,,15,,tower,,,,,,,,,,,,,,,,,,,communication,,,,,,,,,,,,,,,,,,,,,,,,,,,,,,,GSM 1800,,,,,,,,,,,,,,,,,,,,,,,,,,,,,,,,,,,,,,
POINT (4.9121638 52.3442748),node/599590634,,,,,,,,41,,tower,,,,,,,,,,,,,,,,,,,communication,,,,,,,,,,,,,,,,,,,,,,,,,,,,,,,UMTS,,,,,,,,,,,,,,,,,,,,,,,,,,,,,,,,,,,,,,
POINT (4.9121289 52.3442859),node/599590635,,,,,,,,41,,tower,,,,,,,,,,,,,,,,,,,communication,,,,,,,,,,,,,,,,,,,,,,,,,,,,,,,GSM 1800,,,,,,,,,,,,,,,,,,,,,,,,,,,,,,,,,,,,,,
POINT (4.9113151 52.3922158),node/599590639,,,,,,,,31,,tower,,,,,,,,,,,,,,,,,,,communication,,,,,,,,,,,,,,,,,,,,,,,,,,,,,,,UMTS,,,,,,,,,,,,,,,,,,,,,,,,,,,,,,,,,,,,,,
POINT (4.9112902 52.3922195),node/599590647,,,,,,,,39,,tower,,,,,,,,,,,,,,,,,,,communication,,,,,,,,,,,,,,,,,,,,,,,,,,,,,,,UMTS,,,,,,,,,,,,,,,,,,,,,,,,,,,,,,,,,,,,,,
POINT (4.9112753 52.3922212),node/599590662,,,,,,,,30,,tower,,,,,,,,,,,,,,,,,,,communication,,,,,,,,,,,,,,,,,,,,,,,,,,,,,,,GSM 900,,,,,,,,,,,,,,,,,,,,,,,,,,,,,,,,,,,,,,
POINT (4.9113011 52.3922178),node/599590664,,,,,,,,30,,tower,,,,,,,,,,,,,,,,,,,communication,,,,,,,,,,,,,,,,,,,,,,,,,,,,,,,GSM 1800,,,,,,,,,,,,,,,,,,,,,,,,,,,,,,,,,,,,,,
POINT (4.9116199 52.3553185),node/599590665,,,,,,,,0,,tower,,,,,,,,,,,,,,,,,,,communication,,,,,,,,,,,,,,,,,,,,,,,,,,,,,,,GSM 900,,,,,,,,,,,,,,,,,,,,,,,,,,,,,,,,,,,,,,
POINT (4.911706 52.3442858),node/599590666,,,,,,,,37,,tower,,,,,,,,,,,,,,,,,,,communication,,,,,,,,,,,,,,,,,,,,,,,,,,,,,,,GSM 900,,,,,,,,,,,,,,,,,,,,,,,,,,,,,,,,,,,,,,
POINT (4.9117379 52.344309),node/599590667,,,,,,,,37,,tower,,,,,,,,,,,,,,,,,,,communication,,,,,,,,,,,,,,,,,,,,,,,,,,,,,,,GSM 1800,,,,,,,,,,,,,,,,,,,,,,,,,,,,,,,,,,,,,,
POINT (4.9112906 52.3668664),node/599590670,,,,,,,,21,,tower,,,,,,,,,,,,,,,,,,,communication,,,,,,,,,,,,,,,,,,,,,,,,,,,,,,,UMTS,,,,,,,,,,,,,,,,,,,,,,,,,,,,,,,,,,,,,,
POINT (4.9111495 52.3668651),node/599590671,,,,,,,,19,,tower,,,,,,,,,,,,,,,,,,,communication,,,,,,,,,,,,,,,,,,,,,,,,,,,,,,,UMTS,,,,,,,,,,,,,,,,,,,,,,,,,,,,,,,,,,,,,,
POINT (4.9111291 52.3668658),node/599590696,,,,,,,,19,,tower,,,,,,,,,,,,,,,,,,,communication,,,,,,,,,,,,,,,,,,,,,,,,,,,,,,,GSM 1800,,,,,,,,,,,,,,,,,,,,,,,,,,,,,,,,,,,,,,
POINT (4.9111476 52.3549211),node/599590705,,,,,,,,27,,tower,,,,,,,,,,,,,,,,,,,communication,,,,,,,,,,,,,,,,,,,,,,,,,,,,,,,UMTS,,,,,,,,,,,,,,,,,,,,,,,,,,,,,,,,,,,,,,
POINT (4.9111251 52.3549211),node/599590706,,,,,,,,25,,tower,,,,,,,,,,,,,,,,,,,communication,,,,,,,,,,,,,,,,,,,,,,,,,,,,,,,GSM 1800,,,,,,,,,,,,,,,,,,,,,,,,,,,,,,,,,,,,,,
POINT (4.9081449 52.3513),node/599590712,,,,,,,,20,,tower,,,,,,,,,,,,,,,,,,,communication,,,,,,,,,,,,,,,,,,,,,,,,,,,,,,,UMTS,,,,,,,,,,,,,,,,,,,,,,,,,,,,,,,,,,,,,,
POINT (4.9081698 52.3512961),node/599590713,,,,,,,,20,,tower,,,,,,,,,,,,,,,,,,,communication,,,,,,,,,,,,,,,,,,,,,,,,,,,,,,,GSM 1800,,,,,,,,,,,,,,,,,,,,,,,,,,,,,,,,,,,,,,
POINT (4.9074308 52.4047159),node/599590714,,,,,,,,31,,tower,,,,,,,,,,,,,,,,,,,communication,,,,,,,,,,,,,,,,,,,,,,,,,,,,,,,GSM 900,,,,,,,,,,,,,,,,,,,,,,,,,,,,,,,,,,,,,,
POINT (4.9073734 52.4045899),node/599590715,,,,,,,,32,,tower,,,,,,,,,,,,,,,,,,,communication,,,,,,,,,,,,,,,,,,,,,,,,,,,,,,,UMTS,,,,,,,,,,,,,,,,,,,,,,,,,,,,,,,,,,,,,,
POINT (4.9073734 52.4045899),node/599590716,,,,,,,,32,,tower,,,,,,,,,,,,,,,,,,,communication,,,,,,,,,,,,,,,,,,,,,,,,,,,,,,,GSM 1800,,,,,,,,,,,,,,,,,,,,,,,,,,,,,,,,,,,,,,
POINT (4.9050821 52.3476961),node/599590720,,,,,,,,23,,tower,,,,,,,,,,,,,,,,,,,communication,,,,,,,,,,,,,,,,,,,,,,,,,,,,,,,UMTS,,,,,,,,,,,,,,,,,,,,,,,,,,,,,,,,,,,,,,
POINT (4.9050973 52.3476975),node/599590721,,,,,,,,23,,tower,,,,,,,,,,,,,,,,,,,communication,,,,,,,,,,,,,,,,,,,,,,,,,,,,,,,GSM 900,,,,,,,,,,,,,,,,,,,,,,,,,,,,,,,,,,,,,,
POINT (4.9051117 52.3476966),node/599590722,,,,,,,,23,,tower,,,,,,,,,,,,,,,,,,,communication,,,,,,,,,,,,,,,,,,,,,,,,,,,,,,,GSM 1800,,,,,,,,,,,,,,,,,,,,,,,,,,,,,,,,,,,,,,
POINT (4.905114 52.3475088),node/599590723,,,,,,,,26,,tower,,,,,,,,,,,,,,,,,,,communication,,,,,,,,,,,,,,,,,,,,,,,,,,,,,,,UMTS,,,,,,,,,,,,,,,,,,,,,,,,,,,,,,,,,,,,,,
POINT (4.9048596 52.3459277),node/599590730,,,,,,,,22,,tower,,,,,,,,,,,,,,,,,,,communication,,,,,,,,,,,,,,,,,,,,,,,,,,,,,,,GSM 1800,,,,,,,,,,,,,,,,,,,,,,,,,,,,,,,,,,,,,,
POINT (4.9038696 52.371492),node/599590764,,,,,,,,22,,tower,,,,,,,,,,,,,,,,,,,communication,,,,,,,,,,,,,,,,,,,,,,,,,,,,,,,UMTS,,,,,,,,,,,,,,,,,,,,,,,,,,,,,,,,,,,,,,
POINT (4.90333 52.4088425),node/599590765,,,,,,,,21,,tower,,,,,,,,,,,,,,,,,,,communication,,,,,,,,,,,,,,,,,,,,,,,,,,,,,,,UMTS,,,,,,,,,,,,,,,,,,,,,,,,,,,,,,,,,,,,,,
POINT (4.9026733 52.3680897),node/599590766,,,,,,,,0,,tower,,,,,,,,,,,,,,,,,,,communication,,,,,,,,,,,,,,,,,,,,,,,,,,,,,,,GSM 900,,,,,,,,,,,,,,,,,,,,,,,,,,,,,,,,,,,,,,
POINT (4.902769 52.3671623),node/599590767,,,,,,,,26,,tower,,,,,,,,,,,,,,,,,,,communication,,,,,,,,,,,,,,,,,,,,,,,,,,,,,,,UMTS,,,,,,,,,,,,,,,,,,,,,,,,,,,,,,,,,,,,,,
POINT (4.902683 52.3672),node/599590768,,,,,,,,23,,tower,,,,,,,,,,,,,,,,,,,communication,,,,,,,,,,,,,,,,,,,,,,,,,,,,,,,GSM 900,,,,,,,,,,,,,,,,,,,,,,,,,,,,,,,,,,,,,,
POINT (4.9020194 52.3688061),node/599590769,,,,,,,,34,,tower,,,,,,,,,,,,,,,,,,,communication,,,,,,,,,,,,,,,,,,,,,,,,,,,,,,,GSM 1800,,,,,,,,,,,,,,,,,,,,,,,,,,,,,,,,,,,,,,
POINT (4.9016321 52.3757074),node/599590770,,,,,,,,23,,tower,,,,,,,,,,,,,,,,,,,communication,,,,,,,,,,,,,,,,,,,,,,,,,,,,,,,UMTS,,,,,,,,,,,,,,,,,,,,,,,,,,,,,,,,,,,,,,
POINT (4.9017951 52.34266),node/599590771,,,,,,,,18,,tower,,,,,,,,,,,,,,,,,,,communication,,,,,,,,,,,,,,,,,,,,,,,,,,,,,,,GSM 1800,,,,,,,,,,,,,,,,,,,,,,,,,,,,,,,,,,,,,,
POINT (4.900533 52.3758104),node/599590891,,,,,,,,7,,tower,,,,,,,,,,,,,,,,,,,communication,,,,,,,,,,,,,,,,,,,,,,,,,,,,,,,GSM 900,,,,,,,,,,,,,,,,,,,,,,,,,,,,,,,,,,,,,,
POINT (4.9005488 52.3743724),node/599590892,,,,,,,,7,,tower,,,,,,,,,,,,,,,,,,,communication,,,,,,,,,,,,,,,,,,,,,,,,,,,,,,,GSM 900,,,,,,,,,,,,,,,,,,,,,,,,,,,,,,,,,,,,,,
POINT (4.9004266 52.372125),node/599590893,,,,,,,,0,,tower,,,,,,,,,,,,,,,,,,,communication,,,,,,,,,,,,,,,,,,,,,,,,,,,,,,,GSM 900,,,,,,,,,,,,,,,,,,,,,,,,,,,,,,,,,,,,,,
POINT (4.899958 52.3706671),node/599590894,,,,,,,,7,,tower,,,,,,,,,,,,,,,,,,,communication,,,,,,,,,,,,,,,,,,,,,,,,,,,,,,,GSM 900,,,,,,,,,,,,,,,,,,,,,,,,,,,,,,,,,,,,,,
POINT (4.8998844 52.3612106),node/599590895,,,,,,,,23,,tower,,,,,,,,,,,,,,,,,,,communication,,,,,,,,,,,,,,,,,,,,,,,,,,,,,,,UMTS,,,,,,,,,,,,,,,,,,,,,,,,,,,,,,,,,,,,,,
POINT (4.8998875 52.3612103),node/599590896,,,,,,,,22,,tower,,,,,,,,,,,,,,,,,,,communication,,,,,,,,,,,,,,,,,,,,,,,,,,,,,,,GSM 1800,,,,,,,,,,,,,,,,,,,,,,,,,,,,,,,,,,,,,,
POINT (4.8998333 52.3472715),node/599590898,,,,,,,,23,,tower,,,,,,,,,,,,,,,,,,,communication,,,,,,,,,,,,,,,,,,,,,,,,,,,,,,,UMTS,,,,,,,,,,,,,,,,,,,,,,,,,,,,,,,,,,,,,,
POINT (4.8998151 52.3472729),node/599590899,,,,,,,,23,,tower,,,,,,,,,,,,,,,,,,,communication,,,,,,,,,,,,,,,,,,,,,,,,,,,,,,,GSM 1800,,,,,,,,,,,,,,,,,,,,,,,,,,,,,,,,,,,,,,
POINT (4.8995099 52.3676816),node/599590900,,,,,,,,5,,tower,,,,,,,,,,,,,,,,,,,communication,,,,,,,,,,,,,,,,,,,,,,,,,,,,,,,GSM 900,,,,,,,,,,,,,,,,,,,,,,,,,,,,,,,,,,,,,,
POINT (4.8989434 52.3734671),node/599590901,,,,,,,,7,,tower,,,,,,,,,,,,,,,,,,,communication,,,,,,,,,,,,,,,,,,,,,,,,,,,,,,,GSM 900,,,,,,,,,,,,,,,,,,,,,,,,,,,,,,,,,,,,,,
POINT (4.8985734 52.3735818),node/599590903,,,,,,,,25,,tower,,,,,,,,,,,,,,,,,,,communication,,,,,,,,,,,,,,,,,,,,,,,,,,,,,,,UMTS;GSM 1800,,,,,,,,,,,,,,,,,,,,,,,,,,,,,,,,,,,,,,
POINT (4.8976816 52.358731),node/599590998,,,,,,,,22,,tower,,,,,,,,,,,,,,,,,,,communication,,,,,,,,,,,,,,,,,,,,,,,,,,,,,,,UMTS,,,,,,,,,,,,,,,,,,,,,,,,,,,,,,,,,,,,,,
POINT (4.8974899 52.3721129),node/599590999,,,,,,,,7,,tower,,,,,,,,,,,,,,,,,,,communication,,,,,,,,,,,,,,,,,,,,,,,,,,,,,,,GSM 900,,,,,,,,,,,,,,,,,,,,,,,,,,,,,,,,,,,,,,
POINT (4.8975483 52.3588383),node/599591000,,,,,,,,24,,tower,,,,,,,,,,,,,,,,,,,communication,,,,,,,,,,,,,,,,,,,,,,,,,,,,,,,UMTS,,,,,,,,,,,,,,,,,,,,,,,,,,,,,,,,,,,,,,
POINT (4.8975563 52.3588383),node/599591001,,,,,,,,24,,tower,,,,,,,,,,,,,,,,,,,communication,,,,,,,,,,,,,,,,,,,,,,,,,,,,,,,GSM 900,,,,,,,,,,,,,,,,,,,,,,,,,,,,,,,,,,,,,,
POINT (4.89754 52.3588363),node/599591002,,,,,,,,24,,tower,,,,,,,,,,,,,,,,,,,communication,,,,,,,,,,,,,,,,,,,,,,,,,,,,,,,GSM 1800,,,,,,,,,,,,,,,,,,,,,,,,,,,,,,,,,,,,,,
POINT (4.8970377 52.3701596),node/599591003,,,,,,,,27,,tower,,,,,,,,,,,,,,,,,,,communication,,,,,,,,,,,,,,,,,,,,,,,,,,,,,,,UMTS,,,,,,,,,,,,,,,,,,,,,,,,,,,,,,,,,,,,,,
POINT (4.8970415 52.3701607),node/599591004,,,,,,,,27,,tower,,,,,,,,,,,,,,,,,,,communication,,,,,,,,,,,,,,,,,,,,,,,,,,,,,,,GSM 1800,,,,,,,,,,,,,,,,,,,,,,,,,,,,,,,,,,,,,,
POINT (4.8968452 52.3566419),node/599591005,,,,,,,,19,,tower,,,,,,,,,,,,,,,,,,,communication,,,,,,,,,,,,,,,,,,,,,,,,,,,,,,,UMTS,,,,,,,,,,,,,,,,,,,,,,,,,,,,,,,,,,,,,,
POINT (4.8968532 52.3566424),node/599591006,,,,,,,,19,,tower,,,,,,,,,,,,,,,,,,,communication,,,,,,,,,,,,,,,,,,,,,,,,,,,,,,,GSM 1800,,,,,,,,,,,,,,,,,,,,,,,,,,,,,,,,,,,,,,
POINT (4.8965825 52.3744909),node/599591009,,,,,,,,7,,tower,,,,,,,,,,,,,,,,,,,communication,,,,,,,,,,,,,,,,,,,,,,,,,,,,,,,GSM 900,,,,,,,,,,,,,,,,,,,,,,,,,,,,,,,,,,,,,,
POINT (4.8961713 52.3718378),node/599591010,,,,,,,,7,,tower,,,,,,,,,,,,,,,,,,,communication,,,,,,,,,,,,,,,,,,,,,,,,,,,,,,,GSM 900,,,,,,,,,,,,,,,,,,,,,,,,,,,,,,,,,,,,,,
POINT (4.8961042 52.3381065),node/599591011,,,,,,,,17,,mast,,,,,,,,,,,,,,,,,,,communication,,,,,,,,,,,,,,,,,,,,,,,,,,,,,,,GSM 1800,,,,,,,,,,,,,,,,,,,,,,,,,,,,,,,,,,,,,,
POINT (4.8956457 52.3662632),node/599591013,,,,,,,,8,,tower,,,,,,,,,,,,,,,,,,,communication,,,,,,,,,,,,,,,,,,,,,,,,,,,,,,,GSM 900,,,,,,,,,,,,,,,,,,,,,,,,,,,,,,,,,,,,,,
POINT (4.8958922 52.340029),node/599591014,,,,,,,,21,,mast,,,,,,,,,,,,,,,,,,,communication,,,,,,,,,,,,,,,,,,,,,,,,,,,,,,,UMTS,,,,,,,,,,,,,,,,,,,,,,,,,,,,,,,,,,,,,,
POINT (4.8949404 52.4139399),node/599591018,,,,,,,,31,,tower,,,,,,,,,,,,,,,,,,,communication,,,,,,,,,,,,,,,,,,,,,,,,,,,,,,,GSM 1800,,,,,,,,,,,,,,,,,,,,,,,,,,,,,,,,,,,,,,
POINT (4.8934385 52.3667034),node/599591151,,,,,,,,5,,tower,,,,,,,,,,,,,,,,,,,communication,,,,,,,,,,,,,,,,,,,,,,,,,,,,,,,GSM 900,,,,,,,,,,,,,,,,,,,,,,,,,,,,,,,,,,,,,,
POINT (4.8928142 52.3660717),node/599591159,,,,,,,,36,,tower,,,,,,,,,,,,,,,,,,,communication,,,,,,,,,,,,,,,,,,,,,,,,,,,,,,,UMTS,,,,,,,,,,,,,,,,,,,,,,,,,,,,,,,,,,,,,,
POINT (4.8928074 52.366071),node/599591160,,,,,,,,33,,tower,,,,,,,,,,,,,,,,,,,communication,,,,,,,,,,,,,,,,,,,,,,,,,,,,,,,GSM 900,,,,,,,,,,,,,,,,,,,,,,,,,,,,,,,,,,,,,,
POINT (4.892821 52.3660705),node/599591161,,,,,,,,33,,tower,,,,,,,,,,,,,,,,,,,communication,,,,,,,,,,,,,,,,,,,,,,,,,,,,,,,GSM 1800,,,,,,,,,,,,,,,,,,,,,,,,,,,,,,,,,,,,,,
POINT (4.8922835 52.4057411),node/599591162,,,,,,,,38,,tower,,,,,,,,,,,,,,,,,,,communication,,,,,,,,,,,,,,,,,,,,,,,,,,,,,,,UMTS,,,,,,,,,,,,,,,,,,,,,,,,,,,,,,,,,,,,,,
POINT (4.8922835 52.4057411),node/599591163,,,,,,,,38,,tower,,,,,,,,,,,,,,,,,,,communication,,,,,,,,,,,,,,,,,,,,,,,,,,,,,,,GSM 900,,,,,,,,,,,,,,,,,,,,,,,,,,,,,,,,,,,,,,
POINT (4.8922835 52.4057411),node/599591164,,,,,,,,38,,tower,,,,,,,,,,,,,,,,,,,communication,,,,,,,,,,,,,,,,,,,,,,,,,,,,,,,GSM 1800,,,,,,,,,,,,,,,,,,,,,,,,,,,,,,,,,,,,,,
POINT (4.8925063 52.3713013),node/599591165,,,,,,,,8,,tower,,,,,,,,,,,,,,,,,,,communication,,,,,,,,,,,,,,,,,,,,,,,,,,,,,,,GSM 900,,,,,,,,,,,,,,,,,,,,,,,,,,,,,,,,,,,,,,
POINT (4.8926072 52.3635633),node/599591166,,,,,,,,17,,tower,,,,,,,,,,,,,,,,,,,communication,,,,,,,,,,,,,,,,,,,,,,,,,,,,,,,GSM 1800,,,,,,,,,,,,,,,,,,,,,,,,,,,,,,,,,,,,,,
POINT (4.8925406 52.357685),node/599591167,,,,,,,,32,,tower,,,,,,,,,,,,,,,,,,,communication,,,,,,,,,,,,,,,,,,,,,,,,,,,,,,,UMTS,,,,,,,,,,,,,,,,,,,,,,,,,,,,,,,,,,,,,,
POINT (4.8925561 52.357685),node/599591168,,,,,,,,32,,tower,,,,,,,,,,,,,,,,,,,communication,,,,,,,,,,,,,,,,,,,,,,,,,,,,,,,GSM 1800,,,,,,,,,,,,,,,,,,,,,,,,,,,,,,,,,,,,,,
POINT (4.8918628 52.4039328),node/599591184,,,,,,,,23,,tower,,,,,,,,,,,,,,,,,,,communication,,,,,,,,,,,,,,,,,,,,,,,,,,,,,,,UMTS,,,,,,,,,,,,,,,,,,,,,,,,,,,,,,,,,,,,,,
POINT (4.8921495 52.3664284),node/599591185,,,,,,,,28,,tower,,,,,,,,,,,,,,,,,,,communication,,,,,,,,,,,,,,,,,,,,,,,,,,,,,,,UMTS,,,,,,,,,,,,,,,,,,,,,,,,,,,,,,,,,,,,,,
POINT (4.8921432 52.3664284),node/599591186,,,,,,,,28,,tower,,,,,,,,,,,,,,,,,,,communication,,,,,,,,,,,,,,,,,,,,,,,,,,,,,,,GSM 1800,,,,,,,,,,,,,,,,,,,,,,,,,,,,,,,,,,,,,,
POINT (4.8921307 52.3716492),node/599591187,,,,,,,,8,,tower,,,,,,,,,,,,,,,,,,,communication,,,,,,,,,,,,,,,,,,,,,,,,,,,,,,,GSM 900,,,,,,,,,,,,,,,,,,,,,,,,,,,,,,,,,,,,,,
POINT (4.8918517 52.349533),node/599591192,,,,,,,,26,,mast,,,,,,,,,,,,,,,,,,,communication,,,,,,,,,,,,,,,,,,,,,,,,,,,,,,,UMTS,,,,,,,,,,,,,,,,,,,,,,,,,,,,,,,,,,,,,,
POINT (4.8918874 52.3495389),node/599591193,,,,,,,,26,,mast,,,,,,,,,,,,,,,,,,,communication,,,,,,,,,,,,,,,,,,,,,,,,,,,,,,,GSM 900,,,,,,,,,,,,,,,,,,,,,,,,,,,,,,,,,,,,,,
POINT (4.8918683 52.3495303),node/599591194,,,,,,,,26,,mast,,,,,,,,,,,,,,,,,,,communication,,,,,,,,,,,,,,,,,,,,,,,,,,,,,,,GSM 1800,,,,,,,,,,,,,,,,,,,,,,,,,,,,,,,,,,,,,,
POINT (4.8917101 52.3597577),node/599591195,,,,,,,,22,,tower,,,,,,,,,,,,,,,,,,,communication,,,,,,,,,,,,,,,,,,,,,,,,,,,,,,,UMTS,,,,,,,,,,,,,,,,,,,,,,,,,,,,,,,,,,,,,,
POINT (4.8917139 52.3597575),node/599591196,,,,,,,,21,,tower,,,,,,,,,,,,,,,,,,,communication,,,,,,,,,,,,,,,,,,,,,,,,,,,,,,,GSM 900,,,,,,,,,,,,,,,,,,,,,,,,,,,,,,,,,,,,,,
POINT (4.8917055 52.3597577),node/599591197,,,,,,,,21,,tower,,,,,,,,,,,,,,,,,,,communication,,,,,,,,,,,,,,,,,,,,,,,,,,,,,,,GSM 1800,,,,,,,,,,,,,,,,,,,,,,,,,,,,,,,,,,,,,,
POINT (4.891578 52.3489121),node/599591198,,,,,,,,26,,mast,,,,,,,,,,,,,,,,,,,communication,,,,,,,,,,,,,,,,,,,,,,,,,,,,,,,UMTS,,,,,,,,,,,,,,,,,,,,,,,,,,,,,,,,,,,,,,
POINT (4.8915818 52.3489),node/599591201,,,,,,,,25,,mast,,,,,,,,,,,,,,,,,,,communication,,,,,,,,,,,,,,,,,,,,,,,,,,,,,,,GSM 900,,,,,,,,,,,,,,,,,,,,,,,,,,,,,,,,,,,,,,
POINT (4.8915697 52.3488906),node/599591209,,,,,,,,25,,mast,,,,,,,,,,,,,,,,,,,communication,,,,,,,,,,,,,,,,,,,,,,,,,,,,,,,GSM 1800,,,,,,,,,,,,,,,,,,,,,,,,,,,,,,,,,,,,,,
POINT (4.8909921 52.3688323),node/599591230,,,,,,,,8,,tower,,,,,,,,,,,,,,,,,,,communication,,,,,,,,,,,,,,,,,,,,,,,,,,,,,,,GSM 900,,,,,,,,,,,,,,,,,,,,,,,,,,,,,,,,,,,,,,
POINT (4.8909383 52.3539484),node/599591231,,,,,,,,22,,tower,,,,,,,,,,,,,,,,,,,communication,,,,,,,,,,,,,,,,,,,,,,,,,,,,,,,UMTS,,,,,,,,,,,,,,,,,,,,,,,,,,,,,,,,,,,,,,
POINT (4.8909241 52.3539034),node/599591233,,,,,,,,21,,tower,,,,,,,,,,,,,,,,,,,communication,,,,,,,,,,,,,,,,,,,,,,,,,,,,,,,UMTS,,,,,,,,,,,,,,,,,,,,,,,,,,,,,,,,,,,,,,
POINT (4.8906817 52.3690107),node/599591263,,,,,,,,27,,tower,,,,,,,,,,,,,,,,,,,communication,,,,,,,,,,,,,,,,,,,,,,,,,,,,,,,UMTS,,,,,,,,,,,,,,,,,,,,,,,,,,,,,,,,,,,,,,
POINT (4.889683 52.4187803),node/599591285,,,,,,,,37,,tower,,,,,,,,,,,,,,,,,,,communication,,,,,,,,,,,,,,,,,,,,,,,,,,,,,,,GSM 1800,,,,,,,,,,,,,,,,,,,,,,,,,,,,,,,,,,,,,,
POINT (4.8902004 52.3674089),node/599591335,,,,,,,,5,,tower,,,,,,,,,,,,,,,,,,,communication,,,,,,,,,,,,,,,,,,,,,,,,,,,,,,,GSM 900,,,,,,,,,,,,,,,,,,,,,,,,,,,,,,,,,,,,,,
POINT (4.8894988 52.371055),node/599591364,,,,,,,,22,,tower,,,,,,,,,,,,,,,,,,,communication,,,,,,,,,,,,,,,,,,,,,,,,,,,,,,,UMTS,,,,,,,,,,,,,,,,,,,,,,,,,,,,,,,,,,,,,,
POINT (4.8884948 52.3885228),node/599591495,,,,,,,,24,,tower,,,,,,,,,,,,,,,,,,,communication,,,,,,,,,,,,,,,,,,,,,,,,,,,,,,,GSM 1800,,,,,,,,,,,,,,,,,,,,,,,,,,,,,,,,,,,,,,
POINT (4.887913 52.4206153),node/599591583,,,,,,,,34,,tower,,,,,,,,,,,,,,,,,,,communication,,,,,,,,,,,,,,,,,,,,,,,,,,,,,,,GSM 900,,,,,,,,,,,,,,,,,,,,,,,,,,,,,,,,,,,,,,
POINT (4.8879384 52.3903584),node/599591639,,,,,,,,21;22,,tower,,,,,,,,,,,,,,,,,,,communication,,,,,,,,,,,,,,,,,,,,,,,,,,,,,,,GSM 900;UMTS,,,,,,,,,,,,,,,,,,,,,,,,,,,,,,,,,,,,,,
POINT (4.8881385 52.3666722),node/599591681,,,,,,,,10,,tower,,,,,,,,,,,,,,,,,,,communication,,,,,,,,,,,,,,,,,,,,,,,,,,,,,,,GSM 900,,,,,,,,,,,,,,,,,,,,,,,,,,,,,,,,,,,,,,
POINT (4.888114 52.3636253),node/599591682,,,,,,,,22,,tower,,,,,,,,,,,,,,,,,,,communication,,,,,,,,,,,,,,,,,,,,,,,,,,,,,,,UMTS,,,,,,,,,,,,,,,,,,,,,,,,,,,,,,,,,,,,,,
POINT (4.8877125 52.3703464),node/599591685,,,,,,,,29,,tower,,,,,,,,,,,,,,,,,,,communication,,,,,,,,,,,,,,,,,,,,,,,,,,,,,,,UMTS,,,,,,,,,,,,,,,,,,,,,,,,,,,,,,,,,,,,,,
POINT (4.8876948 52.3703398),node/599591686,,,,,,,,26,,tower,,,,,,,,,,,,,,,,,,,communication,,,,,,,,,,,,,,,,,,,,,,,,,,,,,,,GSM 900,,,,,,,,,,,,,,,,,,,,,,,,,,,,,,,,,,,,,,
POINT (4.8877007 52.3703464),node/599591687,,,,,,,,26,,tower,,,,,,,,,,,,,,,,,,,communication,,,,,,,,,,,,,,,,,,,,,,,,,,,,,,,GSM 1800,,,,,,,,,,,,,,,,,,,,,,,,,,,,,,,,,,,,,,
POINT (4.8870531 52.3613649),node/599591690,,,,,,,,6,,tower,,,,,,,,,,,,,,,,,,,communication,,,,,,,,,,,,,,,,,,,,,,,,,,,,,,,GSM 900,,,,,,,,,,,,,,,,,,,,,,,,,,,,,,,,,,,,,,
POINT (4.8870542 52.361266),node/599591691,,,,,,,,21,,tower,,,,,,,,,,,,,,,,,,,communication,,,,,,,,,,,,,,,,,,,,,,,,,,,,,,,UMTS,,,,,,,,,,,,,,,,,,,,,,,,,,,,,,,,,,,,,,
POINT (4.8870472 52.3612642),node/599591692,,,,,,,,21,,tower,,,,,,,,,,,,,,,,,,,communication,,,,,,,,,,,,,,,,,,,,,,,,,,,,,,,GSM 1800,,,,,,,,,,,,,,,,,,,,,,,,,,,,,,,,,,,,,,
POINT (4.8866554 52.3719796),node/599591736,,,,,,,,21,,tower,,,,,,,,,,,,,,,,,,,communication,,,,,,,,,,,,,,,,,,,,,,,,,,,,,,,UMTS,,,,,,,,,,,,,,,,,,,,,,,,,,,,,,,,,,,,,,
POINT (4.8859537 52.4079884),node/599591768,,,,,,,,15,,tower,,,,,,,,,,,,,,,,,,,communication,,,,,,,,,,,,,,,,,,,,,,,,,,,,,,,UMTS,,,,,,,,,,,,,,,,,,,,,,,,,,,,,,,,,,,,,,
POINT (4.8861888 52.3546923),node/599591803,,,,,,,,19,,tower,,,,,,,,,,,,,,,,,,,communication,,,,,,,,,,,,,,,,,,,,,,,,,,,,,,,UMTS,,,,,,,,,,,,,,,,,,,,,,,,,,,,,,,,,,,,,,
POINT (4.8861842 52.3546821),node/599591810,,,,,,,,21,,tower,,,,,,,,,,,,,,,,,,,communication,,,,,,,,,,,,,,,,,,,,,,,,,,,,,,,GSM 1800,,,,,,,,,,,,,,,,,,,,,,,,,,,,,,,,,,,,,,
POINT (4.8855274 52.3872341),node/599591811,,,,,,,,26,,tower,,,,,,,,,,,,,,,,,,,communication,,,,,,,,,,,,,,,,,,,,,,,,,,,,,,,UMTS,,,,,,,,,,,,,,,,,,,,,,,,,,,,,,,,,,,,,,
POINT (4.885697 52.3566496),node/599591814,,,,,,,,22,,tower,,,,,,,,,,,,,,,,,,,communication,,,,,,,,,,,,,,,,,,,,,,,,,,,,,,,UMTS,,,,,,,,,,,,,,,,,,,,,,,,,,,,,,,,,,,,,,
POINT (4.885672 52.3566399),node/599591821,,,,,,,,19,,tower,,,,,,,,,,,,,,,,,,,communication,,,,,,,,,,,,,,,,,,,,,,,,,,,,,,,GSM 900,,,,,,,,,,,,,,,,,,,,,,,,,,,,,,,,,,,,,,
POINT (4.8857008 52.3566362),node/599591825,,,,,,,,19,,tower,,,,,,,,,,,,,,,,,,,communication,,,,,,,,,,,,,,,,,,,,,,,,,,,,,,,GSM 1800,,,,,,,,,,,,,,,,,,,,,,,,,,,,,,,,,,,,,,
POINT (4.8848878 52.3490582),node/599591833,,,,,,,,25,,mast,,,,,,,,,,,,,,,,,,,communication,,,,,,,,,,,,,,,,,,,,,,,,,,,,,,,UMTS,,,,,,,,,,,,,,,,,,,,,,,,,,,,,,,,,,,,,,
POINT (4.8849022 52.3490605),node/599591841,,,,,,,,25,,mast,,,,,,,,,,,,,,,,,,,communication,,,,,,,,,,,,,,,,,,,,,,,,,,,,,,,GSM 1800,,,,,,,,,,,,,,,,,,,,,,,,,,,,,,,,,,,,,,
POINT (4.8841095 52.3626911),node/599591850,,,,,,,,6,,tower,,,,,,,,,,,,,,,,,,,communication,,,,,,,,,,,,,,,,,,,,,,,,,,,,,,,GSM 900,,,,,,,,,,,,,,,,,,,,,,,,,,,,,,,,,,,,,,
POINT (4.8843725 52.3452924),node/599591854,,,,,,,,22,,mast,,,,,,,,,,,,,,,,,,,communication,,,,,,,,,,,,,,,,,,,,,,,,,,,,,,,UMTS,,,,,,,,,,,,,,,,,,,,,,,,,,,,,,,,,,,,,,
POINT (4.8843581 52.3452933),node/599591862,,,,,,,,22,,mast,,,,,,,,,,,,,,,,,,,communication,,,,,,,,,,,,,,,,,,,,,,,,,,,,,,,GSM 900,,,,,,,,,,,,,,,,,,,,,,,,,,,,,,,,,,,,,,
POINT (4.8835887 52.4091917),node/599591869,,,,,,,,24,,tower,,,,,,,,,,,,,,,,,,,communication,,,,,,,,,,,,,,,,,,,,,,,,,,,,,,,GSM 900,,,,,,,,,,,,,,,,,,,,,,,,,,,,,,,,,,,,,,
POINT (4.8839993 52.368265),node/599591870,,,,,,,,25,,tower,,,,,,,,,,,,,,,,,,,communication,,,,,,,,,,,,,,,,,,,,,,,,,,,,,,,UMTS,,,,,,,,,,,,,,,,,,,,,,,,,,,,,,,,,,,,,,
POINT (4.88398 52.3682634),node/599591871,,,,,,,,25,,tower,,,,,,,,,,,,,,,,,,,communication,,,,,,,,,,,,,,,,,,,,,,,,,,,,,,,GSM 1800,,,,,,,,,,,,,,,,,,,,,,,,,,,,,,,,,,,,,,
POINT (4.8834224 52.3708136),node/599591877,,,,,,,,20,,tower,,,,,,,,,,,,,,,,,,,communication,,,,,,,,,,,,,,,,,,,,,,,,,,,,,,,UMTS,,,,,,,,,,,,,,,,,,,,,,,,,,,,,,,,,,,,,,
POINT (4.8830537 52.3580553),node/599591878,,,,,,,,8,,tower,,,,,,,,,,,,,,,,,,,communication,,,,,,,,,,,,,,,,,,,,,,,,,,,,,,,GSM 900,,,,,,,,,,,,,,,,,,,,,,,,,,,,,,,,,,,,,,
POINT (4.8830681 52.3580585),node/599591880,,,,,,,,8,,tower,,,,,,,,,,,,,,,,,,,communication,,,,,,,,,,,,,,,,,,,,,,,,,,,,,,,GSM 1800,,,,,,,,,,,,,,,,,,,,,,,,,,,,,,,,,,,,,,
POINT (4.8826155 52.3658796),node/599591881,,,,,,,,6,,tower,,,,,,,,,,,,,,,,,,,communication,,,,,,,,,,,,,,,,,,,,,,,,,,,,,,,GSM 900,,,,,,,,,,,,,,,,,,,,,,,,,,,,,,,,,,,,,,
POINT (4.8834156 52.3646633),node/599591882,,,,,,,,10,,tower,,,,,,,,,,,,,,,,,,,communication,,,,,,,,,,,,,,,,,,,,,,,,,,,,,,,GSM 900,,,,,,,,,,,,,,,,,,,,,,,,,,,,,,,,,,,,,,
POINT (4.8826135 52.3621088),node/599591883,,,,,,,,12,,tower,,,,,,,,,,,,,,,,,,,communication,,,,,,,,,,,,,,,,,,,,,,,,,,,,,,,GSM 900,,,,,,,,,,,,,,,,,,,,,,,,,,,,,,,,,,,,,,
POINT (4.8823547 52.3704405),node/599591884,,,,,,,,21,,tower,,,,,,,,,,,,,,,,,,,communication,,,,,,,,,,,,,,,,,,,,,,,,,,,,,,,GSM 1800,,,,,,,,,,,,,,,,,,,,,,,,,,,,,,,,,,,,,,
POINT (4.8821966 52.3732357),node/599591895,,,,,,,,25,,tower,,,,,,,,,,,,,,,,,,,communication,,,,,,,,,,,,,,,,,,,,,,,,,,,,,,,UMTS,,,,,,,,,,,,,,,,,,,,,,,,,,,,,,,,,,,,,,
POINT (4.8821908 52.373235),node/599591899,,,,,,,,24,,tower,,,,,,,,,,,,,,,,,,,communication,,,,,,,,,,,,,,,,,,,,,,,,,,,,,,,GSM 900,,,,,,,,,,,,,,,,,,,,,,,,,,,,,,,,,,,,,,
POINT (4.8823381 52.3486811),node/599591903,,,,,,,,30,,mast,,,,,,,,,,,,,,,,,,,communication,,,,,,,,,,,,,,,,,,,,,,,,,,,,,,,GSM 900,,,,,,,,,,,,,,,,,,,,,,,,,,,,,,,,,,,,,,
POINT (4.8815923 52.3591302),node/599591906,,,,,,,,21,,tower,,,,,,,,,,,,,,,,,,,communication,,,,,,,,,,,,,,,,,,,,,,,,,,,,,,,GSM 1800,,,,,,,,,,,,,,,,,,,,,,,,,,,,,,,,,,,,,,
POINT (4.8811357 52.363746),node/599591908,,,,,,,,34,,tower,,,,,,,,,,,,,,,,,,,communication,,,,,,,,,,,,,,,,,,,,,,,,,,,,,,,UMTS,,,,,,,,,,,,,,,,,,,,,,,,,,,,,,,,,,,,,,
POINT (4.8812551 52.3638568),node/599591909,,,,,,,,31,,tower,,,,,,,,,,,,,,,,,,,communication,,,,,,,,,,,,,,,,,,,,,,,,,,,,,,,GSM 900;GSM 1800,,,,,,,,,,,,,,,,,,,,,,,,,,,,,,,,,,,,,,
POINT (4.8807261 52.3848901),node/599591913,,,,,,,,26,,tower,,,,,,,,,,,,,,,,,,,communication,,,,,,,,,,,,,,,,,,,,,,,,,,,,,,,GSM 900,,,,,,,,,,,,,,,,,,,,,,,,,,,,,,,,,,,,,,
POINT (4.8807213 52.3848948),node/599591914,,,,,,,,26,,tower,,,,,,,,,,,,,,,,,,,communication,,,,,,,,,,,,,,,,,,,,,,,,,,,,,,,GSM 1800,,,,,,,,,,,,,,,,,,,,,,,,,,,,,,,,,,,,,,
POINT (4.8797145 52.3586373),node/599591957,,,,,,,,24,,tower,,,,,,,,,,,,,,,,,,,communication,,,,,,,,,,,,,,,,,,,,,,,,,,,,,,,UMTS,,,,,,,,,,,,,,,,,,,,,,,,,,,,,,,,,,,,,,
POINT (4.8792549 52.38307),node/599592034,,,,,,,,20,,tower,,,,,,,,,,,,,,,,,,,communication,,,,,,,,,,,,,,,,,,,,,,,,,,,,,,,GSM 1800,,,,,,,,,,,,,,,,,,,,,,,,,,,,,,,,,,,,,,
POINT (4.8796332 52.349065),node/599592052,,,,,,,,20,,tower,,,,,,,,,,,,,,,,,,,communication,,,,,,,,,,,,,,,,,,,,,,,,,,,,,,,GSM 1800,,,,,,,,,,,,,,,,,,,,,,,,,,,,,,,,,,,,,,
POINT (4.8798708 52.3257068),node/599592080,,,,,,,,32,,tower,,,,,,,,,,,,,,,,,,,communication,,,,,,,,,,,,,,,,,,,,,,,,,,,,,,,GSM 1800,,,,,,,,,,,,,,,,,,,,,,,,,,,,,,,,,,,,,,
POINT (4.8789224 52.3726818),node/599592100,,,,,,,,26,,tower,,,,,,,,,,,,,,,,,,,communication,,,,,,,,,,,,,,,,,,,,,,,,,,,,,,,UMTS,,,,,,,,,,,,,,,,,,,,,,,,,,,,,,,,,,,,,,
POINT (4.8773766 52.4126254),node/599592224,,,,,,,,14,,tower,,,,,,,,,,,,,,,,,,,communication,,,,,,,,,,,,,,,,,,,,,,,,,,,,,,,UMTS,,,,,,,,,,,,,,,,,,,,,,,,,,,,,,,,,,,,,,
POINT (4.8779594 52.354603),node/599592262,,,,,,,,19,,tower,,,,,,,,,,,,,,,,,,,communication,,,,,,,,,,,,,,,,,,,,,,,,,,,,,,,UMTS,,,,,,,,,,,,,,,,,,,,,,,,,,,,,,,,,,,,,,
POINT (4.8779552 52.3546033),node/599592284,,,,,,,,19,,tower,,,,,,,,,,,,,,,,,,,communication,,,,,,,,,,,,,,,,,,,,,,,,,,,,,,,GSM 1800,,,,,,,,,,,,,,,,,,,,,,,,,,,,,,,,,,,,,,
POINT (4.877249 52.3598581),node/599592295,,,,,,,,4,,tower,,,,,,,,,,,,,,,,,,,communication,,,,,,,,,,,,,,,,,,,,,,,,,,,,,,,UMTS,,,,,,,,,,,,,,,,,,,,,,,,,,,,,,,,,,,,,,
POINT (4.8772524 52.359858),node/599592323,,,,,,,,6,,tower,,,,,,,,,,,,,,,,,,,communication,,,,,,,,,,,,,,,,,,,,,,,,,,,,,,,GSM 900,,,,,,,,,,,,,,,,,,,,,,,,,,,,,,,,,,,,,,
POINT (4.8764107 52.3318735),node/599592338,,,,,,,,26,,tower,,,,,,,,,,,,,,,,,,,communication,,,,,,,,,,,,,,,,,,,,,,,,,,,,,,,GSM 900;UMTS,,,,,,,,,,,,,,,,,,,,,,,,,,,,,,,,,,,,,,
POINT (4.8752297 52.4002084),node/599592530,yes,,,,,,,18,,tower,,,,,,,,,,,,,,,,,,,communication,,,,,,,,,,,,,,,,,,,,,,,,,,,,concrete,,,UMTS,,,,,,,block,yes,yes,no,,,,,,,,,,,,,,,,,,,,,,,,,,,,
POINT (4.875229 52.4002075),node/599592558,,,,,,,,20,,tower,,,,,,,,,,,,,,,,,,,communication,,,,,,,,,,,,,,,,,,,,,,,,,,,,,,,GSM 1800,,,,,,,,,,,,,,,,,,,,,,,,,,,,,,,,,,,,,,
POINT (4.8747281 52.3623639),node/599592676,,,,,,,,27,,tower,,,,,,,,,,,,,,,,,,,communication,,,,,,,,,,,,,,,,,,,,,,,,,,,,,,,UMTS,,,,,,,,,,,,,,,,,,,,,,,,,,,,,,,,,,,,,,
POINT (4.8744037 52.3672517),node/599592735,,,,,,,,22,,tower,,,,,,,,,,,,,,,,,,,communication,,,,,,,,,,,,,,,,,,,,,,,,,,,,,,,UMTS,,,,,,,,,,,,,,,,,,,,,,,,,,,,,,,,,,,,,,
POINT (4.8744019 52.3672518),node/599592758,,,,,,,,22,,tower,,,,,,,,,,,,,,,,,,,communication,,,,,,,,,,,,,,,,,,,,,,,,,,,,,,,GSM 1800,,,,,,,,,,,,,,,,,,,,,,,,,,,,,,,,,,,,,,
POINT (4.8739812 52.3555388),node/599592782,,,,,,,,19,,tower,,,,,,,,,,,,,,,,,,,communication,,,,,,,,,,,,,,,,,,,,,,,,,,,,,,,GSM 1800,,,,,,,,,,,,,,,,,,,,,,,,,,,,,,,,,,,,,,
POINT (4.8737299 52.3734233),node/599592806,,,,,,,,29,,tower,,,,,,,,,,,,,,,,,,,communication,,,,,,,,,,,,,,,,,,,,,,,,,,,,,,,UMTS,,,,,,,,,,,,,,,,,,,,,,,,,,,,,,,,,,,,,,
POINT (4.8737324 52.3734204),node/599592849,,,,,,,,28,,tower,,,,,,,,,,,,,,,,,,,communication,,,,,,,,,,,,,,,,,,,,,,,,,,,,,,,GSM 900,,,,,,,,,,,,,,,,,,,,,,,,,,,,,,,,,,,,,,
POINT (4.8737247 52.3734212),node/599592881,,,,,,,,28,,tower,,,,,,,,,,,,,,,,,,,communication,,,,,,,,,,,,,,,,,,,,,,,,,,,,,,,GSM 1800,,,,,,,,,,,,,,,,,,,,,,,,,,,,,,,,,,,,,,
POINT (4.8727601 52.3760345),node/599592953,,,,,,,,20,,tower,,,,,,,,,,,,,,,,,,,communication,,,,,,,,,,,,,,,,,,,,,,,,,,,,,,,UMTS,,,,,,,,,,,,,,,,,,,,,,,,,,,,,,,,,,,,,,
POINT (4.8723925 52.3962703),node/599592992,,,,,,,,,,mast,,,,,,,,,,,,,,,,,,,communication,,,,,,,,,,,,,,,,,,,,,,,,,,,,,,,,,,,,,,,,,,,,,,,,,,,,,,,,,,,,,,,,,,,,,
POINT (4.8727644 52.3516059),node/599593094,,,,,,,,46,,tower,,,,,,,,,,,,,,,,,,,communication,,,,,,,,,,,,,,,,,,,,,,,,,,,,,,,UMTS,,,,,,,,,,,,,,,,,,,,,,,,,,,,,,,,,,,,,,
POINT (4.8727394 52.3516059),node/599593160,,,,,,,,46,,tower,,,,,,,,,,,,,,,,,,,communication,,,,,,,,,,,,,,,,,,,,,,,,,,,,,,,GSM 1800,,,,,,,,,,,,,,,,,,,,,,,,,,,,,,,,,,,,,,
POINT (4.8722272 52.3788852),node/599593229,,,,,,,,28,,tower,,,,,,,,,,,,,,,,,,,communication,,,,,,,,,,,,,,,,,,,,,,,,,,,,,,,"GSM 900, UMTS",,,,,,,,,,,,,,,,,,,,,,,,,,,,,,,,,,,,,,
POINT (4.8725242 52.3399023),node/599593302,,,,,,,,75,,tower,,,,,,,,,,,,,,,,,,,communication,,,,,,,,,,,,,,,,,,,,,,,,,,,,,,,UMTS,,,,,,,,,,,,,,,,,,,,,,,,,,,,,,,,,,,,,,
POINT (4.8725185 52.3399027),node/599593339,,,,,,,,75,,tower,,,,,,,,,,,,,,,,,,,communication,,,,,,,,,,,,,,,,,,,,,,,,,,,,,,,GSM 900,,,,,,,,,,,,,,,,,,,,,,,,,,,,,,,,,,,,,,
POINT (4.8718411 52.3790783),node/599593454,,,,,,,,26,,tower,,,,,,,,,,,,,,,,,,,communication,,,,,,,,,,,,,,,,,,,,,,,,,,,,,,,"GSM 1800, 900, UMTS",,,,,,,,,,,,,,,,,,,,,,,,,,,,,,,,,,,,,,
POINT (4.8724024 52.3321997),node/599593507,,,,,,,,16,,tower,,,,,,,,,,,,,,,,,,,communication,,,,,,,,,,,,,,,,,,,,,,,,,,,,,,,UMTS,,,,,,,,,,,,,,,,,,,,,,,,,,,,,,,,,,,,,,
POINT (4.8709072 52.371209),node/599593541,,,,,,,,21,,tower,,,,,,,,,,,,,,,,,,,communication,,,,,,,,,,,,,,,,,,,,,,,,,,,,,,,UMTS,,,,,,,,,,,,,,,,,,,,,,,,,,,,,,,,,,,,,,
POINT (4.8708373 52.3661126),node/599593586,,,,,,,,24,,tower,,,,,,,,,,,,,,,,,,,communication,,,,,,,,,,,,,,,,,,,,,,,,,,,,,,,UMTS,,,,,,,,,,,,,,,,,,,,,,,,,,,,,,,,,,,,,,
POINT (4.8708344 52.3661127),node/599593606,,,,,,,,23,,tower,,,,,,,,,,,,,,,,,,,communication,,,,,,,,,,,,,,,,,,,,,,,,,,,,,,,GSM 900,,,,,,,,,,,,,,,,,,,,,,,,,,,,,,,,,,,,,,
POINT (4.8708353 52.3661114),node/599593626,,,,,,,,23,,tower,,,,,,,,,,,,,,,,,,,communication,,,,,,,,,,,,,,,,,,,,,,,,,,,,,,,GSM 1800,,,,,,,,,,,,,,,,,,,,,,,,,,,,,,,,,,,,,,
POINT (4.8707079 52.3499868),node/599593653,,,,,,,,21,,mast,,,,,,,,,,,,,,,,,,,communication,,,,,,,,,,,,,,,,,,,,,,,,,,,,,,,UMTS,,,,,,,,,,,,,,,,,,,,,,,,,,,,,,,,,,,,,,
POINT (4.8707284 52.3499882),node/599593671,,,,,,,,22,,mast,,,,,,,,,,,,,,,,,,,communication,,,,,,,,,,,,,,,,,,,,,,,,,,,,,,,GSM 1800,,,,,,,,,,,,,,,,,,,,,,,,,,,,,,,,,,,,,,
POINT (4.8701097 52.3275071),node/599593693,,,,,,,,30,,tower,,,,,,,,,,,,,,,,,,,communication,,,,,,,,,,,,,,,,,,,,,,,,,,,,,,,UMTS,,,,,,,,,,,,,,,,,,,,,,,,,,,,,,,,,,,,,,
POINT (4.8701097 52.3275071),node/599593715,,,,,,,,31,,tower,,,,,,,,,,,,,,,,,,,communication,,,,,,,,,,,,,,,,,,,,,,,,,,,,,,,GSM 1800,,,,,,,,,,,,,,,,,,,,,,,,,,,,,,,,,,,,,,
POINT (4.8695042 52.3741947),node/599593736,,,,,,,,31,,tower,,,,,,,,,,,,,,,,,,,communication,,,,,,,,,,,,,,,,,,,,,,,,,,,,,,,UMTS,,,,,,,,,,,,,,,,,,,,,,,,,,,,,,,,,,,,,,
POINT (4.8685725 52.3640072),node/599593867,,,,,,,,31,,tower,,,,,,,,,,,,,,,,,,,communication,,,,,,,,,,,,,,,,,,,,,,,,,,,,,,,GSM 900,,,,,,,,,,,,,,,,,,,,,,,,,,,,,,,,,,,,,,
POINT (4.8685832 52.3640087),node/599593925,,,,,,,,31,,tower,,,,,,,,,,,,,,,,,,,communication,,,,,,,,,,,,,,,,,,,,,,,,,,,,,,,GSM 1800,,,,,,,,,,,,,,,,,,,,,,,,,,,,,,,,,,,,,,
POINT (4.8687686 52.343113),node/599594009,,,,,,,,39,,tower,,,,,,,,,,,,,,,,,,,communication,,,,,,,,,,,,,,,,,,,,,,,,,,,,,,,UMTS,,,,,,,,,,,,,,,,,,,,,,,,,,,,,,,,,,,,,,
POINT (4.8665653 52.3601083),node/599594054,,,,,,,,23,,tower,,,,,,,,,,,,,,,,,,,communication,,,,,,,,,,,,,,,,,,,,,,,,,,,,,,,UMTS,,,,,,,,,,,,,,,,,,,,,,,,,,,,,,,,,,,,,,
POINT (4.8665589 52.3601081),node/599594056,,,,,,,,22,,tower,,,,,,,,,,,,,,,,,,,communication,,,,,,,,,,,,,,,,,,,,,,,,,,,,,,,GSM 1800,,,,,,,,,,,,,,,,,,,,,,,,,,,,,,,,,,,,,,
POINT (4.8664868 52.3543341),node/599594061,,,,,,,,22,,tower,,,,,,,,,,,,,,,,,,,communication,,,,,,,,,,,,,,,,,,,,,,,,,,,,,,,GSM 1800,,,,,,,,,,,,,,,,,,,,,,,,,,,,,,,,,,,,,,
POINT (4.8659857 52.3601595),node/599594078,,,,,,,,22,,tower,,,,,,,,,,,,,,,,,,,communication,,,,,,,,,,,,,,,,,,,,,,,,,,,,,,,UMTS,,,,,,,,,,,,,,,,,,,,,,,,,,,,,,,,,,,,,,
POINT (4.8659768 52.3601544),node/599594083,,,,,,,,20,,tower,,,,,,,,,,,,,,,,,,,communication,,,,,,,,,,,,,,,,,,,,,,,,,,,,,,,GSM 900,,,,,,,,,,,,,,,,,,,,,,,,,,,,,,,,,,,,,,
POINT (4.865986 52.3601535),node/599594088,,,,,,,,20,,tower,,,,,,,,,,,,,,,,,,,communication,,,,,,,,,,,,,,,,,,,,,,,,,,,,,,,GSM 1800,,,,,,,,,,,,,,,,,,,,,,,,,,,,,,,,,,,,,,
POINT (4.8658347 52.3542719),node/599594090,,,,,,,,25,,tower,,,,,,,,,,,,,,,,,,,communication,,,,,,,,,,,,,,,,,,,,,,,,,,,,,,,GSM 900,,,,,,,,,,,,,,,,,,,,,,,,,,,,,,,,,,,,,,
POINT (4.8652053 52.3803246),node/599594093,,,,,,,,31,,tower,,,,,,,,,,,,,,,,,,,communication,,,,,,,,,,,,,,,,,,,,,,,,,,,,,,,UMTS,,,,,,,,,,,,,,,,,,,,,,,,,,,,,,,,,,,,,,
POINT (4.8652153 52.3707437),node/599594096,,,,,,,,25,,tower,,,,,,,,,,,,,,,,,,,communication,,,,,,,,,,,,,,,,,,,,,,,,,,,,,,,GSM 1800,,,,,,,,,,,,,,,,,,,,,,,,,,,,,,,,,,,,,,
POINT (4.8652752 52.3656479),node/599594097,,,,,,,,19,,tower,,,,,,,,,,,,,,,,,,,communication,,,,,,,,,,,,,,,,,,,,,,,,,,,,,,,UMTS,,,,,,,,,,,,,,,,,,,,,,,,,,,,,,,,,,,,,,
POINT (4.862357 52.4034353),node/599594105,,,,,,,,31,,tower,,,,,,,,,,,,,,,,,,,communication,,,,,,,,,,,,,,,,,,,,,,,,,,,,,,,UMTS,,,,,,,,,,,,,,,,,,,,,,,,,,,,,,,,,,,,,,
POINT (4.8623489 52.4034293),node/599594106,,,,,,,,28,,tower,,,,,,,,,,,,,,,,,,,communication,,,,,,,,,,,,,,,,,,,,,,,,,,,,,,,GSM 900,,,,,,,,,,,,,,,,,,,,,,,,,,,,,,,,,,,,,,
POINT (4.8623689 52.4034345),node/599594125,,,,,,,,26,,tower,,,,,,,,,,,,,,,,,,,communication,,,,,,,,,,,,,,,,,,,,,,,,,,,,,,,UMTS,,,,,,,,,,,,,,,,,,,,,,,,,,,,,,,,,,,,,,
POINT (4.8619636 52.3712955),node/599594168,,,,,,,,22,,tower,,,,,,,,,,,,,,,,,,,communication,,,,,,,,,,,,,,,,,,,,,,,,,,,,,,,UMTS,,,,,,,,,,,,,,,,,,,,,,,,,,,,,,,,,,,,,,
POINT (4.8614752 52.3815304),node/599594193,,,,,,,,14,,tower,,,,,,,,,,,,,,,,,,,communication,,,,,,,,,,,,,,,,,,,,,,,,,,,,,,,GSM 900,,,,,,,,,,,,,,,,,,,,,,,,,,,,,,,,,,,,,,
POINT (4.8608455 52.3640465),node/599594211,,,,,,,,20,,tower,,,,,,,,,,,,,,,,,,,communication,,,,,,,,,,,,,,,,,,,,,,,,,,,,,,,GSM 1800,,,,,,,,,,,,,,,,,,,,,,,,,,,,,,,,,,,,,,
POINT (4.8598526 52.3586494),node/599594212,,,,,,,,19,,tower,,,,,,,,,,,,,,,,,,,communication,,,,,,,,,,,,,,,,,,,,,,,,,,,,,,,UMTS,,,,,,,,,,,,,,,,,,,,,,,,,,,,,,,,,,,,,,
POINT (4.8589673 52.3503947),node/599594218,,,,,,,,24,,tower,,,,,,,,,,,,,,,,,,,communication,,,,,,,,,,,,,,,,,,,,,,,,,,,,,,,UMTS,,,,,,,,,,,,,,,,,,,,,,,,,,,,,,,,,,,,,,
POINT (4.8589555 52.3503954),node/599594219,,,,,,,,24,,tower,,,,,,,,,,,,,,,,,,,communication,,,,,,,,,,,,,,,,,,,,,,,,,,,,,,,GSM 1800,,,,,,,,,,,,,,,,,,,,,,,,,,,,,,,,,,,,,,
POINT (4.8585999 52.3696988),node/599594223,,,,,,,,20,,tower,,,,,,,,,,,,,,,,,,,communication,,,,,,,,,,,,,,,,,,,,,,,,,,,,,,,UMTS,,,,,,,,,,,,,,,,,,,,,,,,,,,,,,,,,,,,,,
POINT (4.858606 52.3696925),node/599594225,,,,,,,,20,,tower,,,,,,,,,,,,,,,,,,,communication,,,,,,,,,,,,,,,,,,,,,,,,,,,,,,,GSM 900,,,,,,,,,,,,,,,,,,,,,,,,,,,,,,,,,,,,,,
POINT (4.8586053 52.3696987),node/599594226,,,,,,,,20,,tower,,,,,,,,,,,,,,,,,,,communication,,,,,,,,,,,,,,,,,,,,,,,,,,,,,,,GSM 1800,,,,,,,,,,,,,,,,,,,,,,,,,,,,,,,,,,,,,,
POINT (4.8582607 52.3715127),node/599594230,,,,,,,,20,,tower,,,,,,,,,,,,,,,,,,,communication,,,,,,,,,,,,,,,,,,,,,,,,,,,,,,,UMTS,,,,,,,,,,,,,,,,,,,,,,,,,,,,,,,,,,,,,,
POINT (4.8582291 52.3273647),node/599594247,,,,,,,,35,,tower,,,,,,,,,,,,,,,,,,,communication,,,,,,,,,,,,,,,,,,,,,,,,,,,,,,,GSM 900,,,,,,,,,,,,,,,,,,,,,,,,,,,,,,,,,,,,,,
POINT (4.8565652 52.3578585),node/599594279,,,,,,,,26.25,,tower,,,,,,,,,,,,,,,,,,,communication,,,,,,,,,,,,,,,,,,,,,,,,,,,,,,,UMTS;GSM 900,,,,,,,,,,,,,,,,,,,,,,,,,,,,,,,,,,,,,,
POINT (4.855764 52.357475),node/599594351,,,,,,,,35,,tower,,,,,,,,,,,,,,,,,,,communication,,,,,,,,,,,,,,,,,,,,,,,,,,,,,,,GSM 1800,,,,,,,,,,,,,,,,,,,,,,,,,,,,,,,,,,,,,,
POINT (4.8546837 52.3783543),node/599594363,,,,,,,,25,,tower,,,,,,,,,,,,,,,,,,,communication,,,,,,,,,,,,,,,,,,,,,,,,,,,,,,,UMTS,,,,,,,,,,,,,,,,,,,,,,,,,,,,,,,,,,,,,,
POINT (4.8546837 52.3783543),node/599594411,,,,,,,,23,,tower,,,,,,,,,,,,,,,,,,,communication,,,,,,,,,,,,,,,,,,,,,,,,,,,,,,,GSM 900,,,,,,,,,,,,,,,,,,,,,,,,,,,,,,,,,,,,,,
POINT (4.8546837 52.3783543),node/599594438,,,,,,,,23,,tower,,,,,,,,,,,,,,,,,,,communication,,,,,,,,,,,,,,,,,,,,,,,,,,,,,,,GSM 1800,,,,,,,,,,,,,,,,,,,,,,,,,,,,,,,,,,,,,,
POINT (4.8543819 52.3729154),node/599594478,,,,,,,,21,,tower,,,,,,,,,,,,,,,,,,,communication,,,,,,,,,,,,,,,,,,,,,,,,,,,,,,,GSM 1800,,,,,,,,,,,,,,,,,,,,,,,,,,,,,,,,,,,,,,
POINT (4.853473 52.3679051),node/599594504,,,,,,,,20,,tower,,,,,,,,,,,,,,,,,,,communication,,,,,,,,,,,,,,,,,,,,,,,,,,,,,,,UMTS,,,,,,,,,,,,,,,,,,,,,,,,,,,,,,,,,,,,,,
POINT (4.8530874 52.3499279),node/599594550,,,,,,,,22,,tower,,,,,,,,,,,,,,,,,,,communication,,,,,,,,,,,,,,,,,,,,,,,,,,,,,,,UMTS,,,,,,,,,,,,,,,,,,,,,,,,,,,,,,,,,,,,,,
POINT (4.8528833 52.3644422),node/599594592,,,,,,,,20,,tower,,,,,,,,,,,,,,,,,,,communication,,,,,,,,,,,,,,,,,,,,,,,,,,,,,,,GSM 1800,,,,,,,,,,,,,,,,,,,,,,,,,,,,,,,,,,,,,,
POINT (4.850794 52.3476259),node/599594735,,,,,,,,33,,tower,,,,,,,,,,,,,,,,,,,communication,,,,,,,,,,,,,,,,,,,,,,,,,,,,,,,UMTS,,,,,,,,,,,,,,,,,,,,,,,,,,,,,,,,,,,,,,
POINT (4.85081 52.3476528),node/599594740,,,,,,,,38,,tower,,,,,,,,,,,,,,,,,,,communication,,,,,,,,,,,,,,,,,,,,,,,,,,,,,,,GSM 900,,,,,,,,,,,,,,,,,,,,,,,,,,,,,,,,,,,,,,
POINT (4.8507961 52.3476436),node/599594746,,,,,,,,38,,tower,,,,,,,,,,,,,,,,,,,communication,,,,,,,,,,,,,,,,,,,,,,,,,,,,,,,GSM 1800,,,,,,,,,,,,,,,,,,,,,,,,,,,,,,,,,,,,,,
POINT (4.850434 52.3474946),node/599594750,,,,,,,,31,,tower,,,,,,,,,,,,,,,,,,,communication,,,,,,,,,,,,,,,,,,,,,,,,,,,,,,,UMTS,,,,,,,,,,,,,,,,,,,,,,,,,,,,,,,,,,,,,,
POINT (4.8504458 52.3474802),node/599594751,,,,,,,,31,,tower,,,,,,,,,,,,,,,,,,,communication,,,,,,,,,,,,,,,,,,,,,,,,,,,,,,,GSM 1800,,,,,,,,,,,,,,,,,,,,,,,,,,,,,,,,,,,,,,
POINT (4.8483919 52.3728074),node/599594753,,,,,,,,21,,tower,,,,,,,,,,,,,,,,,,,communication,,,,,,,,,,,,,,,,,,,,,,,,,,,,,,,UMTS,,,,,,,,,,,,,,,,,,,,,,,,,,,,,,,,,,,,,,
POINT (4.8483919 52.3728074),node/599594754,,,,,,,,21,,tower,,,,,,,,,,,,,,,,,,,communication,,,,,,,,,,,,,,,,,,,,,,,,,,,,,,,GSM 1800,,,,,,,,,,,,,,,,,,,,,,,,,,,,,,,,,,,,,,
POINT (4.8483471 52.3523151),node/599594755,,,,,,,,23,,tower,,,,,,,,,,,,,,,,,,,communication,,,,,,,,,,,,,,,,,,,,,,,,,,,,,,,UMTS,,,,,,,,,,,,,,,,,,,,,,,,,,,,,,,,,,,,,,
POINT (4.8473738 52.3539015),node/599594773,,,,,,,,26,,tower,,,,,,,,,,,,,,,,,,,communication,,,,,,,,,,,,,,,,,,,,,,,,,,,,,,,UMTS,,,,,,,,,,,,,,,,,,,,,,,,,,,,,,,,,,,,,,
POINT (4.8473098 52.3538665),node/599594774,,,,,,,,23,,tower,,,,,,,,,,,,,,,,,,,communication,,,,,,,,,,,,,,,,,,,,,,,,,,,,,,,GSM 900,,,,,,,,,,,,,,,,,,,,,,,,,,,,,,,,,,,,,,
POINT (4.8466346 52.376026),node/599594785,,,,,,,,23,,tower,,,,,,,,,,,,,,,,,,,communication,,,,,,,,,,,,,,,,,,,,,,,,,,,,,,,UMTS,,,,,,,,,,,,,,,,,,,,,,,,,,,,,,,,,,,,,,
POINT (4.8466346 52.376026),node/599594794,,,,,,,,21,,tower,,,,,,,,,,,,,,,,,,,communication,,,,,,,,,,,,,,,,,,,,,,,,,,,,,,,GSM 900,,,,,,,,,,,,,,,,,,,,,,,,,,,,,,,,,,,,,,
POINT (4.8466346 52.376026),node/599594795,,,,,,,,21,,tower,,,,,,,,,,,,,,,,,,,communication,,,,,,,,,,,,,,,,,,,,,,,,,,,,,,,GSM 1800,,,,,,,,,,,,,,,,,,,,,,,,,,,,,,,,,,,,,,
POINT (4.8448485 52.3504033),node/599594799,,,,,,,,38,,tower,,,,,,,,,,,,,,,,,,,communication,,,,,,,,,,,,,,,,,,,,,,,,,,,,,,,UMTS,,,,,,,,,,,,,,,,,,,,,,,,,,,,,,,,,,,,,,
POINT (4.8448474 52.3504387),node/599594804,,,,,,,,38,,tower,,,,,,,,,,,,,,,,,,,communication,,,,,,,,,,,,,,,,,,,,,,,,,,,,,,,GSM 1800,,,,,,,,,,,,,,,,,,,,,,,,,,,,,,,,,,,,,,
POINT (4.8445252 52.3503833),node/599594809,,,,,,,,40,,tower,,,,,,,,,,,,,,,,,,,communication,,,,,,,,,,,,,,,,,,,,,,,,,,,,,,,GSM 900,,,,,,,,,,,,,,,,,,,,,,,,,,,,,,,,,,,,,,
POINT (4.8445499 52.3503872),node/599594816,,,,,,,,40,,tower,,,,,,,,,,,,,,,,,,,communication,,,,,,,,,,,,,,,,,,,,,,,,,,,,,,,GSM 1800,,,,,,,,,,,,,,,,,,,,,,,,,,,,,,,,,,,,,,
POINT (4.843443 52.3656395),node/599594835,,,,,,,,56,,tower,,,,,,,,,,,,,,,,,,,communication,,,,,,,,,,,,,,,,,,,,,,,,,,,,,,,UMTS,,,,,,,,,,,,,,,,,,,,,,,,,,,,,,,,,,,,,,
POINT (4.8429456 52.3698407),node/599594851,,,,,,,,16,,tower,,,,,,,,,,,,,,,,,,,communication,,,,,,,,,,,,,,,,,,,,,,,,,,,,,,,GSM 900,,,,,,,,,,,,,,,,,,,,,,,,,,,,,,,,,,,,,,
POINT (4.8419765 52.3547486),node/599594864,,,,,,,,16,,tower,,,,,,,,,,,,,,,,,,,communication,,,,,,,,,,,,,,,,,,,,,,,,,,,,,,,GSM 900,,,,,,,,,,,,,,,,,,,,,,,,,,,,,,,,,,,,,,
POINT (4.8401923 52.3589736),node/599594879,,,,,,,,28,,tower,,,,,,,,,,,,,,,,,,,communication,,,,,,,,,,,,,,,,,,,,,,,,,,,,,,,UMTS,,,,,,,,,,,,,,,,,,,,,,,,,,,,,,,,,,,,,,
POINT (4.8401846 52.3589502),node/599594886,,,,,,,,27,,tower,,,,,,,,,,,,,,,,,,,communication,,,,,,,,,,,,,,,,,,,,,,,,,,,,,,,GSM 1800,,,,,,,,,,,,,,,,,,,,,,,,,,,,,,,,,,,,,,
POINT (4.8400163 52.3589638),node/599594892,,,,,,,,26,,tower,,,,,,,,,,,,,,,,,,,communication,,,,,,,,,,,,,,,,,,,,,,,,,,,,,,,UMTS,,,,,,,,,,,,,,,,,,,,,,,,,,,,,,,,,,,,,,
POINT (4.8401031 52.3589513),node/599594898,,,,,,,,25,,tower,,,,,,,,,,,,,,,,,,,communication,,,,,,,,,,,,,,,,,,,,,,,,,,,,,,,GSM 900,,,,,,,,,,,,,,,,,,,,,,,,,,,,,,,,,,,,,,
POINT (4.8396359 52.3767039),node/599594904,,,,,,,,19,,tower,,,,,,,,,,,,,,,,,,,communication,,,,,,,,,,,,,,,,,,,,,,,,,,,,,,,UMTS,,,,,,,,,,,,,,,,,,,,,,,,,,,,,,,,,,,,,,
POINT (4.8396359 52.3767039),node/599594910,,,,,,,,19,,tower,,,,,,,,,,,,,,,,,,,communication,,,,,,,,,,,,,,,,,,,,,,,,,,,,,,,GSM 1800,,,,,,,,,,,,,,,,,,,,,,,,,,,,,,,,,,,,,,
POINT (4.8375832 52.368138),node/599594948,,,,,,,,34,,tower,,,,,,,,,,,,,,,,,,,communication,,,,,,,,,,,,,,,,,,,,,,,,,,,,,,,UMTS,,,,,,,,,,,,,,,,,,,,,,,,,,,,,,,,,,,,,,
POINT (4.8375832 52.368138),node/599594949,,,,,,,,34,,tower,,,,,,,,,,,,,,,,,,,communication,,,,,,,,,,,,,,,,,,,,,,,,,,,,,,,GSM 1800,,,,,,,,,,,,,,,,,,,,,,,,,,,,,,,,,,,,,,
POINT (4.837321 52.3682191),node/599594951,,,,,,,,38,,tower,,,,,,,,,,,,,,,,,,,communication,,,,,,,,,,,,,,,,,,,,,,,,,,,,,,,UMTS,,,,,,,,,,,,,,,,,,,,,,,,,,,,,,,,,,,,,,
POINT (4.837364 52.3682224),node/599594957,,,,,,,,36,,tower,,,,,,,,,,,,,,,,,,,communication,,,,,,,,,,,,,,,,,,,,,,,,,,,,,,,GSM 900,,,,,,,,,,,,,,,,,,,,,,,,,,,,,,,,,,,,,,
POINT (4.8372728 52.3682256),node/599594959,,,,,,,,36,,tower,,,,,,,,,,,,,,,,,,,communication,,,,,,,,,,,,,,,,,,,,,,,,,,,,,,,GSM 1800,,,,,,,,,,,,,,,,,,,,,,,,,,,,,,,,,,,,,,
POINT (4.8328189 52.351075),node/599595175,,,,,,,,25,,tower,,,,,,,,,,,,,,,,,,,communication,,,,,,,,,,,,,,,,,,,,,,,,,,,,,,,GSM 900,,,,,,,,,,,,,,,,,,,,,,,,,,,,,,,,,,,,,,
POINT (4.8308079 52.3557752),node/599595176,,,,,,,,20,,tower,,,,,,,,,,,,,,,,,,,communication,,,,,,,,,,,,,,,,,,,,,,,,,,,,,,,UMTS,,,,,,,,,,,,,,,,,,,,,,,,,,,,,,,,,,,,,,
POINT (4.8305261 52.374729),node/599595177,,,,,,,,19,,tower,,,,,,,,,,,,,,,,,,,communication,,,,,,,,,,,,,,,,,,,,,,,,,,,,,,,UMTS,,,,,,,,,,,,,,,,,,,,,,,,,,,,,,,,,,,,,,
POINT (4.830535 52.374743),node/599595178,,,,,,,,19,,tower,,,,,,,,,,,,,,,,,,,communication,,,,,,,,,,,,,,,,,,,,,,,,,,,,,,,GSM 1800,,,,,,,,,,,,,,,,,,,,,,,,,,,,,,,,,,,,,,
POINT (4.8300265 52.4071453),node/599595179,,,,,,,,21,,tower,,,,,,,,,,,,,,,,,,,communication,,,,,,,,,,,,,,,,,,,,,,,,,,,,,,,UMTS,,,,,,,,,,,,,,,,,,,,,,,,,,,,,,,,,,,,,,
POINT (4.830016 52.4071453),node/599595180,,,,,,,,21,,tower,,,,,,,,,,,,,,,,,,,communication,,,,,,,,,,,,,,,,,,,,,,,,,,,,,,,GSM 1800,,,,,,,,,,,,,,,,,,,,,,,,,,,,,,,,,,,,,,
POINT (4.8281924 52.3512288),node/599595182,,,,,,,,27,,tower,,,,,,,,,,,,,,,,,,,communication,,,,,,,,,,,,,,,,,,,,,,,,,,,,,,,UMTS,,,,,,,,,,,,,,,,,,,,,,,,,,,,,,,,,,,,,,
POINT (4.8282185 52.3512323),node/599595183,,,,,,,,27,,tower,,,,,,,,,,,,,,,,,,,communication,,,,,,,,,,,,,,,,,,,,,,,,,,,,,,,GSM 1800,,,,,,,,,,,,,,,,,,,,,,,,,,,,,,,,,,,,,,
POINT (4.8273835 52.3881757),node/599595184,,,,,,,,,,mast,,,,,,,,,,,,,,,,,,,communication,,,,,,,,,,,,,,,,,,,,,,,,,,,,,,,,,,,,,,,,,,,,,,,,,,,,,,,,,,,,,,,,,,,,,
POINT (4.8224506 52.3550166),node/599595237,,,,,,,,26,,tower,,,,,,,,,,,,,,,,,,,communication,,,,,,,,,,,,,,,,,,,,,,,,,,,,,,,UMTS,,,,,,,,,,,,,,,,,,,,,,,,,,,,,,,,,,,,,,
POINT (4.8224506 52.3550166),node/599595238,,,,,,,,25,,tower,,,,,,,,,,,,,,,,,,,communication,,,,,,,,,,,,,,,,,,,,,,,,,,,,,,,GSM 900,,,,,,,,,,,,,,,,,,,,,,,,,,,,,,,,,,,,,,
POINT (4.8212356 52.3789182),node/599595239,,,,,,,,41,,tower,,,,,,,,,,,,,,,,,,,communication,,,,,,,,,,,,,,,,,,,,,,,,,,,,,,,UMTS,,,,,,,,,,,,,,,,,,,,,,,,,,,,,,,,,,,,,,
POINT (4.821212 52.3789182),node/599595240,,,,,,,,43,,tower,,,,,,,,,,,,,,,,,,,communication,,,,,,,,,,,,,,,,,,,,,,,,,,,,,,,GSM 1800,,,,,,,,,,,,,,,,,,,,,,,,,,,,,,,,,,,,,,
POINT (4.8181501 52.3745448),node/599595255,,,,,,,,25,,tower,,,,,,,,,,,,,,,,,,,communication,,,,,,,,,,,,,,,,,,,,,,,,,,,,,,,UMTS,,,,,,,,,,,,,,,,,,,,,,,,,,,,,,,,,,,,,,
POINT (4.8181635 52.3745444),node/599595273,,,,,,,,25,,tower,,,,,,,,,,,,,,,,,,,communication,,,,,,,,,,,,,,,,,,,,,,,,,,,,,,,GSM 900,,,,,,,,,,,,,,,,,,,,,,,,,,,,,,,,,,,,,,
POINT (4.8181775 52.3745444),node/599595299,,,,,,,,25,,tower,,,,,,,,,,,,,,,,,,,communication,,,,,,,,,,,,,,,,,,,,,,,,,,,,,,,GSM 1800,,,,,,,,,,,,,,,,,,,,,,,,,,,,,,,,,,,,,,
POINT (4.817899 52.3837107),node/599595324,,,,,,,,29,,tower,,,,,,,,,,,,,,,,,,,communication,,,,,,,,,,,,,,,,,,,,,,,,,,,,,,,UMTS,,,,,,,,,,,,,,,,,,,,,,,,,,,,,,,,,,,,,,
POINT (4.817899 52.3837107),node/599595345,,,,,,,,32,,tower,,,,,,,,,,,,,,,,,,,communication,,,,,,,,,,,,,,,,,,,,,,,,,,,,,,,GSM 1800,,,,,,,,,,,,,,,,,,,,,,,,,,,,,,,,,,,,,,
POINT (4.8173115 52.3837078),node/599595370,,,,,,,,29,,tower,,,,,,,,,,,,,,,,,,,communication,,,,,,,,,,,,,,,,,,,,,,,,,,,,,,,UMTS,,,,,,,,,,,,,,,,,,,,,,,,,,,,,,,,,,,,,,
POINT (4.8173115 52.3837078),node/599595393,,,,,,,,26,,tower,,,,,,,,,,,,,,,,,,,communication,,,,,,,,,,,,,,,,,,,,,,,,,,,,,,,GSM 900,,,,,,,,,,,,,,,,,,,,,,,,,,,,,,,,,,,,,,
POINT (4.8116636 52.3978721),node/599595437,,,,,,,,29,,tower,,,,,,,,,,,,,,,,,,,communication,,,,,,,,,,,,,,,,,,,,,,,,,,,,,,,GSM 1800,,,,,,,,,,,,,,,,,,,,,,,,,,,,,,,,,,,,,,
POINT (4.8120018 52.3427666),node/599595459,,,,,,,,28,,tower,,,,,,,,,,,,,,,,,,,communication,,,,,,,,,,,,,,,,,,,,,,,,,,,,,,,UMTS,,,,,,,,,,,,,,,,,,,,,,,,,,,,,,,,,,,,,,
POINT (4.8120113 52.3427698),node/599595484,,,,,,,,27,,tower,,,,,,,,,,,,,,,,,,,communication,,,,,,,,,,,,,,,,,,,,,,,,,,,,,,,GSM 900,,,,,,,,,,,,,,,,,,,,,,,,,,,,,,,,,,,,,,
POINT (4.8115809 52.349931),node/599595506,,,,,,,,20,,tower,,,,,,,,,,,,,,,,,,,communication,,,,,,,,,,,,,,,,,,,,,,,,,,,,,,,UMTS,,,,,,,,,,,,,,,,,,,,,,,,,,,,,,,,,,,,,,
POINT (4.811567 52.349931),node/599595525,,,,,,,,20,,tower,,,,,,,,,,,,,,,,,,,communication,,,,,,,,,,,,,,,,,,,,,,,,,,,,,,,GSM 900,,,,,,,,,,,,,,,,,,,,,,,,,,,,,,,,,,,,,,
POINT (4.8095926 52.3769923),node/599595545,,,,,,,,34,,tower,,,,,,,,,,,,,,,,,,,communication,,,,,,,,,,,,,,,,,,,,,,,,,,,,,,,UMTS,,,,,,,,,,,,,,,,,,,,,,,,,,,,,,,,,,,,,,
POINT (4.8095996 52.3769926),node/599595571,,,,,,,,34,,tower,,,,,,,,,,,,,,,,,,,communication,,,,,,,,,,,,,,,,,,,,,,,,,,,,,,,GSM 1800,,,,,,,,,,,,,,,,,,,,,,,,,,,,,,,,,,,,,,
POINT (4.8094447 52.3550616),node/599595590,,,,,,,,30,,tower,,,,,,,,,,,,,,,,,,,communication,,,,,,,,,,,,,,,,,,,,,,,,,,,,,,,GSM 1800,,,,,,,,,,,,,,,,,,,,,,,,,,,,,,,,,,,,,,
POINT (4.8094653 52.3376883),node/599595617,,,,,,,,32,,tower,,,,,,,,,,,,,,,,,,,communication,,,,,,,,,,,,,,,,,,,,,,,,,,,,,,,UMTS,,,,,,,,,,,,,,,,,,,,,,,,,,,,,,,,,,,,,,
POINT (4.8094664 52.3377152),node/599595622,,,,,,,,32,,tower,,,,,,,,,,,,,,,,,,,communication,,,,,,,,,,,,,,,,,,,,,,,,,,,,,,,GSM 1800,,,,,,,,,,,,,,,,,,,,,,,,,,,,,,,,,,,,,,
POINT (4.8093693 52.3376877),node/599595623,,,,,,,,27,,tower,,,,,,,,,,,,,,,,,,,communication,,,,,,,,,,,,,,,,,,,,,,,,,,,,,,,UMTS,,,,,,,,,,,,,,,,,,,,,,,,,,,,,,,,,,,,,,
POINT (4.8093918 52.3376969),node/599595624,,,,,,,,27,,tower,,,,,,,,,,,,,,,,,,,communication,,,,,,,,,,,,,,,,,,,,,,,,,,,,,,,GSM 900,,,,,,,,,,,,,,,,,,,,,,,,,,,,,,,,,,,,,,
POINT (4.8094218 52.3377061),node/599595625,,,,,,,,27,,tower,,,,,,,,,,,,,,,,,,,communication,,,,,,,,,,,,,,,,,,,,,,,,,,,,,,,GSM 1800,,,,,,,,,,,,,,,,,,,,,,,,,,,,,,,,,,,,,,
POINT (4.8081048 52.4149764),node/599595629,,,,,,,,16,,tower,,,,,,,,,,,,,,,,,,,communication,,,,,,,,,,,,,,,,,,,,,,,,,,,,,,,UMTS,,,,,,,,,,,,,,,,,,,,,,,,,,,,,,,,,,,,,,
POINT (4.8061698 52.4148408),node/599595631,,,,,,,,5,,tower,,,,,,,,,,,,,,,,,,,communication,,,,,,,,,,,,,,,,,,,,,,,,,,,,,,,UMTS,,,,,,,,,,,,,,,,,,,,,,,,,,,,,,,,,,,,,,
POINT (4.8061811 52.4148411),node/599595632,,,,,,,,3,,tower,,,,,,,,,,,,,,,,,,,communication,,,,,,,,,,,,,,,,,,,,,,,,,,,,,,,GSM 900,,,,,,,,,,,,,,,,,,,,,,,,,,,,,,,,,,,,,,
POINT (4.8068689 52.3593139),node/599595633,,,,,,,,32,,tower,,,,,,,,,,,,,,,,,,,communication,,,,,,,,,,,,,,,,,,,,,,,,,,,,,,,UMTS,,,,,,,,,,,,,,,,,,,,,,,,,,,,,,,,,,,,,,
POINT (4.8068791 52.3593093),node/599595634,,,,,,,,32,,tower,,,,,,,,,,,,,,,,,,,communication,,,,,,,,,,,,,,,,,,,,,,,,,,,,,,,GSM 1800,,,,,,,,,,,,,,,,,,,,,,,,,,,,,,,,,,,,,,
POINT (4.8059194 52.4011785),node/599595635,,,,,,,,27,,tower,,,,,,,,,,,,,,,,,,,communication,,,,,,,,,,,,,,,,,,,,,,,,,,,,,,,UMTS,,,,,,,,,,,,,,,,,,,,,,,,,,,,,,,,,,,,,,
POINT (4.8059194 52.4011785),node/599595636,,,,,,,,25,,tower,,,,,,,,,,,,,,,,,,,communication,,,,,,,,,,,,,,,,,,,,,,,,,,,,,,,GSM 900,,,,,,,,,,,,,,,,,,,,,,,,,,,,,,,,,,,,,,
POINT (4.8028027 52.3590764),node/599595637,,,,,,,,28,,tower,,,,,,,,,,,,,,,,,,,communication,,,,,,,,,,,,,,,,,,,,,,,,,,,,,,,UMTS,,,,,,,,,,,,,,,,,,,,,,,,,,,,,,,,,,,,,,
POINT (4.8028247 52.3590592),node/599595638,,,,,,,,28,,tower,,,,,,,,,,,,,,,,,,,communication,,,,,,,,,,,,,,,,,,,,,,,,,,,,,,,GSM 900,,,,,,,,,,,,,,,,,,,,,,,,,,,,,,,,,,,,,,
POINT (4.8028452 52.3590648),node/599595639,,,,,,,,28,,tower,,,,,,,,,,,,,,,,,,,communication,,,,,,,,,,,,,,,,,,,,,,,,,,,,,,,GSM 1800,,,,,,,,,,,,,,,,,,,,,,,,,,,,,,,,,,,,,,
POINT (4.8007764 52.3783244),node/599595640,,,,,,,,29,,tower,,,,,,,,,,,,,,,,,,,communication,,,,,,,,,,,,,,,,,,,,,,,,,,,,,,,UMTS,,,,,,,,,,,,,,,,,,,,,,,,,,,,,,,,,,,,,,
POINT (4.800785 52.3783244),node/599595641,,,,,,,,26,,tower,,,,,,,,,,,,,,,,,,,communication,,,,,,,,,,,,,,,,,,,,,,,,,,,,,,,GSM 900,,,,,,,,,,,,,,,,,,,,,,,,,,,,,,,,,,,,,,
POINT (4.800798 52.3773448),node/599595642,,,,,,,,29,,tower,,,,,,,,,,,,,,,,,,,communication,,,,,,,,,,,,,,,,,,,,,,,,,,,,,,,UMTS,,,,,,,,,,,,,,,,,,,,,,,,,,,,,,,,,,,,,,
POINT (4.7965086 52.3818353),node/599595643,,,,,,,,26,,tower,,,,,,,,,,,,,,,,,,,communication,,,,,,,,,,,,,,,,,,,,,,,,,,,,,,,GSM 1800,,,,,,,,,,,,,,,,,,,,,,,,,,,,,,,,,,,,,,
POINT (4.7961007 52.3959081),node/599595644,,,,,,,,21,,tower,,,,,,,,,,,,,,,,,,,communication,,,,,,,,,,,,,,,,,,,,,,,,,,,,,,,UMTS,,,,,,,,,,,,,,,,,,,,,,,,,,,,,,,,,,,,,,
POINT (4.7966874 52.3419304),node/599595645,,,,,,,,14,,tower,,,,,,,,,,,,,,,,,,,communication,,,,,,,,,,,,,,,,,,,,,,,,,,,,,,,UMTS,,,,,,,,,,,,,,,,,,,,,,,,,,,,,,,,,,,,,,
POINT (4.7966639 52.3419299),node/599595646,,,,,,,,14,,tower,,,,,,,,,,,,,,,,,,,communication,,,,,,,,,,,,,,,,,,,,,,,,,,,,,,,GSM 1800,,,,,,,,,,,,,,,,,,,,,,,,,,,,,,,,,,,,,,
POINT (4.7956655 52.3547509),node/599595647,,,,,,,,25,,tower,,,,,,,,,,,,,,,,,,,communication,,,,,,,,,,,,,,,,,,,,,,,,,,,,,,,GSM 1800,,,,,,,,,,,,,,,,,,,,,,,,,,,,,,,,,,,,,,
POINT (4.791965 52.3898746),node/599595648,,,,,,,,25,,tower,,,,,,,,,,,,,,,,,,,communication,,,,,,,,,,,,,,,,,,,,,,,,,,,,,,,GSM 900,,,,,,,,,,,,,,,,,,,,,,,,,,,,,,,,,,,,,,
POINT (4.7894841 52.4071814),node/599595649,,,,,,,,38,,tower,,,,,,,,,,,,,,,,,,,communication,,,,,,,,,,,,,,,,,,,,,,,,,,,,,,,UMTS,,,,,,,,,,,,,,,,,,,,,,,,,,,,,,,,,,,,,,
POINT (4.7894841 52.4071814),node/599595650,,,,,,,,38,,tower,,,,,,,,,,,,,,,,,,,communication,,,,,,,,,,,,,,,,,,,,,,,,,,,,,,,GSM 1800,,,,,,,,,,,,,,,,,,,,,,,,,,,,,,,,,,,,,,
POINT (4.788898 52.3896344),node/599595651,,,,,,,,16,,tower,,,,,,,,,,,,,,,,,,,communication,,,,,,,,,,,,,,,,,,,,,,,,,,,,,,,GSM 1800;GSM 900;UMTS,,,,,,,,,,,,,,,,,,,,,,,,,,,,,,,,,,,,,,
POINT (4.7883205 52.362435),node/599595653,,,,,,,,34,,tower,,,,,,,,,,,,,,,,,,,communication,,,,,,,,,,,,,,,,,,,,,,,,,,,,,,,UMTS,,,,,,,,,,,,,,,,,,,,,,,,,,,,,,,,,,,,,,
POINT (4.7853283 52.3539258),node/599595655,,,,,,,,23,,tower,,,,,,,,,,,,,,,,,,,communication,,,,,,,,,,,,,,,,,,,,,,,,,,,,,,,UMTS,,,,,,,,,,,,,,,,,,,,,,,,,,,,,,,,,,,,,,
POINT (4.7851526 52.353889),node/599595656,,,,,,,,28,,tower,,,,,,,,,,,,,,,,,,,communication,,,,,,,,,,,,,,,,,,,,,,,,,,,,,,,UMTS,,,,,,,,,,,,,,,,,,,,,,,,,,,,,,,,,,,,,,
POINT (4.7827578 52.3540566),node/599595657,,,,,,,,46,,tower,,,,,,,,,,,,,,,,,,,communication,,,,,,,,,,,,,,,,,,,,,,,,,,,,,,,GSM 900,,,,,,,,,,,,,,,,,,,,,,,,,,,,,,,,,,,,,,
POINT (4.7827578 52.3540205),node/599595658,,,,,,,,46,,tower,,,,,,,,,,,,,,,,,,,communication,,,,,,,,,,,,,,,,,,,,,,,,,,,,,,,GSM 1800,,,,,,,,,,,,,,,,,,,,,,,,,,,,,,,,,,,,,,
POINT (4.7810081 52.3961733),node/599595659,,,,,,,,20,,tower,,,,,,,,,,,,,,,,,,,communication,,,,,,,,,,,,,,,,,,,,,,,,,,,,,,,UMTS,,,,,,,,,,,,,,,,,,,,,,,,,,,,,,,,,,,,,,
POINT (4.7809867 52.3547665),node/599595660,,,,,,,,39,,tower,,,,,,,,,,,,,,,,,,,communication,,,,,,,,,,,,,,,,,,,,,,,,,,,,,,,GSM 1800,,,,,,,,,,,,,,,,,,,,,,,,,,,,,,,,,,,,,,
POINT (4.9575228 52.3186443),node/599595946,,,,,,,,35,,tower,,,,,,,,,,,,,,,,,,,communication,,,,,,,,,,,,,,,,,,,,,,,,,,,,,,,GSM 1800,,,,,,,,,,,,,,,,,,,,,,,,,,,,,,,,,,,,,,
POINT (4.9575107 52.3186445),node/599611324,,,,,,,,35,,tower,,,,,,,,,,,,,,,,,,,communication,,,,,,,,,,,,,,,,,,,,,,,,,,,,,,,UMTS,,,,,,,,,,,,,,,,,,,,,,,,,,,,,,,,,,,,,,
POINT (4.8007922 52.3783248),node/599611593,,,,,,,,26,,tower,,,,,,,,,,,,,,,,,,,communication,,,,,,,,,,,,,,,,,,,,,,,,,,,,,,,GSM 1800,,,,,,,,,,,,,,,,,,,,,,,,,,,,,,,,,,,,,,
POINT (4.8965624 52.3699039),node/599611655,,,,,,,,28,,tower,,,,,,,,,,,,,,,,,,,communication,,,,,,,,,,,,,,,,,,,,,,,,,,,,,,,GSM 1800,,,,,,,,,,,,,,,,,,,,,,,,,,,,,,,,,,,,,,
POINT (4.9074308 52.4047159),node/599611689,,,,,,,,31,,tower,,,,,,,,,,,,,,,,,,,communication,,,,,,,,,,,,,,,,,,,,,,,,,,,,,,,GSM 1800,,,,,,,,,,,,,,,,,,,,,,,,,,,,,,,,,,,,,,
POINT (4.9317836 52.3997464),node/599611728,,,,,,,,42,,tower,,,,,,,,,,,,,,,,,,,communication,,,,,,,,,,,,,,,,,,,,,,,,,,,,,,,GSM 1800,,,,,,,,,,,,,,,,,,,,,,,,,,,,,,,,,,,,,,
POINT (5.0004302 52.3542579),node/599611896,,,,,,,,18,,tower,,,,,,,,,,,,,,,,,,,communication,,,,,,,,,,,,,,,,,,,,,,,,,,,,,,,GSM 900,,,,,,,,,,,,,,,,,,,,,,,,,,,,,,,,,,,,,,
POINT (4.9218179 52.3738737),node/599611944,,,,,,,,20,,tower,,,,,,,,,,,,,,,,,,,communication,,,,,,,,,,,,,,,,,,,,,,,,,,,,,,,GSM 900,,,,,,,,,,,,,,,,,,,,,,,,,,,,,,,,,,,,,,
POINT (4.8965598 52.3699071),node/599612095,,,,,,,,28,,tower,,,,,,,,,,,,,,,,,,,communication,,,,,,,,,,,,,,,,,,,,,,,,,,,,,,,GSM 900,,,,,,,,,,,,,,,,,,,,,,,,,,,,,,,,,,,,,,
POINT (4.9031267 52.3897789),node/599612138,,,,,,,,35,,tower,,,,,,,,,,,,,,,,,,,communication,,,,,,,,,,,,,,,,,,,,,,,,,,,,,,,GSM 900,,,,,,,,,,,,,,,,,,,,,,,,,,,,,,,,,,,,,,
POINT (4.9317818 52.3997562),node/599612179,,,,,,,,42,,tower,,,,,,,,,,,,,,,,,,,communication,,,,,,,,,,,,,,,,,,,,,,,,,,,,,,,GSM 900,,,,,,,,,,,,,,,,,,,,,,,,,,,,,,,,,,,,,,
POINT (4.9642943 52.3551912),node/599612227,,,,,,,,42,,tower,,,,,,,,,,,,,,,,,,,communication,,,,,,,,,,,,,,,,,,,,,,,,,,,,,,,GSM 900,,,,,,,,,,,,,,,,,,,,,,,,,,,,,,,,,,,,,,
POINT (4.8439402 52.3681943),node/599612273,,,,,,,,54,,tower,,,,,,,,,,,,,,,,,,,communication,,,,,,,,,,,,,,,,,,,,,,,,,,,,,,,GSM 900,,,,,,,,,,,,,,,,,,,,,,,,,,,,,,,,,,,,,,
POINT (4.8729027 52.3371362),node/599612312,,,,,,,,70,,tower,,,,,,,,,,,,,,,,,,,communication,,,,,,,,,,,,,,,,,,,,,,,,,,,,,,,GSM 900,,,,,,,,,,,,,,,,,,,,,,,,,,,,,,,,,,,,,,
POINT (4.9217988 52.373871),node/599612359,,,,,,,,22,,tower,,,,,,,,,,,,,,,,,,,communication,,,,,,,,,,,,,,,,,,,,,,,,,,,,,,,UMTS,,,,,,,,,,,,,,,,,,,,,,,,,,,,,,,,,,,,,,
POINT (4.896556 52.3699069),node/599612395,,,,,,,,28,,tower,,,,,,,,,,,,,,,,,,,communication,,,,,,,,,,,,,,,,,,,,,,,,,,,,,,,UMTS,,,,,,,,,,,,,,,,,,,,,,,,,,,,,,,,,,,,,,
POINT (4.9117698 52.3442951),node/599612443,,,,,,,,45,,tower,,,,,,,,,,,,,,,,,,,communication,,,,,,,,,,,,,,,,,,,,,,,,,,,,,,,UMTS,,,,,,,,,,,,,,,,,,,,,,,,,,,,,,,,,,,,,,
POINT (4.9341637 52.3857764),node/599612465,,,,,,,,100,,tower,,,,,,,,,,,,,,,,,,,communication,,,,,,,,,,,,,,,,,,,,,,,,,,,,,,,DVBT,,,,,,,,,,,,,,,,,,,,,,,,,,,,,,,,,,,,,,
POINT (4.8919237 52.3708764),node/599612537,,,,,,,,5,,tower,,,,,,,,,,,,,,,,,,,communication,,,,,,,,,,,,,,,,,,,,,,,,,,,,,,,GSM 1800,,,,,,,,,,,,,,,,,,,,,,,,,,,,,,,,,,,,,,
POINT (4.8880956 52.3665642),node/599612571,,,,,,,,8,,tower,,,,,,,,,,,,,,,,,,,communication,,,,,,,,,,,,,,,,,,,,,,,,,,,,,,,GSM 1800,,,,,,,,,,,,,,,,,,,,,,,,,,,,,,,,,,,,,,
POINT (4.97378 52.3716904),node/599612593,,,,,,,,12,,tower,,,,,,,,,,,,,,,,,,,communication,,,,,,,,,,,,,,,,,,,,,,,,,,,,,,,GSM 1800;UMTS,,,,,,,,,,,,,,,,,,,,,,,,,,,,,,,,,,,,,,
POINT (4.8938538 52.3663277),node/599612615,,,,,,,,13,,tower,,,,,,,,,,,,,,,,,,,communication,,,,,,,,,,,,,,,,,,,,,,,,,,,,,,,GSM 1800,,,,,,,,,,,,,,,,,,,,,,,,,,,,,,,,,,,,,,
POINT (4.8254239 52.3624816),node/599612627,,,,,,,,17,,tower,,,,,,,,,,,,,,,,,,,communication,,,,,,,,,,,,,,,,,,,,,,,,,,,,,,,GSM 1800,,,,,,,,,,,,,,,,,,,,,,,,,,,,,,,,,,,,,,
POINT (4.8894945 52.3710619),node/599612673,,,,,,,,18,,tower,,,,,,,,,,,,,,,,,,,communication,,,,,,,,,,,,,,,,,,,,,,,,,,,,,,,GSM 1800,,,,,,,,,,,,,,,,,,,,,,,,,,,,,,,,,,,,,,
POINT (4.859254 52.3754709),node/599612696,,,,,,,,19,,tower,,,,,,,,,,,,,,,,,,,communication,,,,,,,,,,,,,,,,,,,,,,,,,,,,,,,GSM 1800,,,,,,,,,,,,,,,,,,,,,,,,,,,,,,,,,,,,,,
POINT (4.9270366 52.3450166),node/599612708,,,,,,,,19,,tower,,,,,,,,,,,,,,,,,,,communication,,,,,,,,,,,,,,,,,,,,,,,,,,,,,,,GSM 1800,,,,,,,,,,,,,,,,,,,,,,,,,,,,,,,,,,,,,,
POINT (4.9279056 52.3525481),node/599612727,,,,,,,,19,,tower,,,,,,,,,,,,,,,,,,,communication,,,,,,,,,,,,,,,,,,,,,,,,,,,,,,,GSM 1800,,,,,,,,,,,,,,,,,,,,,,,,,,,,,,,,,,,,,,
POINT (4.853473 52.3679051),node/599612748,,,,,,,,20,,tower,,,,,,,,,,,,,,,,,,,communication,,,,,,,,,,,,,,,,,,,,,,,,,,,,,,,GSM 1800,,,,,,,,,,,,,,,,,,,,,,,,,,,,,,,,,,,,,,
POINT (4.8195324 52.3731489),node/599612768,,,,,,,,22,,tower,,,,,,,,,,,,,,,,,,,communication,,,,,,,,,,,,,,,,,,,,,,,,,,,,,,,GSM 1800,,,,,,,,,,,,,,,,,,,,,,,,,,,,,,,,,,,,,,
POINT (4.8116388 52.3499942),node/599612809,,,,,,,,23,,tower,,,,,,,,,,,,,,,,,,,communication,,,,,,,,,,,,,,,,,,,,,,,,,,,,,,,GSM 1800,,,,,,,,,,,,,,,,,,,,,,,,,,,,,,,,,,,,,,
POINT (4.896731 52.3663756),node/599612831,,,,,,,,23,,tower,,,,,,,,,,,,,,,,,,,communication,,,,,,,,,,,,,,,,,,,,,,,,,,,,,,,GSM 1800,,,,,,,,,,,,,,,,,,,,,,,,,,,,,,,,,,,,,,
POINT (4.9255183 52.3891107),node/599612853,,,,,,,,24,,tower,,,,,,,,,,,,,,,,,,,communication,,,,,,,,,,,,,,,,,,,,,,,,,,,,,,,GSM 1800,,,,,,,,,,,,,,,,,,,,,,,,,,,,,,,,,,,,,,
POINT (4.9016355 52.3757071),node/599612867,,,,,,,,25,,tower,,,,,,,,,,,,,,,,,,,communication,,,,,,,,,,,,,,,,,,,,,,,,,,,,,,,GSM 1800,,,,,,,,,,,,,,,,,,,,,,,,,,,,,,,,,,,,,,
POINT (4.8747244 52.3623637),node/599612930,,,,,,,,27,,tower,,,,,,,,,,,,,,,,,,,communication,,,,,,,,,,,,,,,,,,,,,,,,,,,,,,,GSM 1800,,,,,,,,,,,,,,,,,,,,,,,,,,,,,,,,,,,,,,
POINT (4.9211523 52.3583676),node/599612965,,,,,,,,28,,tower,,,,,,,,,,,,,,,,,,,communication,,,,,,,,,,,,,,,,,,,,,,,,,,,,,,,GSM 1800,,,,,,,,,,,,,,,,,,,,,,,,,,,,,,,,,,,,,,
POINT (4.8016164 52.3654131),node/599613029,,,,,,,,33,,tower,,,,,,,,,,,,,,,,,,,communication,,,,,,,,,,,,,,,,,,,,,,,,,,,,,,,GSM 1800,,,,,,,,,,,,,,,,,,,,,,,,,,,,,,,,,,,,,,
POINT (4.9380883 52.4033712),node/599613061,,,,,,,,38,,tower,,,,,,,,,,,,,,,,,,,communication,,,,,,,,,,,,,,,,,,,,,,,,,,,,,,,GSM 1800,,,,,,,,,,,,,,,,,,,,,,,,,,,,,,,,,,,,,,
POINT (4.8687686 52.343113),node/599613080,,,,,,,,39,,tower,,,,,,,,,,,,,,,,,,,communication,,,,,,,,,,,,,,,,,,,,,,,,,,,,,,,GSM 1800,,,,,,,,,,,,,,,,,,,,,,,,,,,,,,,,,,,,,,
POINT (4.9287973 52.3976284),node/599613107,,,,,,,,48,,tower,,,,,,,,,,,,,,,,,,,communication,,,,,,,,,,,,,,,,,,,,,,,,,,,,,,,GSM 1800,,,,,,,,,,,,,,,,,,,,,,,,,,,,,,,,,,,,,,
POINT (4.8592561 52.3754718),node/599613137,,,,,,,,18,,tower,,,,,,,,,,,,,,,,,,,communication,,,,,,,,,,,,,,,,,,,,,,,,,,,,,,,GSM 900,,,,,,,,,,,,,,,,,,,,,,,,,,,,,,,,,,,,,,
POINT (4.9018209 52.34266),node/599613144,,,,,,,,18,,tower,,,,,,,,,,,,,,,,,,,communication,,,,,,,,,,,,,,,,,,,,,,,,,,,,,,,GSM 900,,,,,,,,,,,,,,,,,,,,,,,,,,,,,,,,,,,,,,
POINT (4.8396359 52.3767039),node/599613175,,,,,,,,19,,tower,,,,,,,,,,,,,,,,,,,communication,,,,,,,,,,,,,,,,,,,,,,,,,,,,,,,GSM 900,,,,,,,,,,,,,,,,,,,,,,,,,,,,,,,,,,,,,,
POINT (4.9190672 52.37265),node/599613207,,,,,,,,19,,tower,,,,,,,,,,,,,,,,,,,communication,,,,,,,,,,,,,,,,,,,,,,,,,,,,,,,GSM 900,,,,,,,,,,,,,,,,,,,,,,,,,,,,,,,,,,,,,,
POINT (4.9278606 52.3525691),node/599613234,,,,,,,,19,,tower,,,,,,,,,,,,,,,,,,,communication,,,,,,,,,,,,,,,,,,,,,,,,,,,,,,,GSM 900,,,,,,,,,,,,,,,,,,,,,,,,,,,,,,,,,,,,,,
POINT (4.8796376 52.349065),node/599613263,,,,,,,,20,,tower,,,,,,,,,,,,,,,,,,,communication,,,,,,,,,,,,,,,,,,,,,,,,,,,,,,,GSM 900,,,,,,,,,,,,,,,,,,,,,,,,,,,,,,,,,,,,,,
POINT (4.9433209 52.347811),node/599613295,,,,,,,,20,,tower,,,,,,,,,,,,,,,,,,,communication,,,,,,,,,,,,,,,,,,,,,,,,,,,,,,,GSM 900,,,,,,,,,,,,,,,,,,,,,,,,,,,,,,,,,,,,,,
POINT (4.9048672 52.345917),node/599613347,,,,,,,,21,,tower,,,,,,,,,,,,,,,,,,,communication,,,,,,,,,,,,,,,,,,,,,,,,,,,,,,,GSM 900,,,,,,,,,,,,,,,,,,,,,,,,,,,,,,,,,,,,,,
POINT (4.8998852 52.3612123),node/599613358,,,,,,,,22,,tower,,,,,,,,,,,,,,,,,,,communication,,,,,,,,,,,,,,,,,,,,,,,,,,,,,,,GSM 900,,,,,,,,,,,,,,,,,,,,,,,,,,,,,,,,,,,,,,
POINT (4.921127 52.3583651),node/599613359,,,,,,,,24,,tower,,,,,,,,,,,,,,,,,,,communication,,,,,,,,,,,,,,,,,,,,,,,,,,,,,,,GSM 900,,,,,,,,,,,,,,,,,,,,,,,,,,,,,,,,,,,,,,
POINT (4.7956465 52.3547541),node/599613360,,,,,,,,25,,tower,,,,,,,,,,,,,,,,,,,communication,,,,,,,,,,,,,,,,,,,,,,,,,,,,,,,GSM 900,,,,,,,,,,,,,,,,,,,,,,,,,,,,,,,,,,,,,,
POINT (4.8282083 52.3512241),node/599613361,,,,,,,,26,,tower,,,,,,,,,,,,,,,,,,,communication,,,,,,,,,,,,,,,,,,,,,,,,,,,,,,,GSM 900,,,,,,,,,,,,,,,,,,,,,,,,,,,,,,,,,,,,,,
POINT (4.9192087 52.4054281),node/599613364,,,,,,,,30,,tower,,,,,,,,,,,,,,,,,,,communication,,,,,,,,,,,,,,,,,,,,,,,,,,,,,,,GSM 900,,,,,,,,,,,,,,,,,,,,,,,,,,,,,,,,,,,,,,
POINT (4.817899 52.3837107),node/599613366,,,,,,,,31,,tower,,,,,,,,,,,,,,,,,,,communication,,,,,,,,,,,,,,,,,,,,,,,,,,,,,,,GSM 900,,,,,,,,,,,,,,,,,,,,,,,,,,,,,,,,,,,,,,
POINT (4.8504694 52.3474743),node/599613367,,,,,,,,31,,tower,,,,,,,,,,,,,,,,,,,communication,,,,,,,,,,,,,,,,,,,,,,,,,,,,,,,GSM 900,,,,,,,,,,,,,,,,,,,,,,,,,,,,,,,,,,,,,,
POINT (4.8695067 52.3741958),node/599613368,,,,,,,,31,,tower,,,,,,,,,,,,,,,,,,,communication,,,,,,,,,,,,,,,,,,,,,,,,,,,,,,,GSM 900,,,,,,,,,,,,,,,,,,,,,,,,,,,,,,,,,,,,,,
POINT (4.809432 52.3376778),node/599613369,,,,,,,,32,,tower,,,,,,,,,,,,,,,,,,,communication,,,,,,,,,,,,,,,,,,,,,,,,,,,,,,,GSM 900,,,,,,,,,,,,,,,,,,,,,,,,,,,,,,,,,,,,,,
POINT (4.855771 52.3574717),node/599613370,,,,,,,,32,,tower,,,,,,,,,,,,,,,,,,,communication,,,,,,,,,,,,,,,,,,,,,,,,,,,,,,,GSM 900,,,,,,,,,,,,,,,,,,,,,,,,,,,,,,,,,,,,,,
POINT (4.9073734 52.4045899),node/599613372,,,,,,,,32,,tower,,,,,,,,,,,,,,,,,,,communication,,,,,,,,,,,,,,,,,,,,,,,,,,,,,,,GSM 900,,,,,,,,,,,,,,,,,,,,,,,,,,,,,,,,,,,,,,
POINT (4.8016255 52.3654062),node/599613376,,,,,,,,33,,tower,,,,,,,,,,,,,,,,,,,communication,,,,,,,,,,,,,,,,,,,,,,,,,,,,,,,GSM 900,,,,,,,,,,,,,,,,,,,,,,,,,,,,,,,,,,,,,,
POINT (4.8375832 52.368138),node/599613378,,,,,,,,34,,tower,,,,,,,,,,,,,,,,,,,communication,,,,,,,,,,,,,,,,,,,,,,,,,,,,,,,GSM 900,,,,,,,,,,,,,,,,,,,,,,,,,,,,,,,,,,,,,,
POINT (4.7894841 52.4071814),node/599613382,,,,,,,,38,,tower,,,,,,,,,,,,,,,,,,,communication,,,,,,,,,,,,,,,,,,,,,,,,,,,,,,,GSM 900,,,,,,,,,,,,,,,,,,,,,,,,,,,,,,,,,,,,,,
POINT (4.9381216 52.4033568),node/599613383,,,,,,,,38,,tower,,,,,,,,,,,,,,,,,,,communication,,,,,,,,,,,,,,,,,,,,,,,,,,,,,,,GSM 900,,,,,,,,,,,,,,,,,,,,,,,,,,,,,,,,,,,,,,
POINT (4.7810155 52.3547535),node/599613387,,,,,,,,39,,tower,,,,,,,,,,,,,,,,,,,communication,,,,,,,,,,,,,,,,,,,,,,,,,,,,,,,GSM 900,,,,,,,,,,,,,,,,,,,,,,,,,,,,,,,,,,,,,,
POINT (4.9466572 52.365745),node/599613388,,,,,,,,40,,tower,,,,,,,,,,,,,,,,,,,communication,,,,,,,,,,,,,,,,,,,,,,,,,,,,,,,GSM 900;GSM 1800,,,,,,,,,,,,,,,,,,,,,,,,,,,,,,,,,,,,,,
POINT (4.9287858 52.3976276),node/599613389,,,,,,,,48,,tower,,,,,,,,,,,,,,,,,,,communication,,,,,,,,,,,,,,,,,,,,,,,,,,,,,,,GSM 900,,,,,,,,,,,,,,,,,,,,,,,,,,,,,,,,,,,,,,
POINT (4.9542112 52.3920618),node/599613391,,,,,,,,52,,tower,,,,,,,,,,,,,,,,,,,communication,,,,,,,,,,,,,,,,,,,,,,,,,,,,,,,GSM 900,,,,,,,,,,,,,,,,,,,,,,,,,,,,,,,,,,,,,,
POINT (4.9270557 52.3450213),node/599613394,,,,,,,,19,,tower,,,,,,,,,,,,,,,,,,,communication,,,,,,,,,,,,,,,,,,,,,,,,,,,,,,,UMTS,,,,,,,,,,,,,,,,,,,,,,,,,,,,,,,,,,,,,,
POINT (4.9278831 52.3525606),node/599613395,,,,,,,,19,,tower,,,,,,,,,,,,,,,,,,,communication,,,,,,,,,,,,,,,,,,,,,,,,,,,,,,,UMTS,,,,,,,,,,,,,,,,,,,,,,,,,,,,,,,,,,,,,,
POINT (4.8535577 52.3645261),node/599613396,,,,,,,,20,,tower,,,,,,,,,,,,,,,,,,,communication,,,,,,,,,,,,,,,,,,,,,,,,,,,,,,,UMTS,,,,,,,,,,,,,,,,,,,,,,,,,,,,,,,,,,,,,,
POINT (4.879633 52.3490619),node/599613397,,,,,,,,20,,tower,,,,,,,,,,,,,,,,,,,communication,,,,,,,,,,,,,,,,,,,,,,,,,,,,,,,UMTS,,,,,,,,,,,,,,,,,,,,,,,,,,,,,,,,,,,,,,
POINT (4.8664945 52.3543377),node/599613404,,,,,,,,22,,tower,,,,,,,,,,,,,,,,,,,communication,,,,,,,,,,,,,,,,,,,,,,,,,,,,,,,UMTS,,,,,,,,,,,,,,,,,,,,,,,,,,,,,,,,,,,,,,
POINT (4.8988043 52.3662737),node/599613408,,,,,,,,24,,tower,,,,,,,,,,,,,,,,,,,communication,,,,,,,,,,,,,,,,,,,,,,,,,,,,,,,UMTS,,,,,,,,,,,,,,,,,,,,,,,,,,,,,,,,,,,,,,
POINT (4.8938457 52.366327),node/599613410,,,,,,,,26,,tower,,,,,,,,,,,,,,,,,,,communication,,,,,,,,,,,,,,,,,,,,,,,,,,,,,,,UMTS,,,,,,,,,,,,,,,,,,,,,,,,,,,,,,,,,,,,,,
POINT (4.8557787 52.3574731),node/599613416,,,,,,,,35,,tower,,,,,,,,,,,,,,,,,,,communication,,,,,,,,,,,,,,,,,,,,,,,,,,,,,,,UMTS,,,,,,,,,,,,,,,,,,,,,,,,,,,,,,,,,,,,,,
POINT (4.8799929 52.3625392),node/599613417,,,,,,,,37,,tower,,,,,,,,,,,,,,,,,,,communication,,,,,,,,,,,,,,,,,,,,,,,,,,,,,,,UMTS,,,,,,,,,,,,,,,,,,,,,,,,,,,,,,,,,,,,,,
POINT (4.8015982 52.3654131),node/599613418,,,,,,,,38,,tower,,,,,,,,,,,,,,,,,,,communication,,,,,,,,,,,,,,,,,,,,,,,,,,,,,,,UMTS,,,,,,,,,,,,,,,,,,,,,,,,,,,,,,,,,,,,,,
POINT (4.938113 52.4033712),node/599613419,,,,,,,,38,,tower,,,,,,,,,,,,,,,,,,,communication,,,,,,,,,,,,,,,,,,,,,,,,,,,,,,,UMTS,,,,,,,,,,,,,,,,,,,,,,,,,,,,,,,,,,,,,,
POINT (4.8915158 52.3679537),node/599613426,,,,,,,,10,,tower,,,,,,,,,,,,,,,,,,,communication,,,,,,,,,,,,,,,,,,,,,,,,,,,,,,,GSM 900,,,,,,,,,,,,,,,,,,,,,,,,,,,,,,,,,,,,,,
POINT (4.8467079 52.3760353),node/599613430,,,,,,,,25,,tower,,,,,,,,,,,,,,,,,,,communication,,,,,,,,,,,,,,,,,,,,,,,,,,,,,,,UMTS,,,,,,,,,,,,,,,,,,,,,,,,,,,,,,,,,,,,,,
POINT (4.852824 52.3644959),node/599613432,,,,,,,,22,,tower,,,,,,,,,,,,,,,,,,,communication,,,,,,,,,,,,,,,,,,,,,,,,,,,,,,,UMTS,,,,,,,,,,,,,,,,,,,,,,,,,,,,,,,,,,,,,,
POINT (4.8177364 52.3837908),node/599613434,,,,,,,,29,,tower,,,,,,,,,,,,,,,,,,,communication,,,,,,,,,,,,,,,,,,,,,,,,,,,,,,,UMTS,,,,,,,,,,,,,,,,,,,,,,,,,,,,,,,,,,,,,,
POINT (4.8095114 52.3769921),node/599613439,,,,,,,,31,,tower,,,,,,,,,,,,,,,,,,,communication,,,,,,,,,,,,,,,,,,,,,,,,,,,,,,,UMTS,,,,,,,,,,,,,,,,,,,,,,,,,,,,,,,,,,,,,,
POINT (4.9031516 52.3897868),node/599613449,,,,,,,,35,,tower,,,,,,,,,,,,,,,,,,,communication,,,,,,,,,,,,,,,,,,,,,,,,,,,,,,,GSM 900,,,,,,,,,,,,,,,,,,,,,,,,,,,,,,,,,,,,,,
POINT (4.9250397 52.3874038),node/599613460,,,,,,,,14,,tower,,,,,,,,,,,,,,,,,,,communication,,,,,,,,,,,,,,,,,,,,,,,,,,,,,,,UMTS,,,,,,,,,,,,,,,,,,,,,,,,,,,,,,,,,,,,,,
POINT (4.9031414 52.389779),node/599613470,,,,,,,,35,,tower,,,,,,,,,,,,,,,,,,,communication,,,,,,,,,,,,,,,,,,,,,,,,,,,,,,,UMTS,,,,,,,,,,,,,,,,,,,,,,,,,,,,,,,,,,,,,,
POINT (4.8012235 52.3718194),node/599613506,,,,,,,,32,,tower,,,,,,,,,,,,,,,,,,,communication,,,,,,,,,,,,,,,,,,,,,,,,,,,,,,,GSM 900,,,,,,,,,,,,,,,,,,,,,,,,,,,,,,,,,,,,,,
POINT (4.8665082 52.3542845),node/599613535,,,,,,,,22,,tower,,,,,,,,,,,,,,,,,,,communication,,,,,,,,,,,,,,,,,,,,,,,,,,,,,,,UMTS,,,,,,,,,,,,,,,,,,,,,,,,,,,,,,,,,,,,,,
POINT (4.8969422 52.3565619),node/599613544,,,,,,,,24,,tower,,,,,,,,,,,,,,,,,,,communication,,,,,,,,,,,,,,,,,,,,,,,,,,,,,,,UMTS,,,,,,,,,,,,,,,,,,,,,,,,,,,,,,,,,,,,,,
POINT (4.8620251 52.4067243),node/599613560,,,,,,,,19,,tower,,,,,,,,,,,,,,,,,,,communication,,,,,,,,,,,,,,,,,,,,,,,,,,,,,,,GSM 900,,,,,,,,,,,,,,,,,,,,,,,,,,,,,,,,,,,,,,
POINT (4.7808605 52.3962265),node/599613562,,,,,,,,20,,tower,,,,,,,,,,,,,,,,,,,communication,,,,,,,,,,,,,,,,,,,,,,,,,,,,,,,UMTS,,,,,,,,,,,,,,,,,,,,,,,,,,,,,,,,,,,,,,
POINT (4.8620287 52.4067253),node/599613563,,,,,,,,21,,tower,,,,,,,,,,,,,,,,,,,communication,,,,,,,,,,,,,,,,,,,,,,,,,,,,,,,UMTS,,,,,,,,,,,,,,,,,,,,,,,,,,,,,,,,,,,,,,
POINT (5.0004203 52.3542579),node/599613566,,,,,,,,20,,tower,,,,,,,,,,,,,,,,,,,communication,,,,,,,,,,,,,,,,,,,,,,,,,,,,,,,UMTS,,,,,,,,,,,,,,,,,,,,,,,,,,,,,,,,,,,,,,
POINT (4.872858 52.3371989),node/599613567,,,,,,,,3,,tower,,,,,,,,,,,,,,,,,,,communication,,,,,,,,,,,,,,,,,,,,,,,,,,,,,,,GSM 900,,,,,,,,,,,,,,,,,,,,,,,,,,,,,,,,,,,,,,
POINT (4.9451178 52.308038),node/599613634,,,,,,,,32,,tower,,,,,,,,,,,,,,,,,,,communication,,,,,,,,,,,,,,,,,,,,,,,,,,,,,,,GSM 900,,,,,,,,,,,,,,,,,,,,,,,,,,,,,,,,,,,,,,
POINT (4.9548565 52.3002546),node/599613635,,,,,,,,50,,tower,,,,,,,,,,,,,,,,,,,communication,,,,,,,,,,,,,,,,,,,,,,,,,,,,,,,GSM 900,,,,,,,,,,,,,,,,,,,,,,,,,,,,,,,,,,,,,,
POINT (4.9451178 52.308038),node/599613638,,,,,,,,32,,tower,,,,,,,,,,,,,,,,,,,communication,,,,,,,,,,,,,,,,,,,,,,,,,,,,,,,UMTS,,,,,,,,,,,,,,,,,,,,,,,,,,,,,,,,,,,,,,
POINT (4.9476022 52.3090229),node/599613639,,,,,,,,31,,tower,,,,,,,,,,,,,,,,,,,communication,,,,,,,,,,,,,,,,,,,,,,,,,,,,,,,GSM 1800,,,,,,,,,,,,,,,,,,,,,,,,,,,,,,,,,,,,,,
POINT (4.9520907 52.3147148),node/599613651,,,,,,,,26,,tower,,,,,,,,,,,,,,,,,,,communication,,,,,,,,,,,,,,,,,,,,,,,,,,,,,,,GSM 900,,,,,,,,,,,,,,,,,,,,,,,,,,,,,,,,,,,,,,
POINT (4.9476007 52.3090359),node/599613685,,,,,,,,31,,tower,,,,,,,,,,,,,,,,,,,communication,,,,,,,,,,,,,,,,,,,,,,,,,,,,,,,GSM 900,,,,,,,,,,,,,,,,,,,,,,,,,,,,,,,,,,,,,,
POINT (4.9504175 52.3208203),node/599613712,,,,,,,,35,,tower,,,,,,,,,,,,,,,,,,,communication,,,,,,,,,,,,,,,,,,,,,,,,,,,,,,,GSM 900,,,,,,,,,,,,,,,,,,,,,,,,,,,,,,,,,,,,,,
POINT (4.9445159 52.2978076),node/599613823,,,,,,,,21,,tower,,,,,,,,,,,,,,,,,,,communication,,,,,,,,,,,,,,,,,,,,,,,,,,,,,,,UMTS,,,,,,,,,,,,,,,,,,,,,,,,,,,,,,,,,,,,,,
POINT (4.9858286 52.2976045),node/599613843,,,,,,,,22,,tower,,,,,,,,,,,,,,,,,,,communication,,,,,,,,,,,,,,,,,,,,,,,,,,,,,,,UMTS,,,,,,,,,,,,,,,,,,,,,,,,,,,,,,,,,,,,,,
POINT (4.9476295 52.3090345),node/599613858,,,,,,,,30,,tower,,,,,,,,,,,,,,,,,,,communication,,,,,,,,,,,,,,,,,,,,,,,,,,,,,,,UMTS,,,,,,,,,,,,,,,,,,,,,,,,,,,,,,,,,,,,,,
POINT (4.9504266 52.3208217),node/599613892,,,,,,,,35,,tower,,,,,,,,,,,,,,,,,,,communication,,,,,,,,,,,,,,,,,,,,,,,,,,,,,,,UMTS,,,,,,,,,,,,,,,,,,,,,,,,,,,,,,,,,,,,,,
POINT (4.9760793 52.3214515),node/599613911,,,,,,,,41,,tower,,,,,,,,,,,,,,,,,,,communication,,,,,,,,,,,,,,,,,,,,,,,,,,,,,,,GSM 900;GSM 1800,,,,,,,,,,,,,,,,,,,,,,,,,,,,,,,,,,,,,,
POINT (4.9444784 52.3108707),node/599613912,,,,,,,,41,,tower,,,,,,,,,,,,,,,,,,,communication,,,,,,,,,,,,,,,,,,,,,,,,,,,,,,,GSM 900,,,,,,,,,,,,,,,,,,,,,,,,,,,,,,,,,,,,,,
POINT (4.9445031 52.3108668),node/599613914,,,,,,,,41,,tower,,,,,,,,,,,,,,,,,,,communication,,,,,,,,,,,,,,,,,,,,,,,,,,,,,,,UMTS,,,,,,,,,,,,,,,,,,,,,,,,,,,,,,,,,,,,,,
POINT (4.8555269 52.3398675),node/695137000,,Amsterdam,,,Burgerweeshuispad,,,,,tower,Tripolis 100,office building,,,,,,,,,,,,,,,,,,NL,,,,,,,,,,,,,,,,,,,,,,,,,,,,,,,,,,,,,,,,,,,,,,,,,,,,,,,,,,,,,,,,,,,,
POINT (4.8566856 52.3392513),node/695137001,,Amsterdam,,,Burgerweeshuispad,,,,,tower,Tripolis 200,office building,,,,,,,,,,,,,,,,,,NL,,,,,,,,,,,,,,,,,,,,,,,,,,,,,,,,,,,,,,,,,,,,,,,,,,,,,,,,,,,,,,,,,,,,
POINT (4.9379392 52.3030586),node/717740190,,Amsterdam,13,1101AE,Kuiperbergweg,,,,,,Equinix AM7,,,,,BAG,2014-05-07,,,https://www.equinix.nl/data-centers/europe-colocation/netherlands-colocation/amsterdam-data-centers/am7,,,,,AM7,,,,,,Equinix,,Q851641,data_center,,,,,,,,company,,,,,,,,,,,,,,,,,,,,,,,,,,,,,,,,,,,,,,,,,,,,,,,,,,,,,,,,
POINT (4.8632487 52.3945976),node/1103570441,,,,,,,,116,,mast,,,,,,,,,,,,,,,,,,lattice,communication,,,,,,,,,,,,,,,,,,,,,,,,,,,,,,,,,,,,,,,,,,yes,,,,,,,,,,,,,,,,,,,,,,,,,,,
POINT (4.9393233 52.3155373),node/1125265884,,,,,,,,,,tower,,,,,,,,,,,,,,,,,,,,,,,,,,,,,,,,,,,,,,,,,,,,,,,,,,,,,,,,,,,,,,,,,,,,,,,,,,,,,,,,,,,,,,,,
POINT (4.9687545 52.3188435),node/1192712605,,,,,,,,,,tower,,,,,,,,,,,,,,,,,,,bell_tower,,,,,,,,,,,,,,,,,,,,,,,,,,,,,,,,,,,,,,,,,,,,,,,,,,,,,,,,,,,,,,,,,,,,,
POINT (4.8995216 52.3702214),node/1293223805,,,,,,,,,,tower,Zuiderkerkstoren,,,,,,,,,,,Q1886733,Category:Zuiderkerk (Amsterdam),nl:Zuiderkerkstoren (Amsterdam),,,,,bell_tower,,,,,,,,,,,,attraction,,,,,,,,,,,,,,,,,,,,,,,,,,,,,,,,,,,,,,,,,,,,,,,,,,,,,,,,,
POINT (4.8629721 52.385034),node/1432277901,,,,,,,,,,mast,,,,,,,,,,https://www.c2000.nl/,,,,,,Used for digital communication between emergency services (national C2000 network),,lattice,communication,,,,,,,,,,,,,,,,,,,,,,,,,,,,,,,,,,,,,,,,,,,,,,,,,,,,,,,,,,,,,,,,,,,,,
POINT (4.8423007 52.3454095),node/1575247282,,,,,,,,31,,tower,,,,,,,,,,,,,,,,,,,advertising,,Ocean Outdoor,,,,,,,,,,,,,,,,,,,,,,,,,,,,,,,,,,,,,,,,,,,,,,,,,,,,,,,,,,,,,,,,,,,
POINT (4.8079161 52.3334413),node/1576727347,,,,,,,,,,tower,,,,,,,,,,,,,,,,"Communication tower Airtraffic Control Netherlands, Lucht Verkeersleiding Nederland",,,communication,,LVN,,,,,,,,,,,,,,,,,,,,,,,,,,,,,,,,,,,,,,,,,,,,,,,,,,,,,,,,,,,,,,,,,,,
POINT (4.809394 52.3376718),node/1576784706,,,,,,,,31,,tower,,,,,,,,,,,,,,,,Advertising tower,,,,,,,,,,,,,,,,,,,,,,,,,,,,,,,,,,,,,,,,,,,,,,,,,,,,,,,,,,,,,,,,,,,,,,,,
POINT (4.8229183 52.3525134),node/1578757561,,,,,,,,,,tower,,,,,,,,,,,,,,,,Church bells in top of thin freestanding tower,,,,,,,,,,,,,,,,,,,,,,,,,,,,,,,,,,,,,,,,,,,,,,,,,,,,,,,,,,,,,,,,,,,,,,,,
POINT (4.7926233 52.3509894),node/1582016011,,,,,,,,,,tower,,,,,,,,,,,,,,,,Tuincentrum Osdorp adverising board,,,commercial,,,,,,,,,,,,,,,,,,,,,,,,,,,,,,,,,,,,,,,,,,,,,,,,,,,,,,,,,,,,,,,,,,,,,
POINT (4.8355903 52.3468582),node/1683006209,,,,,,,,3,,tower,Advertising,,,,,,,,,,,,,,,,,,advertising,,,,,,,,,,,,,,,,,,,,,,,,,,,,,,,,,,,,,,,,,,,,,,,,,,,,,,,,,,,,,,,,,,,,,
POINT (4.7858107 52.3597052),node/1692928965,,,,,,,,,,mast,,,,,,,,,,,,,,,,,,freestanding,siren,,,,,,,,,,,,,,,,,,,,,,,,,,,,,,,,,,,,,,,,,,,siren,Federal Signal,Modulator 2008,civil_defense,electronic,pole,,,,,,,,,,,,,,,,,,,,,
POINT (4.981211 52.305841),node/1732181632,,,,,,,,,,tower,,,,,,,,,,,,,,,,,,,observation,,,,,,,,,,,,,,,,,,,,,,,,,,,,,,,,,,,,,,,,,,,,,,,,,,,,,,,,,,,,,,,,,,,,,
POINT (4.760136 52.397402),node/1815018744,,,,,,,,10,,tower,Uitkijktoren Geuzenbos,,,,,,,,,,,,,,,,,,observation,,,,,,,,,,,,viewpoint,,,,,,,,,,,,,,,,,,,,,,,,,,,,,,,,,,,,,,,,,,,,,,,,,,,,,,,,,
POINT (4.8123272 52.3390301),node/1992463741,private,,,,,,,,,tower,,,,,,,,,,,,,,,,,,lattice,communication,,,,,,,,,,,,,,,,,,,,,,,,,,,,,,,,,,,,,,,,,,,,,,,,,,,,,,,,,,,,,,,,,,,,,
POINT (4.8335523 52.3458319),node/2331917685,,,,,,,,3,,tower,,,,,,,,,,,,,,,,,,,advertising,,,,,,,,,,,,,,,,,,,,,,,,,,,,,,,,,,,,,,,,,,,,,,,,,,,,,,,,,,,,,,,,,,,,,
POINT (4.8586557 52.3221469),node/2388543368,,,,,,,,,,tower,,,,,,,,,,,,,,,,,,,bell_tower,,,,,,,,,,,,,,,,,,,,,,,,,,,,,,,,,,,,,,,,,,,,,,,,,,,,,,,,,,,,,,,,,,,,,
POINT (4.8857544 52.3601272),node/2388550772,,,,,,,,,,tower,Klokkentoren,,,,,,,,,,,,,,,,,,bell_tower,,,,,,,,,,,,,,,,,,,,,,,,,,,,,,,,,,,,,,,,,,,,,,,,,,,,,,,,,,,,,,,,,,,,,
POINT (4.8853954 52.3603091),node/2388550778,,,,,,,,,,tower,Vlaggentoren,,,,,,,,,,,,,,,,,,,,,,,,,,,,,,,,,,,,,,,,,,,,,,,,,,,,,,,,,,,,,,,,,,,,,,,,,,,,,,,,,,,,,,,
POINT (4.9193126 52.3700108),node/2388550891,,,,,,,,,,tower,,,,,,,,,,,,,,,,,,,bell_tower,,,,,,,,,,,,,,,,,,,,,,,,,,,,,,,,,,,,,,,,,,,,,,,,,,,,,,,,,,,,,,,,,,,,,
POINT (4.8909954 52.371389),node/2388550923,,,,,,,,,,tower,,,,,,,,,,,,,,,,,,,,,,,,,,,,,,,,,,,,,,,,,,,,,,,,,,,,,,,,,,,,,,,,,,,,,,,,,,,,,,,,,,,,,,,,
POINT (4.8975495 52.3743608),node/2388550970,,,,,,,,,,tower,,,,,,,,,,,,,,,,,,,bell_tower,,,,,,,,,,,,,,,,,,,,,,,,,,,,,,,,,,,,,,,,,,,,,,,,,,,,,,,,,,,,,,,,,,,,,
POINT (4.8511461 52.3964216),node/2738247230,,Amsterdam,35,1014BV,Zekeringstraat,,,,,,Databarn Amsterdam,,,,,BAG,2014-02-11,,,https://www.databarn.nl/,,,,,,,,,,,Databarn Amsterdam B.V.,,,data_center,,,,,,,,company,,,,,,,,,,,,,,,,,,,,,,,,,,,,,,,,,,,,,,,,,,,,,,,,,,,,,,,,
POINT (4.8494313 52.3934111),node/2738247376,,Amsterdam,48,1014BB,Kabelweg,,,,,,NorthC Datacenters Amsterdam,,,,,BAG,2014-02-11,,,https://www.northcdatacenters.com/en/northc-datacenters/amsterdam/,,,,,,,,,,,NorthC,https://www.northcdatacenters.com/,,data_center,,,,,,,,,,,,,,,,,,,,,,,,,,,,,,,,,,,,,,,,,,,,business,,,,,,,,,,,,,,,,,,,,
POINT (4.8288651 52.34401),node/2808423607,,Amsterdam,759,1066VH,Johan Huizingalaan,,,,,,Global Switch Amsterdam,,,,,BAG,2014-03-24,,,https://www.globalswitch.nl/locaties/amsterdam/,,,,,,,,,,,Global Switch,,,data_center,,,,,,,,company,,,,,,,,,,,,,,,,,,,,,,,,,,,,,,,,,,,,,,,,,,,,,,,,,,,,,,,,
POINT (4.9188641 52.3337319),node/2840442643,,Amsterdam,9,1096BH,Johann Siegerstraat,,,,,,Digital Realty,,,,,BAG,2014-03-24,,,,,,,,,,,,,,Digital Realty,,Q5275969,data_center,,,,,,,,company,,,,,,,,,,,,,,,,,,,,,,,,,,,,,,,,,,,,,,,,,,,,,,,,,,,,,,,,
POINT (5.0004206 52.3542129),node/2842400539,,Amsterdam,961,1087JB,Maria Austriastraat,,,,,,,,,,,BAG,2014-05-07,,,,,,,,,,,,,,,,,exchange,,,,,,,,,,,,,,,,,,,,,,,,,,,,,,,,,,,,,,,,,,,,,,,,,,,,,,,,,,,,,,,,
POINT (4.9549587 52.3002909),node/2862652419,,Amsterdam,1,1105AG,Paalbergweg,,,,,,KPN Amsterdam,,,,,BAG,2014-05-07,,,,,,,,,,,,,,KPN,,Q338633,data_center,,,,,,,,company,,,,,,,,,,,,,,,,,,,,,,,,,,,,,,,,,,,,,,,,,,,,,,,,,,,,,,,,
POINT (4.9486495 52.296358),node/2862656047,,Amsterdam,4,1105AJ,Stekkenbergweg,,,,,,Lumen Amsterdam,,,,,BAG,2014-05-07,,,,,,,,,,,,,,Lumen Technologies,,Q5063092,data_center,,,,,,,,telecommunication,,,,,,,,,,,,,,,,,,,,,,,,,,,,,,,,,,,,,,,,,,,,,,,,,,,,,,,,
POINT (4.9354898 52.3049802),node/2862973887,,Amsterdam,13,1101AR,Kollenbergweg,,,,,,Verizon 2,,,,,BAG,2014-05-07,,,,,,,,,,,,,,,,,data_center,,,,,,,,company,,,,,,,,,,,,,,,,,,,,,,,,,,,,,,,,,,,,,,,,,,,,,,,,,,,,,,,,
POINT (4.9360116 52.3095225),node/2862978534,,Amsterdam,22,1101GB,Keienbergweg,,,,,,Datacenter.com AMS1,,,,,BAG,2014-05-07,,,https://datacenter.com/datacenter/locations/data-center-amsterdam-ams1/,limited,,,,AMS1,,,,,,,,,data_center,,,,,,,,telecommunication,,,,,,,,,,,,,,,,,24/7,,,,,,,,,,,,,,,,,,,,,,,,,,,,,,,,,,,,,,,
POINT (4.9393076 52.3040255),node/2862978553,,Amsterdam,28,1101AH,Lemelerbergweg,,,,,,Equinix AM11,,,,,BAG,2014-05-07,,,https://www.equinix.nl/data-centers/europe-colocation/netherlands-colocation/amsterdam-data-centers/am11,,,,,AM11,,,,,,Equinix,,Q851641,data_center,,,,,,,,company,,,,,,,,,,,,,,,,,,,,,,,,,,,,,,,,,,,,,,,,,,,,,,,,,,,,,,,,
POINT (4.9374284 52.3057261),node/2862978569,,Amsterdam,32,1101AR,Kollenbergweg,,,,,,Rydo,,,+31 20 697 3068,,BAG,2014-05-07,,,https://www.rydotelecom.nl/,,,,,,,,,,,,,,,,,,,,,,telecommunication,,,,,,,,,,,,,,,,,Mo-Fr 08:00-16:00,,,,,,,,,,,,,,,,,,,,100093186252166,business_center_rydo,RydoWebshop,,,,,,,,,,,,,,,,,
POINT (4.9419808 52.3006292),node/2862979348,,Amsterdam,57,1101EB,Laarderhoogtweg,,,,,,Equinix AM2,,,,,BAG,2014-05-07,,,,,,,,AM2,,,,,,Equinix,,Q851641,data_center,,,,,,,,company,,,,,,,,,,,,,,,,,,,,,,,,,,,,,,,,,,,,,,,,,,,,,,,,,,,,,,,,
POINT (4.9476935 52.3020714),node/3010045965,,,,,,,,31.6,,tower,,,,,,,,,,,,,,,,,,,communication,,,,,,,,,,,,,,,,,,,,,,,,,,,,,,,UMTS,,,,,,,,,,,,,,,,,,,,,,,,,,,,,,,,,,,,,,
POINT (4.8650207 52.3570218),node/3650751765,,,,,,,,,,mast,,,,,,,,,,,,,,,,,,,,,,,,,,,,,,,,,,,,,,,,,,,,,,,,,,,,,,,,,,,,,,,,,,,,,,,,bird_nest,stork,,,,,,,,,,,,,,,
POINT (4.8609329 52.3662563),node/4368071491,,,,,,,,42,,tower,,,,,,,,,,,,,,,,,,concrete,minaret,,,,,,,,,,,,,,,,,,,,,,,,,,,,,,,,,,,,,,,,,,,,,,,,,,,,,,,,,,,,,,,,,,,,,
POINT (4.8661331 52.3224289),node/4761732352,,,,,,,,,,mast,,,,,,,,,,,,,,,,,,,,,,,,,,,,,,,,,,,,,,,,,,,,,,,,,,,,,,,,,,,,,,,,,,,,,,,,bird_nest,stork,,,,,,,,,,,,,,,
POINT (4.9170599 52.3451244),node/5982332485,,,,,,,,150,,tower,Rembrandttoren,,,,,,,,,,,Q2361620,Category:Rembrandttoren,nl:Rembrandttoren,,,,,,,,,,,,,,,,,,,,,,,,,,,,,,,,,,,,,,,,,,,,,,,,,,,,,,,,,,,,Rembrandt Tower,,,,,,,,,,,,,,
POINT (4.8929545 52.3769061),node/6069698147,,,,,,,,,,tower,,,,,,,,,,,,,,,,,,,bell_tower,,,,,,,,,,,,,,,,,,,,,,,,,,,,,,,,,,,,,,,,,,,,,,,,,,,,,,,,,,,,,,,,,,,,,
POINT (4.8333932 52.3395635),node/6278658671,,,,,,,,30,,mast,,,,,,,,,,,,,,,,,,,communication,,,,,,,,,,,,,,,,,,,,,,,,,,,,,,,,,,,,,,,,,,,,,,,,,,,,,,,,,,,,,,,,,,,,,
POINT (4.9177715 52.3796677),node/6761981951,,,,,,,,,,mast,,,,,,,,,,,,,,,,,,,communication,,,,,,,,,,,,,,,,,,,,,,,,,,,,,,,,,,,,,,,,,,,,,,,,,,,,,,,,,,,,,,,,,,,,,
POINT (4.8932133 52.3670567),node/7027039946,,,,,,,,,,tower,Munttoren,,,,,,,,,,,,,,,,,,,,,,,,,,,,,,,,,,,,,,,,,,,,,,,,,,,,,,,,,,,,,,,,,,,,,,,,,,,,,,,,,,,,,,,
POINT (4.8857319 52.4142445),node/7259622526,,,,,,,,,,tower,,,,,,,,,,,,,,,,,,,clock,,,,,,,,,,,,,,,,,,,,,,,,,,,,,,,,,,,,,,,,,,,,,,,,,,,,,,,,,,,,,,,,,,,,,
POINT (4.8299536 52.393726),node/8205609383,,,,,,,,,,mast,,,,,,,,,,,,,,,,,,freestanding,siren,,,,,,,,,,,,,,,,,,,,,,,,,,,,,,,,,,,,,,,,,,,siren,Federal Signal,Modulator 2008,civil_defense,electronic,pole,,,,,,,,,,,,,,,,,,,,,
POINT (4.9811008 52.3080842),node/8244811903,,,,,,,,,,tower,Carillion,,,,,,,,,,,,,,,,,,bell_tower,,,,,,,,,,,,,,,,,,,,,,,,,,,,,,,,,,,,,,,,,,,,,,,,,,,,,,,,,,,,,,,,,,,,,
POINT (4.8404521 52.4036004),node/8249947272,,,,,,,,,,mast,,,,,,,,,,,,,,,,,,lattice,communication,,,,,,,,,,,,,,,,,,,,,,,,,,,,steel,,,,,,,,yes,,,,,,,,,,,,,,,,,,,,,,,,,,,,,,,,,
POINT (4.9525169 52.3029195),node/8258474092,,,,,,,,,,tower,,,,,,,,,,,,,,,,,,,bell_tower,,,,,,,,,,,,,,,,,,,,,,,,,,,,,,,,,,,,,,,,,,,,,,,,,,,,,,,,,,,,,,,,,,,,,
POINT (4.7776038 52.3683146),node/8303867129,,,,,,,,11,,mast,,,,,,,,,,,,,,,,,,freestanding,communication,,Extra AM,,,,,,,,,,,,,,,,,,,,,,,,,,,,,,,,,,,,,,,,,,,,,,,,,,,,,,yes,1332 kHz,,,,,,,,,,,,
POINT (4.8481887 52.3962464),node/8443715319,,,,,,,,,,tower,,,,,,,,,,,,,,,,,,freestanding,communication,,,,,,,,,,,,,,,,,,,,,,,,,,,,steel,,,,,,,,yes,,,,,,,,,,,,,,,,,,,,yes,,yes,,,,,,,,,,,
POINT (4.9635991 52.3135732),node/8617156554,,,,,,,,12,,mast,,,,,,,,,,,,,,,,,,freestanding,lighting,,,,,,,,,,,,,,,,,,,,,,,,,,,,metal,,,,,,,,,,,,,,,,,,,,,,,,,,,,,,,,,,,,,,,,,
POINT (4.962264 52.3131157),node/8617156555,,,,,,,,12,,mast,,,,,,,,,,,,,,,,,,freestanding,lighting,,,,,,,,,,,,,,,,,,,,,,,,,,,,metal,,,,,,,,,,,,,,,,,,,,,,,,,,,,,,,,,,,,,,,,,
POINT (4.9629322 52.3133453),node/8617156556,,,,,,,,12,,mast,,,,,,,,,,,,,,,,,,freestanding,lighting,,,,,,,,,,,,,,,,,,,,,,,,,,,,metal,,,,,,,,,,,,,,,,,,,,,,,,,,,,,,,,,,,,,,,,,
POINT (4.9639656 52.3122036),node/8617156557,,,,,,,,12,,mast,,,,,,,,,,,,,,,,,,freestanding,lighting,,,,,,,,,,,,,,,,,,,,,,,,,,,,metal,,,,,,,,,,,,,,,,,,,,,,,,,,,,,,,,,,,,,,,,,
POINT (4.9633007 52.311974),node/8617156558,,,,,,,,12,,mast,Veld 2,,,,,,,,,,,,,,,,,freestanding,lighting,,,,,,,,,,,,,,,,,,,,,,,,,,,,metal,,,,,,,,,,,,,,,,,,,,,,,,,,,,,,,,,,,,,,,,,
POINT (4.9645329 52.3115899),node/8617156559,,,,,,,,12,,mast,,,,,,,,,,,,,,,,,,freestanding,lighting,,,,,,,,,,,,,,,,,,,,,,,,,,,,metal,,,,,,,,,,,,,,,,,,,,,,,,,,,,,,,,,,,,,,,,,
POINT (4.9646839 52.3123818),node/8617156560,,,,,,,,12,,mast,,,,,,,,,,,,,,,,,,freestanding,lighting,,,,,,,,,,,,,,,,,,,,,,,,,,,,metal,,,,,,,,,,,,,,,,,,,,,,,,,,,,,,,,,,,,,,,,,
POINT (4.9646348 52.3124343),node/8617156561,,,,,,,,12,,mast,,,,,,,,,,,,,,,,,,freestanding,lighting,,,,,,,,,,,,,,,,,,,,,,,,,,,,metal,,,,,,,,,,,,,,,,,,,,,,,,,,,,,,,,,,,,,,,,,
POINT (4.9640159 52.3121529),node/8617156562,,,,,,,,12,,mast,,,,,,,,,,,,,,,,,,freestanding,lighting,,,,,,,,,,,,,,,,,,,,,,,,,,,,metal,,,,,,,,,,,,,,,,,,,,,,,,,,,,,,,,,,,,,,,,,
POINT (4.9633483 52.3119303),node/8617156563,,,,,,,,12,,mast,,,,,,,,,,,,,,,,,,freestanding,lighting,,,,,,,,,,,,,,,,,,,,,,,,,,,,metal,,,,,,,,,,,,,,,,,,,,,,,,,,,,,,,,,,,,,,,,,
POINT (4.9651994 52.3118166),node/8617156564,,,,,,,,12,,mast,,,,,,,,,,,,,,,,,,freestanding,lighting,,,,,,,,,,,,,,,,,,,,,,,,,,,,metal,,,,,,,,,,,,,,,,,,,,,,,,,,,,,,,,,,,,,,,,,
POINT (4.9638677 52.3113558),node/8617156565,,,,,,,,12,,mast,,,,,,,,,,,,,,,,,,freestanding,lighting,,,,,,,,,,,,,,,,,,,,,,,,,,,,metal,,,,,,,,,,,,,,,,,,,,,,,,,,,,,,,,,,,,,,,,,
POINT (4.9641439 52.3130023),node/8617215099,,,,,,,,12,,mast,,,,,,,,,,,,,,,,,,freestanding,lighting,,,,,,,,,,,,,,,,,,,,,,,,,,,,metal,,,,,,,,,,,,,,,,,,,,,,,,,,,,,,,,,,,,,,,,,
POINT (4.9641235 52.3130243),node/8617215100,,,,,,,,12,,mast,,,,,,,,,,,,,,,,,,freestanding,lighting,,,,,,,,,,,,,,,,,,,,,,,,,,,,metal,,,,,,,,,,,,,,,,,,,,,,,,,,,,,,,,,,,,,,,,,
POINT (4.9627773 52.3125262),node/8617215101,,,,,,,,12,,mast,,,,,,,,,,,,,,,,,,freestanding,lighting,,,,,,,,,,,,,,,,,,,,,,,,,,,,metal,,,,,,,,,,,,,,,,,,,,,,,,,,,,,,,,,,,,,,,,,
POINT (4.9627589 52.3125459),node/8617215102,,,,,,,,12,,mast,,,,,,,,,,,,,,,,,,freestanding,lighting,,,,,,,,,,,,,,,,,,,,,,,,,,,,metal,,,,,,,,,,,,,,,,,,,,,,,,,,,,,,,,,,,,,,,,,
POINT (4.9492309 52.3507419),node/9274864482,,,,,,,,,,mast,,,,,,,,,,,,,,,,,,,lighting,,,,,,,,,,,,,,,,,,,,,,,,,,,,,,,,,,,,,,,,,,,,,,,,,,,,,,,,,,,floodlight,,,,,,,,,,
POINT (4.9497591 52.3504123),node/9274864483,,,,,,,,,,mast,,,,,,,,,,,,,,,,,,,lighting,,,,,,,,,,,,,,,,,,,,,,,,,,,,,,,,,,,,,,,,,,,,,,,,,,,,,,,,,,,floodlight,,,,,,,,,,
POINT (4.9502515 52.3501073),node/9274864484,,,,,,,,,,mast,,,,,,,,,,,,,,,,,,,lighting,,,,,,,,,,,,,,,,,,,,,,,,,,,,,,,,,,,,,,,,,,,,,,,,,,,,,,,,,,,floodlight,,,,,,,,,,
POINT (4.9510594 52.3505349),node/9274864485,,,,,,,,,,mast,,,,,,,,,,,,,,,,,,,lighting,,,,,,,,,,,,,,,,,,,,,,,,,,,,,,,,,,,,,,,,,,,,,,,,,,,,,,,,,,,floodlight,,,,,,,,,,
POINT (4.9505328 52.3508662),node/9274864486,,,,,,,,,,mast,,,,,,,,,,,,,,,,,,,lighting,,,,,,,,,,,,,,,,,,,,,,,,,,,,,,,,,,,,,,,,,,,,,,,,,,,,,,,,,,,floodlight,,,,,,,,,,
POINT (4.9500041 52.3511999),node/9274864487,,,,,,,,,,mast,,,,,,,,,,,,,,,,,,,lighting,,,,,,,,,,,,,,,,,,,,,,,,,,,,,,,,,,,,,,,,,,,,,,,,,,,,,,,,,,,floodlight,,,,,,,,,,
POINT (4.9489942 52.3509726),node/9275173741,,,,,,,,,,mast,,,,,,,,,,,,,,,,,,,lighting,,,,,,,,,,,,,,,,,,,,,,,,,,,,,,,,,,,,,,,,,,,,,,,,,,,,,,,,,,,floodlight,,,,,,,,,,
POINT (4.9500982 52.351615),node/9275173742,,,,,,,,,,mast,,,,,,,,,,,,,,,,,,,lighting,,,,,,,,,,,,,,,,,,,,,,,,,,,,,,,,,,,,,,,,,,,,,,,,,,,,,,,,,,,floodlight,,,,,,,,,,
POINT (4.9497299 52.351401),node/9275173743,,,,,,,,,,mast,,,,,,,,,,,,,,,,,,,lighting,,,,,,,,,,,,,,,,,,,,,,,,,,,,,,,,,,,,,,,,,,,,,,,,,,,,,,,,,,,floodlight,,,,,,,,,,
POINT (4.949362 52.3511867),node/9275173744,,,,,,,,,,mast,,,,,,,,,,,,,,,,,,,lighting,,,,,,,,,,,,,,,,,,,,,,,,,,,,,,,,,,,,,,,,,,,,,,,,,,,,,,,,,,,floodlight,,,,,,,,,,
POINT (4.949363 52.3520892),node/9275535147,,,,,,,,,,mast,,,,,,,,,,,,,,,,,,,lighting,,,,,,,,,,,,,,,,,,,,,,,,,,,,,,,,,,,,,,,,,,,,,,,,,,,,,,,,,,,floodlight,,,,,,,,,,
POINT (4.9489932 52.3518752),node/9275535148,,,,,,,,,,mast,,,,,,,,,,,,,,,,,,,lighting,,,,,,,,,,,,,,,,,,,,,,,,,,,,,,,,,,,,,,,,,,,,,,,,,,,,,,,,,,,floodlight,,,,,,,,,,
POINT (4.9486259 52.3516606),node/9275535149,,,,,,,,,,mast,,,,,,,,,,,,,,,,,,,lighting,,,,,,,,,,,,,,,,,,,,,,,,,,,,,,,,,,,,,,,,,,,,,,,,,,,,,,,,,,,floodlight,,,,,,,,,,
POINT (4.9482547 52.3514442),node/9275535150,,,,,,,,,,mast,,,,,,,,,,,,,,,,,,,lighting,,,,,,,,,,,,,,,,,,,,,,,,,,,,,,,,,,,,,,,,,,,,,,,,,,,,,,,,,,,floodlight,,,,,,,,,,
POINT (4.9532797 52.3436022),node/9340762390,,,,,,,,,,tower,,,,,,,,,,,,,,,,,,,observation,,,,,,,,,,,,,,,,,,,,,,,,,,,,wood,,,,,,,,,,,,,,,,,,,,,,,,,,,,,,,,tower,,,,,,,,,
POINT (4.9705007 52.3081914),node/9498481241,,,,,,,,22,,mast,,,,,,,,,,,,,,,,,,lattice,communication,,,,,,,,,,,,,,,,,,,,,,,,,,,,,,,,,,,,yes,,,,,,,,,,,,,,,,,,,,yes,,,,,yes,survey;https://bezoekerscentrum.rijkswaterstaat.nl/SchipholAmsterdamAlmere/news/zendmast-op-gaasperdammertunnel,,,,,,,
POINT (4.951095 52.3572282),node/9755728369,,,,,,,,,,,Digital Realty AMS17,,,,,,,,,,,,,,,,,,,,,,,data_center,,,,,,,,company,,,,,,,,,,,,,,,,,,,,,,,,,,,,,,,,,,,,,,,,,,,,,,,,,,,,,,,,
POINT (4.923475 52.3619029),node/9759165517,,,,,,,,,,mast,,,,,,,,,,,,,,,,,,,communication,,,,,,,,,,,,,,,,,,,,,,,,,,,,,,,,,,,,,,,,,,,,,,,,,,,,,,,,yes,,,,,,,,,,,,,
POINT (4.8977522 52.3784189),node/9817710378,,,,,,,,,,mast,,,,,,,,,,,,,,,,,,freestanding,lighting,,,,,,,,,,,,,,,,,,,,,,,,,,,,,,,,,,,,,,,,,,,,,,,,,,,,,,,,,,,,,,,,,,,,,
POINT (4.8975429 52.3783602),node/9817710381,,,,,,,,,,mast,,,,,,,,,,,,,,,,,,freestanding,lighting,,,,,,,,,,,,,,,,,,,,,,,,,,,,,,,,,,,,,,,,,,,,,,,,,,,,,,,,,,,,,,,,,,,,,
POINT (4.797623 52.3421489),node/9878357654,,,,,,,,,,tower,,,,,,,,,,,,,"File:Amsterdam-Sloten, Sloterkerk (40).jpg",,,,,,bell_tower,,,,,,,,,,,,,,,,,,,,,,,,,,,,,,,,,,,,,,,,,,,,,,,,,,,,,,,,,,,,,,,,,,,,,
POINT (4.9501294 52.3538058),node/9907271089,,,,,,,,,,mast,,,,,,,,,,,,,,,,,,,lighting,,,,,,,,,,,,,,,,,,,,,,,,,,,,,,,,,,,,,,,,,,,,,,,,,,,,,,,,,,,,,,,,,,,,,
POINT (4.9612584 52.38224),node/9937981964,,,,,,,,,,mast,,,,,,,,,,,,,,,,,,freestanding,siren,,,,,,,,,,,,,,,,,,,,,,,,,,,,,,,,,,,,,,,,,,,siren,Federal Signal,Modulator 2008,civil_defense,electronic,pole,,,,,,,,,,,,,,,,,,,,,
POINT (4.9961046 52.3907338),node/9937981965,,,,,,,,,,mast,,,,,,,,,,,,,,,,,,freestanding,siren,,,,,,,,,,,,,,,,,,,,,,,,,,,,,,,,,,,,,,,,,,,siren,Federal Signal,Modulator 2008,civil_defense,electronic,pole,,,,,,,,,,,,,,,,,,,,,
POINT (4.950168 52.3539417),node/9999759334,,,,,,,,,,mast,,,,,,,,,,,,,,,,,,freestanding,siren,,,,,,,,,,,,,,,,,,,,,,,,,,,,,,,,,,,,,,,,,,,siren,Federal Signal,Modulator 2008,civil_defense,electronic,pole,,,,,,,,,,,,,,,,,,,,,
POINT (4.9618327 52.3574423),node/10092496825,,,,,,,,,,tower,,,,,,,,,,,,,,,,,,,radar,,,,,,,,,,,,,,,,,,,,,,,,,,,,,,,,,,,,,,,,,,,,,,,,,,,,,,,,,,,,,,,,,,,,,
POINT (4.9566367 52.3659996),node/10124590910,,,,,,,,,,tower,,,,,,,,,,,,,,,,,,freestanding,radar,,,,,,,,,,,,,,,,,,,,,,,,,,,,,,,,,,,,,,,,,,,,,,,,,,,,,,,,,,,,,,,,,,,,,
POINT (4.8271396 52.3471991),node/10740239453,,,,,,,,,,mast,,,,,,,,,,,,,,,,,,,communication,,,,,,,,,,,,,,,,,,,,,,,,,,,,,,,,,,,,yes,,,,,,,,,,,,,,,,,,,,,,,,,,,,,,,,,
POINT (4.8457558 52.3702928),node/10784567671,,,,,,,,,,mast,,,,,,,,,,,,,,,,,,freestanding,siren,,,,,,,,,,,,,,,,,,,,,,,,,,,,,,,,,,,,,,,,,,,siren,Federal Signal,Modulator 2008,civil_defense,electronic,pole,,,,,,,,,,,,,,,,,,,,,
POINT (5.019476 52.3071715),node/10826385578,,,,,,,,,,mast,,,,,,,,,,,,,,,,,,freestanding,siren,,,,,,,,,,,,,,,,,,,,,,,,,,,,,,,,,,,,,,,,,,,siren,Federal Signal,Modulator 2008,civil_defense,electronic,pole,,,,,,,,,,,,,,,,,,,,,
POINT (4.959171 52.2980487),node/10826523722,,,,,,,,,,mast,,,,,,,,,,,,,,,,,,freestanding,siren,,,,,,,,,,,,,,,,,,,,,,,,,,,,,,,,,,,,,,,,,,,siren,Federal Signal,Modulator 2008,civil_defense,electronic,pole,,,,,,,,,,,,,,,,,,,,,
POINT (4.7825129 52.3494394),node/10852976678,,,,,,,,,,mast,,,,,,,,,,,,,,,,,,freestanding,siren,,,,,,,,,,,,,,,,,,,,,,,,,,,,,,,,,,,,,,,,,,,siren,Federal Signal,Modulator 2008,civil_defense,electronic,pole,,,,,,,,,,,,,,,,,,,,,
POINT (4.9872326 52.378656),node/10862308327,,,,,,,,,,mast,,,,,,,,,,,,,,,,,,freestanding,siren,,,,,,,,,,,,,,,,,,,,,,,,,,,,,,,,,,,,,,,,,,,siren,Federal Signal,Modulator 2008,civil_defense,electronic,pole,,,,,,,,,,,,,,,,,,,,,
POINT (5.0325461 52.4133359),node/10862308328,,,,,,,,,,mast,,,,,,,,,,,,,,,,,,freestanding,siren,,,,,,,,,,,,,,,,,,,,,,,,,,,,,,,,,,,,,,,,,,,siren,Federal Signal,Modulator 2008,civil_defense,electronic,pole,,,,,,,,,,,,,,,,,,,,,
POINT (4.892877 52.4111929),node/10862528376,,,,,,,,,,mast,,,,,,,,,,,,,,,,,,freestanding,siren,,,,,,,,,,,,,,,,,,,,,,,,,,,,,,,,,,,,,,,,,,,siren,Federal Signal,Modulator 2008,civil_defense,electronic,pole,,,,,,,,,,,,,,,,,,,,,
POINT (4.9086676 52.414922),node/10862528377,,,,,,,,,,mast,,,,,,,,,,,,,,,,,,freestanding,siren,,,,,,,,,,,,,,,,,,,,,,,,,,,,,,,,,,,,,,,,,,,siren,Federal Signal,Modulator 2008,civil_defense,electronic,pole,,,,,,,,,,,,,,,,,,,,,
POINT (4.9100894 52.4037784),node/10862528378,,,,,,,,,,mast,,,,,,,,,,,,,,,,,,freestanding,siren,,,,,,,,,,,,,,,,,,,,,,,,,,,,,,,,,,,,,,,,,,,siren,Federal Signal,Modulator 2008,civil_defense,electronic,pole,,,,,,,,,,,,,,,,,,,,,
POINT (4.907543 52.3954162),node/10862528379,,,,,,,,,,mast,,,,,,,,,,,,,,,,,,freestanding,siren,,,,,,,,,,,,,,,,,,,,,,,,,,,,,,,,,,,,,,,,,,,siren,Federal Signal,Modulator 2008,civil_defense,electronic,pole,,,,,,,,,,,,,,,,,,,,,
POINT (4.9403757 52.3921627),node/10862528382,,,,,,,,,,mast,,,,,,,,,,,,,,,,,,freestanding,siren,,,,,,,,,,,,,,,,,,,,,,,,,,,,,,,,,,,,,,,,,,,siren,Federal Signal,Modulator 2008,civil_defense,electronic,pole,,,,,,,,,,,,,,,,,,,,,
POINT (4.9603243 52.4010694),node/10862528385,,,,,,,,,,mast,,,,,,,,,,,,,,,,,,freestanding,siren,,,,,,,,,,,,,,,,,,,,,,,,,,,,,,,,,,,,,,,,,,,siren,Federal Signal,Modulator 2008,civil_defense,electronic,pole,,,,,,,,,,,,,,,,,,,,,
POINT (4.9402464 52.3077248),node/10862788338,,,,,,,,,,mast,,,,,,,,,,,,,,,,,,freestanding,siren,,,,,,,,,,,,,,,,,,,,,,,,,,,,,,,,,,,,,,,,,,,siren,Federal Signal,Modulator 2008,civil_defense,electronic,pole,,,,,,,,,,,,,,,,,,,,,
POINT (4.9516774 52.364988),node/10862788351,,,,,,,,,,mast,,,,,,,,,,,,,,,,,,freestanding,siren,,,,,,,,,,,,,,,,,,,,,,,,,,,,,,,,,,,,,,,,,,,siren,Federal Signal,Modulator 2008,civil_defense,electronic,pole,,,,,,,,,,,,,,,,,,,,,
POINT (4.925263 52.3735812),node/10862935997,,,,,,,,,,mast,,,,,,,,,,,,,,,,,,freestanding,siren,,,,,,,,,,,,,,,,,,,,,,,,,,,,,,,,,,,,,,,,,,,siren,Federal Signal,Modulator 2008,civil_defense,electronic,pole,,,,,,,,,,,,,,,,,,,,,
POINT (4.7816353 52.3911782),node/10863489734,,,,,,,,,,mast,,,,,,,,,,,,,,,,,,freestanding,siren,,,,,,,,,,,,,,,,,,,,,,,,,,,,,,,,,,,,,,,,,,,siren,Federal Signal,Modulator 2008,civil_defense,electronic,pole,,,,,,,,,,,,,,,,,,,,,
POINT (4.8560355 52.3917715),node/10863489737,,,,,,,,,,mast,,,,,,,,,,,,,,,,,,freestanding,siren,,,,,,,,,,,,,,,,,,,,,,,,,,,,,,,,,,,,,,,,,,,siren,Federal Signal,Modulator 2008,civil_defense,electronic,pole,,,,,,,,,,,,,,,,,,,,,
POINT (4.7939696 52.3793741),node/10863489740,,,,,,,,,,mast,,,,,,,,,,,,,,,,,,freestanding,siren,,,,,,,,,,,,,,,,,,,,,,,,,,,,,,,,,,,,,,,,,,,siren,Federal Signal,Modulator 2008,civil_defense,electronic,pole,,,,,,,,,,,,,,,,,,,,,
POINT (4.8512482 52.3472224),node/10865279634,,,,,,,,,,mast,,,,,,,,,,,,,,,,,,freestanding,siren,,,,,,,,,,,,,,,,,,,,,,,,,,,,,,,,,,,,,,,,,,,siren,Federal Signal,Modulator 2008,civil_defense,electronic,pole,,,,,,,,,,,,,,,,,,,,,
POINT (4.8553188 52.3349039),node/10865279638,,,,,,,,,,mast,,,,,,,,,,,,,,,,,,freestanding,siren,,,,,,,,,,,,,,,,,,,,,,,,,,,,,,,,,,,,,,,,,,,siren,Federal Signal,Modulator 2008,civil_defense,electronic,pole,,,,,,,,,,,,,,,,,,,,,
POINT (4.8392343 52.3430511),node/10865462484,,,,,,,,,,mast,,,,,,,,,,,,,,,,,,freestanding,siren,,,,,,,,,,,,,,,,,,,,,,,,,,,,,,,,,,,,,,,,,,,siren,Federal Signal,Modulator 2008,civil_defense,electronic,pole,,,,,,,,,,,,,,,,,,,,,
POINT (4.8179023 52.3554783),node/10865462486,,,,,,,,,,mast,,,,,,,,,,,,,,,,,,freestanding,siren,,,,,,,,,,,,,,,,,,,,,,,,,,,,,,,,,,,,,,,,,,,siren,Federal Signal,Modulator 2008,civil_defense,electronic,pole,,,,,,,,,,,,,,,,,,,,,
POINT (4.8062431 52.3398019),node/10865462487,,,,,,,,,,mast,,,,,,,,,,,,,,,,,,freestanding,siren,,,,,,,,,,,,,,,,,,,,,,,,,,,,,,,,,,,,,,,,,,,siren,Federal Signal,Modulator 2008,civil_defense,electronic,pole,,,,,,,,,,,,,,,,,,,,,
POINT (4.8024298 52.4110851),node/10976098956,,,,,,,,,,mast,,,,,,,,,,,,,,,,,,freestanding,siren,,,,,,,,,,,,,,,,,,,,,,,,,,,,,,,,,,,,,,,,,,,siren,Federal Signal,Modulator 2008,civil_defense,electronic,pole,,,,,,,,,,,,,,,,,,,,,
POINT (4.9425946 52.2997754),node/11197263596,,Amsterdam,4,1101EC,Luttenbergweg,,,,,,Equinix AM1,,,,,,,,,,,,,,AM1,,,,,NL,Equinix,,Q851641,data_center,,,,,,,,company,,,,,,,,,,,,,,,,,,,,,,,,,,,,,,,,,,,,,,,,,,,,,,,,,,,,,,,,
POINT (4.9326246 52.3392573),node/11293469413,,,,,,,,,,mast,,,,,,,,,,,,,,,,,,,lighting,,,,,,,,,,,,,,,,,,,,,,,,,,,,,,,,,,,,,,,,,,,,,,,,,,,,,,,,,,,floodlight,,,,street_lamp,straight_mast,,,,,
POINT (4.9329568 52.3390471),node/11293469414,,,,,,,,,,mast,,,,,,,,,,,,,,,,,,,lighting,,,,,,,,,,,,,,,,,,,,,,,,,,,,,,,,,,,,,,,,,,,,,,,,,,,,,,,,,,,floodlight,,,,street_lamp,straight_mast,,,,,
POINT (4.9335113 52.3391329),node/11293469415,,,,,,,,,,mast,,,,,,,,,,,,,,,,,,,lighting,,,,,,,,,,,,,,,,,,,,,,,,,,,,,,,,,,,,,,,,,,,,,,,,,,,,,,,,,,,floodlight,,,,street_lamp,straight_mast,,,,,
POINT (4.9333692 52.3392974),node/11293469416,,,,,,,,,,mast,,,,,,,,,,,,,,,,,,,lighting,,,,,,,,,,,,,,,,,,,,,,,,,,,,,,,,,,,,,,,,,,,,,,,,,,,,,,,,,,,floodlight,,,,street_lamp,straight_mast,,,,,
POINT (4.9330417 52.3395018),node/11293469417,,,,,,,,,,mast,,,,,,,,,,,,,,,,,,,lighting,,,,,,,,,,,,,,,,,,,,,,,,,,,,,,,,,,,,,,,,,,,,,,,,,,,,,,,,,,,floodlight,,,,street_lamp,straight_mast,,,,,
POINT (4.9327116 52.3397077),node/11293469418,,,,,,,,,,mast,,,,,,,,,,,,,,,,,,,lighting,,,,,,,,,,,,,,,,,,,,,,,,,,,,,,,,,,,,,,,,,,,,,,,,,,,,,,,,,,,floodlight,,,,street_lamp,straight_mast,,,,,
POINT (4.9328102 52.3388732),node/11293469419,,,,,,,,,,mast,,,,,,,,,,,,,,,,,,,lighting,,,,,,,,,,,,,,,,,,,,,,,,,,,,,,,,,,,,,,,,,,,,,,,,,,,,,,,,,,,floodlight,,,,street_lamp,straight_mast,,,,,
POINT (4.9332384 52.3389631),node/11293469420,,,,,,,,,,mast,,,,,,,,,,,,,,,,,,,lighting,,,,,,,,,,,,,,,,,,,,,,,,,,,,,,,,,,,,,,,,,,,,,,,,,,,,,,,,,,,floodlight,,,,street_lamp,straight_mast,,,,,
POINT (4.9324504 52.3390932),node/11293469421,,,,,,,,,,mast,,,,,,,,,,,,,,,,,,,lighting,,,,,,,,,,,,,,,,,,,,,,,,,,,,,,,,,,,,,,,,,,,,,,,,,,,,,,,,,,,floodlight,,,,street_lamp,straight_mast,,,,,
POINT (4.9320897 52.3393357),node/11293469422,,,,,,,,,,mast,,,,,,,,,,,,,,,,,,,lighting,,,,,,,,,,,,,,,,,,,,,,,,,,,,,,,,,,,,,,,,,,,,,,,,,,,,,,,,,,,floodlight,,,,street_lamp,straight_mast,,,,,
POINT (4.9322935 52.3394582),node/11293469423,,,,,,,,,,mast,,,,,,,,,,,,,,,,,,,lighting,,,,,,,,,,,,,,,,,,,,,,,,,,,,,,,,,,,,,,,,,,,,,,,,,,,,,,,,,,,floodlight,,,,street_lamp,straight_mast,,,,,
POINT (4.931865 52.3395103),node/11293469424,,,,,,,,,,mast,,,,,,,,,,,,,,,,,,,lighting,,,,,,,,,,,,,,,,,,,,,,,,,,,,,,,,,,,,,,,,,,,,,,,,,,,,,,,,,,,floodlight,,,,street_lamp,straight_mast,,,,,
POINT (4.9322318 52.3397303),node/11293469425,,,,,,,,,,mast,,,,,,,,,,,,,,,,,,,lighting,,,,,,,,,,,,,,,,,,,,,,,,,,,,,,,,,,,,,,,,,,,,,,,,,,,,,,,,,,,floodlight,,,,street_lamp,straight_mast,,,,,
POINT (4.9653831 52.3097888),node/11445705846,,,,,,,,,,mast,,,,,,,,,,,,,,,,,,,lighting,,,,,,,,,,,,,,,,,,,,,,,,,,,,,,,,,,,,,,,,,,,,,,,,,,,,,,,,,,,,,,,,,,,,,
POINT (4.964755 52.3104753),node/11445705847,,,,,,,,,,mast,,,,,,,,,,,,,,,,,,,lighting,,,,,,,,,,,,,,,,,,,,,,,,,,,,,,,,,,,,,,,,,,,,,,,,,,,,,,,,,,,,,,,,,,,,,
POINT (4.9651161 52.3110232),node/11445705848,,,,,,,,,,mast,,,,,,,,,,,,,,,,,,,lighting,,,,,,,,,,,,,,,,,,,,,,,,,,,,,,,,,,,,,,,,,,,,,,,,,,,,,,,,,,,,,,,,,,,,,
POINT (4.9660372 52.3109138),node/11445705849,,,,,,,,,,mast,,,,,,,,,,,,,,,,,,,lighting,,,,,,,,,,,,,,,,,,,,,,,,,,,,,,,,,,,,,,,,,,,,,,,,,,,,,,,,,,,,,,,,,,,,,
POINT (4.9663449 52.3105712),node/11445705850,,,,,,,,,,mast,,,,,,,,,,,,,,,,,,,lighting,,,,,,,,,,,,,,,,,,,,,,,,,,,,,,,,,,,,,,,,,,,,,,,,,,,,,,,,,,,,,,,,,,,,,
POINT (4.9666586 52.3102275),node/11445705851,,,,,,,,,,mast,,,,,,,,,,,,,,,,,,,lighting,,,,,,,,,,,,,,,,,,,,,,,,,,,,,,,,,,,,,,,,,,,,,,,,,,,,,,,,,,,,,,,,,,,,,
POINT (4.9663351 52.3096881),node/11445705852,,,,,,,,,,mast,,,,,,,,,,,,,,,,,,,lighting,,,,,,,,,,,,,,,,,,,,,,,,,,,,,,,,,,,,,,,,,,,,,,,,,,,,,,,,,,,,,,,,,,,,,
POINT (4.9650718 52.3101321),node/11445705853,,,,,,,,,,mast,,,,,,,,,,,,,,,,,,,lighting,,,,,,,,,,,,,,,,,,,,,,,,,,,,,,,,,,,,,,,,,,,,,,,,,,,,,,,,,,,,,,,,,,,,,
POINT (4.7989868 52.3726217),node/11522902955,,,,,,,,,,mast,,,,,,,,,,,,,,,,,,,lighting,,,,,,,,,,,,,,,,,,,,,,,,,,,,,,,,,,,,,,,,,,,,,,,,,,,,,,,,,,,,,,,,,,,,,
POINT (4.798913 52.372319),node/11522902956,,,,,,,,,,mast,,,,,,,,,,,,,,,,,,,lighting,,,,,,,,,,,,,,,,,,,,,,,,,,,,,,,,,,,,,,,,,,,,,,,,,,,,,,,,,,,,,,,,,,,,,
POINT (4.7990607 52.3729244),node/11522902957,,,,,,,,,,mast,,,,,,,,,,,,,,,,,,,lighting,,,,,,,,,,,,,,,,,,,,,,,,,,,,,,,,,,,,,,,,,,,,,,,,,,,,,,,,,,,,,,,,,,,,,
POINT (4.800048 52.3725176),node/11522902958,,,,,,,,,,mast,,,,,,,,,,,,,,,,,,,lighting,,,,,,,,,,,,,,,,,,,,,,,,,,,,,,,,,,,,,,,,,,,,,,,,,,,,,,,,,,,,,,,,,,,,,
POINT (4.7999784 52.372214),node/11522902959,,,,,,,,,,mast,,,,,,,,,,,,,,,,,,,lighting,,,,,,,,,,,,,,,,,,,,,,,,,,,,,,,,,,,,,,,,,,,,,,,,,,,,,,,,,,,,,,,,,,,,,
POINT (4.8001311 52.372812),node/11522902960,,,,,,,,,,mast,,,,,,,,,,,,,,,,,,,lighting,,,,,,,,,,,,,,,,,,,,,,,,,,,,,,,,,,,,,,,,,,,,,,,,,,,,,,,,,,,,,,,,,,,,,
POINT (4.7976143 52.3715912),node/11522902965,,,,,,,,,,mast,,,,,,,,,,,,,,,,,,,lighting,,,,,,,,,,,,,,,,,,,,,,,,,,,,,,,,,,,,,,,,,,,,,,,,,,,,,,,,,,,,,,,,,,,,,
POINT (4.7976975 52.3720417),node/11522902966,,,,,,,,,,mast,,,,,,,,,,,,,,,,,,,lighting,,,,,,,,,,,,,,,,,,,,,,,,,,,,,,,,,,,,,,,,,,,,,,,,,,,,,,,,,,,,,,,,,,,,,
POINT (4.7974847 52.3711503),node/11522902967,,,,,,,,,,mast,,,,,,,,,,,,,,,,,,,lighting,,,,,,,,,,,,,,,,,,,,,,,,,,,,,,,,,,,,,,,,,,,,,,,,,,,,,,,,,,,,,,,,,,,,,
POINT (4.7985735 52.3710405),node/11522902968,,,,,,,,,,mast,,,,,,,,,,,,,,,,,,,lighting,,,,,,,,,,,,,,,,,,,,,,,,,,,,,,,,,,,,,,,,,,,,,,,,,,,,,,,,,,,,,,,,,,,,,
POINT (4.7986886 52.3714861),node/11522906069,,,,,,,,,,mast,,,,,,,,,,,,,,,,,,,lighting,,,,,,,,,,,,,,,,,,,,,,,,,,,,,,,,,,,,,,,,,,,,,,,,,,,,,,,,,,,,,,,,,,,,,
POINT (4.7988048 52.3719295),node/11522906070,,,,,,,,,,mast,,,,,,,,,,,,,,,,,,,lighting,,,,,,,,,,,,,,,,,,,,,,,,,,,,,,,,,,,,,,,,,,,,,,,,,,,,,,,,,,,,,,,,,,,,,
POINT (4.9518263 52.3509936),node/11542332213,,,,,,,,,,mast,,,,,,,,,,,,,,,,,,,lighting,,,,,,,,,,,,,,,,,,,,,,,,,,,,,,,,,,,,,,,,,,,,,,,,,,,,,,,,,,,,,,,,,,,,,
POINT (4.9512806 52.3513288),node/11542332214,,,,,,,,,,mast,,,,,,,,,,,,,,,,,,,lighting,,,,,,,,,,,,,,,,,,,,,,,,,,,,,,,,,,,,,,,,,,,,,,,,,,,,,,,,,,,,,,,,,,,,,
POINT (4.9507534 52.3516562),node/11542332215,,,,,,,,,,mast,,,,,,,,,,,,,,,,,,,lighting,,,,,,,,,,,,,,,,,,,,,,,,,,,,,,,,,,,,,,,,,,,,,,,,,,,,,,,,,,,,,,,,,,,,,
POINT (4.7958488 52.3692591),node/11586799594,,,,,,,,,,mast,,,,,,,,,,,,,,,,,,,lighting,,,,,,,,,,,,,,,,,,,,,,,,,,,,,,,,,,,,,,,,,,,,,,,,,,,,,,,,,,,,,,,,,,,,,
POINT (4.79538 52.3692475),node/11586799595,,,,,,,,,,mast,,,,,,,,,,,,,,,,,,,lighting,,,,,,,,,,,,,,,,,,,,,,,,,,,,,,,,,,,,,,,,,,,,,,,,,,,,,,,,,,,,,,,,,,,,,
POINT (4.7961098 52.3692563),node/11586799596,,,,,,,,,,mast,,,,,,,,,,,,,,,,,,,lighting,,,,,,,,,,,,,,,,,,,,,,,,,,,,,,,,,,,,,,,,,,,,,,,,,,,,,,,,,,,,,,,,,,,,,
POINT (4.7951175 52.3692415),node/11586799597,,,,,,,,,,mast,,,,,,,,,,,,,,,,,,,lighting,,,,,,,,,,,,,,,,,,,,,,,,,,,,,,,,,,,,,,,,,,,,,,,,,,,,,,,,,,,,,,,,,,,,,
POINT (4.7952221 52.3699807),node/11586799634,,,,,,,,,,mast,,,,,,,,,,,,,,,,,,,lighting,,,,,,,,,,,,,,,,,,,,,,,,,,,,,,,,,,,,,,,,,,,,,,,,,,,,,,,,,,,,,,,,,,,,,
POINT (4.7954905 52.369984),node/11586799635,,,,,,,,,,mast,,,,,,,,,,,,,,,,,,,lighting,,,,,,,,,,,,,,,,,,,,,,,,,,,,,,,,,,,,,,,,,,,,,,,,,,,,,,,,,,,,,,,,,,,,,
POINT (4.7957999 52.3699911),node/11586799636,,,,,,,,,,mast,,,,,,,,,,,,,,,,,,,lighting,,,,,,,,,,,,,,,,,,,,,,,,,,,,,,,,,,,,,,,,,,,,,,,,,,,,,,,,,,,,,,,,,,,,,
POINT (4.7960652 52.3699955),node/11586799637,,,,,,,,,,mast,,,,,,,,,,,,,,,,,,,lighting,,,,,,,,,,,,,,,,,,,,,,,,,,,,,,,,,,,,,,,,,,,,,,,,,,,,,,,,,,,,,,,,,,,,,
POINT (4.7960837 52.3695317),node/11586799638,,,,,,,,,,mast,,,,,,,,,,,,,,,,,,,lighting,,,,,,,,,,,,,,,,,,,,,,,,,,,,,,,,,,,,,,,,,,,,,,,,,,,,,,,,,,,,,,,,,,,,,
POINT (4.7958166 52.3695312),node/11586799639,,,,,,,,,,mast,,,,,,,,,,,,,,,,,,,lighting,,,,,,,,,,,,,,,,,,,,,,,,,,,,,,,,,,,,,,,,,,,,,,,,,,,,,,,,,,,,,,,,,,,,,
POINT (4.7955112 52.3695246),node/11586799640,,,,,,,,,,mast,,,,,,,,,,,,,,,,,,,lighting,,,,,,,,,,,,,,,,,,,,,,,,,,,,,,,,,,,,,,,,,,,,,,,,,,,,,,,,,,,,,,,,,,,,,
POINT (4.7952464 52.3695207),node/11586799641,,,,,,,,,,mast,,,,,,,,,,,,,,,,,,,lighting,,,,,,,,,,,,,,,,,,,,,,,,,,,,,,,,,,,,,,,,,,,,,,,,,,,,,,,,,,,,,,,,,,,,,
POINT (4.9025386 52.3392865),node/11773355941,,,,,,,,,,mast,,,,,,,,,,,,,,,,,,,communication,,,,,,,,,,,,,,,,,,,,,,,,,,,,,,,,,,,,yes,,,,,,,,,,,,,,,,,,,,,,,,,,,,,,,,,
POINT (4.9246176 52.3491859),node/12059796585,,,,,,,,,,mast,,,,,,,,,,,,,,,,,,freestanding,communication,,,,,,,,,,,,,,,,,,,,,,,,,,,,metal,,,,,,,,yes,,,,,,,,,,,,,,,,,,,,yes,,,,,,,,,,,,,
POINT (4.8354279 52.388542),node/12208669924,,,,,,,,,,mast,,,,,,,,,,,,,,,,,,,lighting,,,,,,,,,,,,,,,,,,,,,,,,,,,,,,,,,,,,,,,,,,,,,,,,,,,,,,,,,,,,,,,,,,,,,
POINT (4.8223956 52.3862178),node/12208733281,,,,,,,,,,mast,,,,,,,,,,,,,,,,,,,lighting,,,,,,,,,,,,,,,,,,,,,,,,,,,,,,,,,,,,,,,,,,,,,,,,,,,,,,,,,,,,,,,,,,,,,
POINT (4.8224556 52.3860121),node/12208733282,,,,,,,,,,mast,,,,,,,,,,,,,,,,,,,lighting,,,,,,,,,,,,,,,,,,,,,,,,,,,,,,,,,,,,,,,,,,,,,,,,,,,,,,,,,,,,,,,,,,,,,
POINT (4.8223996 52.3859024),node/12208733283,,,,,,,,,,mast,,,,,,,,,,,,,,,,,,,lighting,,,,,,,,,,,,,,,,,,,,,,,,,,,,,,,,,,,,,,,,,,,,,,,,,,,,,,,,,,,,,,,,,,,,,
POINT (4.8224002 52.3855882),node/12208733284,,,,,,,,,,mast,,,,,,,,,,,,,,,,,,,lighting,,,,,,,,,,,,,,,,,,,,,,,,,,,,,,,,,,,,,,,,,,,,,,,,,,,,,,,,,,,,,,,,,,,,,
POINT (4.8212747 52.3855861),node/12208733285,,,,,,,,,,mast,,,,,,,,,,,,,,,,,,,lighting,,,,,,,,,,,,,,,,,,,,,,,,,,,,,,,,,,,,,,,,,,,,,,,,,,,,,,,,,,,,,,,,,,,,,
POINT (4.8212696 52.3859021),node/12208733286,,,,,,,,,,mast,,,,,,,,,,,,,,,,,,,lighting,,,,,,,,,,,,,,,,,,,,,,,,,,,,,,,,,,,,,,,,,,,,,,,,,,,,,,,,,,,,,,,,,,,,,
POINT (4.821267 52.3862154),node/12208733287,,,,,,,,,,mast,,,,,,,,,,,,,,,,,,,lighting,,,,,,,,,,,,,,,,,,,,,,,,,,,,,,,,,,,,,,,,,,,,,,,,,,,,,,,,,,,,,,,,,,,,,
POINT (4.822996 52.386015),node/12208733288,,,,,,,,,,mast,,,,,,,,,,,,,,,,,,,lighting,,,,,,,,,,,,,,,,,,,,,,,,,,,,,,,,,,,,,,,,,,,,,,,,,,,,,,,,,,,,,,,,,,,,,
POINT (4.8233489 52.3860137),node/12208733289,,,,,,,,,,mast,,,,,,,,,,,,,,,,,,,lighting,,,,,,,,,,,,,,,,,,,,,,,,,,,,,,,,,,,,,,,,,,,,,,,,,,,,,,,,,,,,,,,,,,,,,
POINT (4.8238891 52.3860179),node/12208733290,,,,,,,,,,mast,,,,,,,,,,,,,,,,,,,lighting,,,,,,,,,,,,,,,,,,,,,,,,,,,,,,,,,,,,,,,,,,,,,,,,,,,,,,,,,,,,,,,,,,,,,
POINT (4.8238932 52.3854919),node/12208733291,,,,,,,,,,mast,,,,,,,,,,,,,,,,,,,lighting,,,,,,,,,,,,,,,,,,,,,,,,,,,,,,,,,,,,,,,,,,,,,,,,,,,,,,,,,,,,,,,,,,,,,
POINT (4.8233616 52.3854761),node/12208733292,,,,,,,,,,mast,,,,,,,,,,,,,,,,,,,lighting,,,,,,,,,,,,,,,,,,,,,,,,,,,,,,,,,,,,,,,,,,,,,,,,,,,,,,,,,,,,,,,,,,,,,
POINT (4.8229989 52.3854759),node/12208733293,,,,,,,,,,mast,,,,,,,,,,,,,,,,,,,lighting,,,,,,,,,,,,,,,,,,,,,,,,,,,,,,,,,,,,,,,,,,,,,,,,,,,,,,,,,,,,,,,,,,,,,
POINT (4.822483 52.3854761),node/12208733294,,,,,,,,,,mast,,,,,,,,,,,,,,,,,,,lighting,,,,,,,,,,,,,,,,,,,,,,,,,,,,,,,,,,,,,,,,,,,,,,,,,,,,,,,,,,,,,,,,,,,,,
POINT (4.8240973 52.3860823),node/12208733295,,,,,,,,,,mast,,,,,,,,,,,,,,,,,,,lighting,,,,,,,,,,,,,,,,,,,,,,,,,,,,,,,,,,,,,,,,,,,,,,,,,,,,,,,,,,,,,,,,,,,,,
POINT (4.8240987 52.3858699),node/12208733296,,,,,,,,,,mast,,,,,,,,,,,,,,,,,,,lighting,,,,,,,,,,,,,,,,,,,,,,,,,,,,,,,,,,,,,,,,,,,,,,,,,,,,,,,,,,,,,,,,,,,,,
POINT (4.8241001 52.3857334),node/12208733297,,,,,,,,,,mast,,,,,,,,,,,,,,,,,,,lighting,,,,,,,,,,,,,,,,,,,,,,,,,,,,,,,,,,,,,,,,,,,,,,,,,,,,,,,,,,,,,,,,,,,,,
POINT (4.824102 52.3855182),node/12208733298,,,,,,,,,,mast,,,,,,,,,,,,,,,,,,,lighting,,,,,,,,,,,,,,,,,,,,,,,,,,,,,,,,,,,,,,,,,,,,,,,,,,,,,,,,,,,,,,,,,,,,,
POINT (4.8243878 52.3855222),node/12208733299,,,,,,,,,,mast,,,,,,,,,,,,,,,,,,,lighting,,,,,,,,,,,,,,,,,,,,,,,,,,,,,,,,,,,,,,,,,,,,,,,,,,,,,,,,,,,,,,,,,,,,,
POINT (4.8243836 52.3857351),node/12208733300,,,,,,,,,,mast,,,,,,,,,,,,,,,,,,,lighting,,,,,,,,,,,,,,,,,,,,,,,,,,,,,,,,,,,,,,,,,,,,,,,,,,,,,,,,,,,,,,,,,,,,,
POINT (4.8243825 52.385872),node/12208733301,,,,,,,,,,mast,,,,,,,,,,,,,,,,,,,lighting,,,,,,,,,,,,,,,,,,,,,,,,,,,,,,,,,,,,,,,,,,,,,,,,,,,,,,,,,,,,,,,,,,,,,
POINT (4.8243797 52.3860849),node/12208733302,,,,,,,,,,mast,,,,,,,,,,,,,,,,,,,lighting,,,,,,,,,,,,,,,,,,,,,,,,,,,,,,,,,,,,,,,,,,,,,,,,,,,,,,,,,,,,,,,,,,,,,
POINT (4.8249161 52.3860883),node/12208733303,,,,,,,,,,mast,,,,,,,,,,,,,,,,,,,lighting,,,,,,,,,,,,,,,,,,,,,,,,,,,,,,,,,,,,,,,,,,,,,,,,,,,,,,,,,,,,,,,,,,,,,
POINT (4.8249181 52.3858719),node/12208733304,,,,,,,,,,mast,,,,,,,,,,,,,,,,,,,lighting,,,,,,,,,,,,,,,,,,,,,,,,,,,,,,,,,,,,,,,,,,,,,,,,,,,,,,,,,,,,,,,,,,,,,
POINT (4.8249223 52.3857388),node/12208733305,,,,,,,,,,mast,,,,,,,,,,,,,,,,,,,lighting,,,,,,,,,,,,,,,,,,,,,,,,,,,,,,,,,,,,,,,,,,,,,,,,,,,,,,,,,,,,,,,,,,,,,
POINT (4.8249246 52.3855227),node/12208733306,,,,,,,,,,mast,,,,,,,,,,,,,,,,,,,lighting,,,,,,,,,,,,,,,,,,,,,,,,,,,,,,,,,,,,,,,,,,,,,,,,,,,,,,,,,,,,,,,,,,,,,
POINT (4.8228275 52.3867433),node/12208733328,,,,,,,,,,mast,,,,,,,,,,,,,,,,,,,lighting,,,,,,,,,,,,,,,,,,,,,,,,,,,,,,,,,,,,,,,,,,,,,,,,,,,,,,,,,,,,,,,,,,,,,
POINT (4.8232658 52.3867446),node/12208733329,,,,,,,,,,mast,,,,,,,,,,,,,,,,,,,lighting,,,,,,,,,,,,,,,,,,,,,,,,,,,,,,,,,,,,,,,,,,,,,,,,,,,,,,,,,,,,,,,,,,,,,
POINT (4.8237294 52.3867452),node/12208733330,,,,,,,,,,mast,,,,,,,,,,,,,,,,,,,lighting,,,,,,,,,,,,,,,,,,,,,,,,,,,,,,,,,,,,,,,,,,,,,,,,,,,,,,,,,,,,,,,,,,,,,
POINT (4.8223617 52.3867359),node/12208733331,,,,,,,,,,mast,,,,,,,,,,,,,,,,,,,lighting,,,,,,,,,,,,,,,,,,,,,,,,,,,,,,,,,,,,,,,,,,,,,,,,,,,,,,,,,,,,,,,,,,,,,
POINT (4.822376 52.3872738),node/12208733332,,,,,,,,,,mast,,,,,,,,,,,,,,,,,,,lighting,,,,,,,,,,,,,,,,,,,,,,,,,,,,,,,,,,,,,,,,,,,,,,,,,,,,,,,,,,,,,,,,,,,,,
POINT (4.8228264 52.3872745),node/12208733333,,,,,,,,,,mast,,,,,,,,,,,,,,,,,,,lighting,,,,,,,,,,,,,,,,,,,,,,,,,,,,,,,,,,,,,,,,,,,,,,,,,,,,,,,,,,,,,,,,,,,,,
POINT (4.8232613 52.3872786),node/12208733334,,,,,,,,,,mast,,,,,,,,,,,,,,,,,,,lighting,,,,,,,,,,,,,,,,,,,,,,,,,,,,,,,,,,,,,,,,,,,,,,,,,,,,,,,,,,,,,,,,,,,,,
POINT (4.8237186 52.3872803),node/12208733335,,,,,,,,,,mast,,,,,,,,,,,,,,,,,,,lighting,,,,,,,,,,,,,,,,,,,,,,,,,,,,,,,,,,,,,,,,,,,,,,,,,,,,,,,,,,,,,,,,,,,,,
POINT (4.8239986 52.3864853),node/12208733336,,,,,,,,,,mast,,,,,,,,,,,,,,,,,,,lighting,,,,,,,,,,,,,,,,,,,,,,,,,,,,,,,,,,,,,,,,,,,,,,,,,,,,,,,,,,,,,,,,,,,,,
POINT (4.8239934 52.386791),node/12208733337,,,,,,,,,,mast,,,,,,,,,,,,,,,,,,,lighting,,,,,,,,,,,,,,,,,,,,,,,,,,,,,,,,,,,,,,,,,,,,,,,,,,,,,,,,,,,,,,,,,,,,,
POINT (4.8239875 52.3870719),node/12208733338,,,,,,,,,,mast,,,,,,,,,,,,,,,,,,,lighting,,,,,,,,,,,,,,,,,,,,,,,,,,,,,,,,,,,,,,,,,,,,,,,,,,,,,,,,,,,,,,,,,,,,,
POINT (4.8239836 52.3873757),node/12208733339,,,,,,,,,,mast,,,,,,,,,,,,,,,,,,,lighting,,,,,,,,,,,,,,,,,,,,,,,,,,,,,,,,,,,,,,,,,,,,,,,,,,,,,,,,,,,,,,,,,,,,,
POINT (4.8248592 52.3873786),node/12208733340,,,,,,,,,,mast,,,,,,,,,,,,,,,,,,,lighting,,,,,,,,,,,,,,,,,,,,,,,,,,,,,,,,,,,,,,,,,,,,,,,,,,,,,,,,,,,,,,,,,,,,,
POINT (4.8248652 52.3870769),node/12208733341,,,,,,,,,,mast,,,,,,,,,,,,,,,,,,,lighting,,,,,,,,,,,,,,,,,,,,,,,,,,,,,,,,,,,,,,,,,,,,,,,,,,,,,,,,,,,,,,,,,,,,,
POINT (4.8248629 52.3867937),node/12208733342,,,,,,,,,,mast,,,,,,,,,,,,,,,,,,,lighting,,,,,,,,,,,,,,,,,,,,,,,,,,,,,,,,,,,,,,,,,,,,,,,,,,,,,,,,,,,,,,,,,,,,,
POINT (4.8248715 52.3864919),node/12208733343,,,,,,,,,,mast,,,,,,,,,,,,,,,,,,,lighting,,,,,,,,,,,,,,,,,,,,,,,,,,,,,,,,,,,,,,,,,,,,,,,,,,,,,,,,,,,,,,,,,,,,,
POINT (4.8258535 52.3873702),node/12208733344,,,,,,,,,,mast,,,,,,,,,,,,,,,,,,,lighting,,,,,,,,,,,,,,,,,,,,,,,,,,,,,,,,,,,,,,,,,,,,,,,,,,,,,,,,,,,,,,,,,,,,,
POINT (4.8258556 52.3870833),node/12208733345,,,,,,,,,,mast,,,,,,,,,,,,,,,,,,,lighting,,,,,,,,,,,,,,,,,,,,,,,,,,,,,,,,,,,,,,,,,,,,,,,,,,,,,,,,,,,,,,,,,,,,,
POINT (4.8258619 52.3867924),node/12208733346,,,,,,,,,,mast,,,,,,,,,,,,,,,,,,,lighting,,,,,,,,,,,,,,,,,,,,,,,,,,,,,,,,,,,,,,,,,,,,,,,,,,,,,,,,,,,,,,,,,,,,,
POINT (4.8258691 52.3865014),node/12208733347,,,,,,,,,,mast,,,,,,,,,,,,,,,,,,,lighting,,,,,,,,,,,,,,,,,,,,,,,,,,,,,,,,,,,,,,,,,,,,,,,,,,,,,,,,,,,,,,,,,,,,,
POINT (4.8267419 52.3865055),node/12208733348,,,,,,,,,,mast,,,,,,,,,,,,,,,,,,,lighting,,,,,,,,,,,,,,,,,,,,,,,,,,,,,,,,,,,,,,,,,,,,,,,,,,,,,,,,,,,,,,,,,,,,,
POINT (4.8267368 52.3867976),node/12208733349,,,,,,,,,,mast,,,,,,,,,,,,,,,,,,,lighting,,,,,,,,,,,,,,,,,,,,,,,,,,,,,,,,,,,,,,,,,,,,,,,,,,,,,,,,,,,,,,,,,,,,,
POINT (4.8267364 52.3870857),node/12208733350,,,,,,,,,,mast,,,,,,,,,,,,,,,,,,,lighting,,,,,,,,,,,,,,,,,,,,,,,,,,,,,,,,,,,,,,,,,,,,,,,,,,,,,,,,,,,,,,,,,,,,,
POINT (4.8267321 52.3873735),node/12208733351,,,,,,,,,,mast,,,,,,,,,,,,,,,,,,,lighting,,,,,,,,,,,,,,,,,,,,,,,,,,,,,,,,,,,,,,,,,,,,,,,,,,,,,,,,,,,,,,,,,,,,,
POINT (4.8272516 52.387376),node/12208733352,,,,,,,,,,mast,,,,,,,,,,,,,,,,,,,lighting,,,,,,,,,,,,,,,,,,,,,,,,,,,,,,,,,,,,,,,,,,,,,,,,,,,,,,,,,,,,,,,,,,,,,
POINT (4.8272572 52.3870862),node/12208733353,,,,,,,,,,mast,,,,,,,,,,,,,,,,,,,lighting,,,,,,,,,,,,,,,,,,,,,,,,,,,,,,,,,,,,,,,,,,,,,,,,,,,,,,,,,,,,,,,,,,,,,
POINT (4.8272601 52.3867975),node/12208733354,,,,,,,,,,mast,,,,,,,,,,,,,,,,,,,lighting,,,,,,,,,,,,,,,,,,,,,,,,,,,,,,,,,,,,,,,,,,,,,,,,,,,,,,,,,,,,,,,,,,,,,
POINT (4.8272627 52.3865122),node/12208733355,,,,,,,,,,mast,,,,,,,,,,,,,,,,,,,lighting,,,,,,,,,,,,,,,,,,,,,,,,,,,,,,,,,,,,,,,,,,,,,,,,,,,,,,,,,,,,,,,,,,,,,
POINT (4.8281381 52.3865152),node/12208733356,,,,,,,,,,mast,,,,,,,,,,,,,,,,,,,lighting,,,,,,,,,,,,,,,,,,,,,,,,,,,,,,,,,,,,,,,,,,,,,,,,,,,,,,,,,,,,,,,,,,,,,
POINT (4.8281333 52.3868056),node/12208733357,,,,,,,,,,mast,,,,,,,,,,,,,,,,,,,lighting,,,,,,,,,,,,,,,,,,,,,,,,,,,,,,,,,,,,,,,,,,,,,,,,,,,,,,,,,,,,,,,,,,,,,
POINT (4.8281287 52.3870876),node/12208733358,,,,,,,,,,mast,,,,,,,,,,,,,,,,,,,lighting,,,,,,,,,,,,,,,,,,,,,,,,,,,,,,,,,,,,,,,,,,,,,,,,,,,,,,,,,,,,,,,,,,,,,
POINT (4.8281281 52.3873759),node/12208733359,,,,,,,,,,mast,,,,,,,,,,,,,,,,,,,lighting,,,,,,,,,,,,,,,,,,,,,,,,,,,,,,,,,,,,,,,,,,,,,,,,,,,,,,,,,,,,,,,,,,,,,
POINT (4.8284521 52.3873857),node/12208733360,,,,,,,,,,mast,,,,,,,,,,,,,,,,,,,lighting,,,,,,,,,,,,,,,,,,,,,,,,,,,,,,,,,,,,,,,,,,,,,,,,,,,,,,,,,,,,,,,,,,,,,
POINT (4.8284565 52.3870634),node/12208733361,,,,,,,,,,mast,,,,,,,,,,,,,,,,,,,lighting,,,,,,,,,,,,,,,,,,,,,,,,,,,,,,,,,,,,,,,,,,,,,,,,,,,,,,,,,,,,,,,,,,,,,
POINT (4.8284586 52.3867333),node/12208733362,,,,,,,,,,mast,,,,,,,,,,,,,,,,,,,lighting,,,,,,,,,,,,,,,,,,,,,,,,,,,,,,,,,,,,,,,,,,,,,,,,,,,,,,,,,,,,,,,,,,,,,
POINT (4.8284686 52.3864072),node/12208733363,,,,,,,,,,mast,,,,,,,,,,,,,,,,,,,lighting,,,,,,,,,,,,,,,,,,,,,,,,,,,,,,,,,,,,,,,,,,,,,,,,,,,,,,,,,,,,,,,,,,,,,
POINT (4.8295286 52.3864179),node/12208733364,,,,,,,,,,mast,,,,,,,,,,,,,,,,,,,lighting,,,,,,,,,,,,,,,,,,,,,,,,,,,,,,,,,,,,,,,,,,,,,,,,,,,,,,,,,,,,,,,,,,,,,
POINT (4.8295328 52.3867384),node/12208733365,,,,,,,,,,mast,,,,,,,,,,,,,,,,,,,lighting,,,,,,,,,,,,,,,,,,,,,,,,,,,,,,,,,,,,,,,,,,,,,,,,,,,,,,,,,,,,,,,,,,,,,
POINT (4.8295248 52.3870704),node/12208733366,,,,,,,,,,mast,,,,,,,,,,,,,,,,,,,lighting,,,,,,,,,,,,,,,,,,,,,,,,,,,,,,,,,,,,,,,,,,,,,,,,,,,,,,,,,,,,,,,,,,,,,
POINT (4.8295188 52.3873904),node/12208733367,,,,,,,,,,mast,,,,,,,,,,,,,,,,,,,lighting,,,,,,,,,,,,,,,,,,,,,,,,,,,,,,,,,,,,,,,,,,,,,,,,,,,,,,,,,,,,,,,,,,,,,
POINT (4.8297977 52.3866248),node/12208733368,,,,,,,,,,mast,,,,,,,,,,,,,,,,,,,lighting,,,,,,,,,,,,,,,,,,,,,,,,,,,,,,,,,,,,,,,,,,,,,,,,,,,,,,,,,,,,,,,,,,,,,
POINT (4.830565 52.386627),node/12208733369,,,,,,,,,,mast,,,,,,,,,,,,,,,,,,,lighting,,,,,,,,,,,,,,,,,,,,,,,,,,,,,,,,,,,,,,,,,,,,,,,,,,,,,,,,,,,,,,,,,,,,,
POINT (4.8313275 52.3866311),node/12208733370,,,,,,,,,,mast,,,,,,,,,,,,,,,,,,,lighting,,,,,,,,,,,,,,,,,,,,,,,,,,,,,,,,,,,,,,,,,,,,,,,,,,,,,,,,,,,,,,,,,,,,,
POINT (4.8313193 52.387282),node/12208733371,,,,,,,,,,mast,,,,,,,,,,,,,,,,,,,lighting,,,,,,,,,,,,,,,,,,,,,,,,,,,,,,,,,,,,,,,,,,,,,,,,,,,,,,,,,,,,,,,,,,,,,
POINT (4.8305549 52.3872774),node/12208733372,,,,,,,,,,mast,,,,,,,,,,,,,,,,,,,lighting,,,,,,,,,,,,,,,,,,,,,,,,,,,,,,,,,,,,,,,,,,,,,,,,,,,,,,,,,,,,,,,,,,,,,
POINT (4.8297888 52.3872761),node/12208733373,,,,,,,,,,mast,,,,,,,,,,,,,,,,,,,lighting,,,,,,,,,,,,,,,,,,,,,,,,,,,,,,,,,,,,,,,,,,,,,,,,,,,,,,,,,,,,,,,,,,,,,
POINT (4.8298115 52.3861499),node/12208733374,,,,,,,,,,mast,,,,,,,,,,,,,,,,,,,lighting,,,,,,,,,,,,,,,,,,,,,,,,,,,,,,,,,,,,,,,,,,,,,,,,,,,,,,,,,,,,,,,,,,,,,
POINT (4.8297678 52.3860424),node/12208733375,,,,,,,,,,mast,,,,,,,,,,,,,,,,,,,lighting,,,,,,,,,,,,,,,,,,,,,,,,,,,,,,,,,,,,,,,,,,,,,,,,,,,,,,,,,,,,,,,,,,,,,
POINT (4.830506 52.3861546),node/12208733376,,,,,,,,,,mast,,,,,,,,,,,,,,,,,,,lighting,,,,,,,,,,,,,,,,,,,,,,,,,,,,,,,,,,,,,,,,,,,,,,,,,,,,,,,,,,,,,,,,,,,,,
POINT (4.8310917 52.3861533),node/12208733377,,,,,,,,,,mast,,,,,,,,,,,,,,,,,,,lighting,,,,,,,,,,,,,,,,,,,,,,,,,,,,,,,,,,,,,,,,,,,,,,,,,,,,,,,,,,,,,,,,,,,,,
POINT (4.8292597 52.3860406),node/12208733378,,,,,,,,,,mast,,,,,,,,,,,,,,,,,,,lighting,,,,,,,,,,,,,,,,,,,,,,,,,,,,,,,,,,,,,,,,,,,,,,,,,,,,,,,,,,,,,,,,,,,,,
POINT (4.8287565 52.3860369),node/12208733379,,,,,,,,,,mast,,,,,,,,,,,,,,,,,,,lighting,,,,,,,,,,,,,,,,,,,,,,,,,,,,,,,,,,,,,,,,,,,,,,,,,,,,,,,,,,,,,,,,,,,,,
POINT (4.8292702 52.3855195),node/12208733380,,,,,,,,,,mast,,,,,,,,,,,,,,,,,,,lighting,,,,,,,,,,,,,,,,,,,,,,,,,,,,,,,,,,,,,,,,,,,,,,,,,,,,,,,,,,,,,,,,,,,,,
POINT (4.8287272 52.3855199),node/12208733381,,,,,,,,,,mast,,,,,,,,,,,,,,,,,,,lighting,,,,,,,,,,,,,,,,,,,,,,,,,,,,,,,,,,,,,,,,,,,,,,,,,,,,,,,,,,,,,,,,,,,,,
POINT (4.8297657 52.3855167),node/12208733382,,,,,,,,,,mast,,,,,,,,,,,,,,,,,,,lighting,,,,,,,,,,,,,,,,,,,,,,,,,,,,,,,,,,,,,,,,,,,,,,,,,,,,,,,,,,,,,,,,,,,,,
POINT (4.8298385 52.3855237),node/12208733383,,,,,,,,,,mast,,,,,,,,,,,,,,,,,,,lighting,,,,,,,,,,,,,,,,,,,,,,,,,,,,,,,,,,,,,,,,,,,,,,,,,,,,,,,,,,,,,,,,,,,,,
POINT (4.8305244 52.3855305),node/12208733384,,,,,,,,,,mast,,,,,,,,,,,,,,,,,,,lighting,,,,,,,,,,,,,,,,,,,,,,,,,,,,,,,,,,,,,,,,,,,,,,,,,,,,,,,,,,,,,,,,,,,,,
POINT (4.8310974 52.3855354),node/12208733389,,,,,,,,,,mast,,,,,,,,,,,,,,,,,,,lighting,,,,,,,,,,,,,,,,,,,,,,,,,,,,,,,,,,,,,,,,,,,,,,,,,,,,,,,,,,,,,,,,,,,,,
POINT (5.0151438 52.3086814),node/12234903877,,,,,,,,,,mast,,,,,,,,,,,,,,,,,,,lighting,,,,,,,,,,,,,,,,,,,,,,,,,,,,,,,,,,,,,,,,,,,,,,,,,,,,,,,,,,,,,,,,,,,,,
POINT (5.0159021 52.3087298),node/12234903878,,,,,,,,,,mast,,,,,,,,,,,,,,,,,,,lighting,,,,,,,,,,,,,,,,,,,,,,,,,,,,,,,,,,,,,,,,,,,,,,,,,,,,,,,,,,,,,,,,,,,,,
POINT (5.0166564 52.3087779),node/12234903879,,,,,,,,,,mast,,,,,,,,,,,,,,,,,,,lighting,,,,,,,,,,,,,,,,,,,,,,,,,,,,,,,,,,,,,,,,,,,,,,,,,,,,,,,,,,,,,,,,,,,,,
POINT (5.0167625 52.3081365),node/12234903880,,,,,,,,,,mast,,,,,,,,,,,,,,,,,,,lighting,,,,,,,,,,,,,,,,,,,,,,,,,,,,,,,,,,,,,,,,,,,,,,,,,,,,,,,,,,,,,,,,,,,,,
POINT (5.0160068 52.3080878),node/12234903881,,,,,,,,,,mast,,,,,,,,,,,,,,,,,,,lighting,,,,,,,,,,,,,,,,,,,,,,,,,,,,,,,,,,,,,,,,,,,,,,,,,,,,,,,,,,,,,,,,,,,,,
POINT (5.0152519 52.3080391),node/12234903882,,,,,,,,,,mast,,,,,,,,,,,,,,,,,,,lighting,,,,,,,,,,,,,,,,,,,,,,,,,,,,,,,,,,,,,,,,,,,,,,,,,,,,,,,,,,,,,,,,,,,,,
POINT (4.9487659 52.3777963),node/12489794531,,,,,,,,,,mast,,,,,,,,,,,,,,,,,,freestanding,radar,,,,,,,,,,,,,,,,,,,,,,,,,,,,,,,,,,,,,,,,,,,,,,,,,,,,,,,,,,,,,,,,,,,,,
POINT (4.9190776 52.3986786),node/12516970067,,,,,,,,,,mast,,,,,,,,,,,,,,,,,,,,,,,,,,,,,,,,,,,,,,,,,,,,,,,,,,,,,,,,,,,,,,,,,,,,,,,,,,,,,,,,,,,,,,,,
POINT (4.9447435 52.2934707),node/12524326425,,Amsterdam,42,1105AT,Schepenbergweg,,,,,,Equinix Amsterdam AM5,,,,,,,,,https://www.equinix.com/data-centers/europe-colocation/netherlands-colocation/amsterdam-data-centers/am5,,,,,AM5,,,,,,Equinix,,Q851641,data_center,,,,,,,,telecommunication,,,,,,,,,,,,,,,,,,,,,,,,,,,,,,,,,,,,,,,,,,,,,,,,,,,,,,,,
POINT (4.9331725 52.3372041),node/12569285672,,Amsterdam,80A,1096AH,Duivendrechtsekade,,,,,,Equinix AM6,,,,,,,,,,,,,,AM6,,,,,,Equinix,,Q851641,data_center,,,,,,,,company,,,,,,,,,,,,,,,,,,,,,,,,,,,,,,,,,,,,,,,,,,,,,,,,,,,,,,,,
POINT (4.9315256 52.3365896),node/12569285673,,Amsterdam,127,1096AM,H.J.E. Wenckebachweg,,,,,,Digital Realty (AMS18),,,,,,,,,https://www.digitalrealty.com/data-centers/emea/amsterdam/ams18,,,,,AMS18,,,,,,Digital Realty,,Q5275969,data_center,,,,,,,,company,,,,,,,,,,,,,,,,,,,,,,,,,,,,,,,,,,,,,,,,,,,,,,,,,,,,,,,,
POINT (4.8939672 52.3251651),node/12805023666,,,,,,,,,,mast,ooievaarsnest,,,,,,,,,,,,,,,,,,,,,,,,,,,,,,,,,,,,,,,,,,,,,,,,,,,,,,,,,,,,,,,,,,pole,,,,,bird_nest,stork,,,,,,,,,,,1,Ciconia ciconia,White stork,Ooievaar,
POINT (4.9607224 52.3249566),node/12923900512,,,,,,,,,,tower,Entabeni,,,,,,,,,,,,,,,,,lattice,,,,,,,,,,,,,,,,,,,,,,,,,,,,,steel,,,,,,,,,,,,,,,,,,,,,,,,,,,,,,,,,,,,,,,,,blue
POINT (4.9632816 52.3258331),node/12926564235,,,,,,,,,,tower,Eeftink,,,,,,,,,,,,,,,,,lattice,,,,,,,,,,,,,,,,,,,,,,,,,,,,,steel,,,,,,,,,,,,,,,,,,,,,,,,,,,,,,,,,,,,,,,,,yellow
POINT (4.9658217 52.3267035),node/12926588837,,,,,,,,,,tower,Egeldonk,,,,,,,,,,,,,,,,,lattice,,,,,,,,,,,,,,,,,,,,,,,,,,,,,steel,,,,,,,,,,,,,,,,,,,,,,,,,,,,,,,,,,,,,,,,,pink
POINT (4.9666867 52.3245167),node/12997664137,,,,,,,,7,,mast,,,,,,,,,,,,,,,,,,,,,,,,,,,,,,,,,,,,,,,,,,,,,,,,,,,,,,,,,,,,,,,,,,,,,,,,,,,,,,,,,,,,,,,,
POINT (4.9665465 52.3244691),node/12997664138,,,,,,,,7,,mast,,,,,,,,,,,,,,,,,,,,,,,,,,,,,,,,,,,,,,,,,,,,,,,,,,,,,,,,,,,,,,,,,,,,,,,,,,,,,,,,,,,,,,,,
POINT (4.9664024 52.3244175),node/12997664139,,,,,,,,7,,mast,,,,,,,,,,,,,,,,,,,,,,,,,,,,,,,,,,,,,,,,,,,,,,,,,,,,,,,,,,,,,,,,,,,,,,,,,,,,,,,,,,,,,,,,
POINT (4.9662555 52.3243659),node/12997664140,,,,,,,,7,,mast,,,,,,,,,,,,,,,,,,,,,,,,,,,,,,,,,,,,,,,,,,,,,,,,,,,,,,,,,,,,,,,,,,,,,,,,,,,,,,,,,,,,,,,,
POINT (4.9661073 52.3243171),node/12997664141,,,,,,,,7,,mast,,,,,,,,,,,,,,,,,,,,,,,,,,,,,,,,,,,,,,,,,,,,,,,,,,,,,,,,,,,,,,,,,,,,,,,,,,,,,,,,,,,,,,,,
POINT (4.9656909 52.3249624),node/12998069280,,,,,,,,7,,mast,,,,,,,,,,,,,,,,,,,,,,,,,,,,,,,,,,,,,,,,,,,,,,,,,,,,,,,,,,,,,,,,,,,,,,,,,,,,,,,,,,,,,,,,
POINT (4.9655756 52.324923),node/12998069281,,,,,,,,7,,mast,,,,,,,,,,,,,,,,,,,,,,,,,,,,,,,,,,,,,,,,,,,,,,,,,,,,,,,,,,,,,,,,,,,,,,,,,,,,,,,,,,,,,,,,
POINT (4.9654391 52.3248761),node/12998069282,,,,,,,,7,,mast,,,,,,,,,,,,,,,,,,,,,,,,,,,,,,,,,,,,,,,,,,,,,,,,,,,,,,,,,,,,,,,,,,,,,,,,,,,,,,,,,,,,,,,,
POINT (4.9652996 52.324829),node/12998069283,,,,,,,,7,,mast,,,,,,,,,,,,,,,,,,,,,,,,,,,,,,,,,,,,,,,,,,,,,,,,,,,,,,,,,,,,,,,,,,,,,,,,,,,,,,,,,,,,,,,,
POINT (4.9653295 52.3247659),node/12998069284,,,,,,,,7,,mast,,,,,,,,,,,,,,,,,,,,,,,,,,,,,,,,,,,,,,,,,,,,,,,,,,,,,,,,,,,,,,,,,,,,,,,,,,,,,,,,,,,,,,,,
POINT (4.9654032 52.3246823),node/12998069285,,,,,,,,7,,mast,,,,,,,,,,,,,,,,,,,,,,,,,,,,,,,,,,,,,,,,,,,,,,,,,,,,,,,,,,,,,,,,,,,,,,,,,,,,,,,,,,,,,,,,
POINT (4.9657975 52.3242446),node/13005228094,,,,,,,,7,,mast,,,,,,,,,,,,,,,,,,,,,,,,,,,,,,,,,,,,,,,,,,,,,,,,,,,,,,,,,,,,,,,,,,,,,,,,,,,,,,,,,,,,,,,,
POINT (4.9657197 52.3243327),node/13005228095,,,,,,,,7,,mast,,,,,,,,,,,,,,,,,,,,,,,,,,,,,,,,,,,,,,,,,,,,,,,,,,,,,,,,,,,,,,,,,,,,,,,,,,,,,,,,,,,,,,,,
POINT (4.9656393 52.3244216),node/13005228096,,,,,,,,7,,mast,,,,,,,,,,,,,,,,,,,,,,,,,,,,,,,,,,,,,,,,,,,,,,,,,,,,,,,,,,,,,,,,,,,,,,,,,,,,,,,,,,,,,,,,
POINT (4.9654904 52.3245896),node/13005228097,,,,,,,,7,,mast,,,,,,,,,,,,,,,,,,,,,,,,,,,,,,,,,,,,,,,,,,,,,,,,,,,,,,,,,,,,,,,,,,,,,,,,,,,,,,,,,,,,,,,,
POINT (4.9655628 52.3245073),node/13005228098,,,,,,,,7,,mast,,,,,,,,,,,,,,,,,,,,,,,,,,,,,,,,,,,,,,,,,,,,,,,,,,,,,,,,,,,,,,,,,,,,,,,,,,,,,,,,,,,,,,,,
POINT (4.9661502 52.3238659),node/13060137818,,,,,,,,7,,mast,,,,,,,,,,,,,,,,,,,,,,,,,,,,,,,,,,,,,,,,,,,,,,,,,,,,,,,,,,,,,,,,,,,,,,,,,,,,,,,,,,,,,,,,
POINT (4.9660698 52.3239474),node/13060137823,,,,,,,,7,,mast,,,,,,,,,,,,,,,,,,,,,,,,,,,,,,,,,,,,,,,,,,,,,,,,,,,,,,,,,,,,,,,,,,,,,,,,,,,,,,,,,,,,,,,,
POINT (4.9659913 52.3240314),node/13060137824,,,,,,,,7,,mast,,,,,,,,,,,,,,,,,,,,,,,,,,,,,,,,,,,,,,,,,,,,,,,,,,,,,,,,,,,,,,,,,,,,,,,,,,,,,,,,,,,,,,,,
POINT (4.9659162 52.3241138),node/13060137825,,,,,,,,7,,mast,,,,,,,,,,,,,,,,,,,,,,,,,,,,,,,,,,,,,,,,,,,,,,,,,,,,,,,,,,,,,,,,,,,,,,,,,,,,,,,,,,,,,,,,
POINT (4.9652933 52.3240331),node/13060882556,,,,,,,,7,,mast,,,,,,,,,,,,,,,,,,,,,,,,,,,,,,,,,,,,,,,,,,,,,,,,,,,,,,,,,,,,,,,,,,,,,,,,,,,,,,,,,,,,,,,,
POINT (4.9653798 52.324065),node/13060882557,,,,,,,,7,,mast,,,,,,,,,,,,,,,,,,,,,,,,,,,,,,,,,,,,,,,,,,,,,,,,,,,,,,,,,,,,,,,,,,,,,,,,,,,,,,,,,,,,,,,,
POINT (4.9654535 52.3240905),node/13060882558,,,,,,,,7,,mast,,,,,,,,,,,,,,,,,,,,,,,,,,,,,,,,,,,,,,,,,,,,,,,,,,,,,,,,,,,,,,,,,,,,,,,,,,,,,,,,,,,,,,,,
POINT (4.9657305 52.3241855),node/13060882559,,,,,,,,7,,mast,,,,,,,,,,,,,,,,,,,,,,,,,,,,,,,,,,,,,,,,,,,,,,,,,,,,,,,,,,,,,,,,,,,,,,,,,,,,,,,,,,,,,,,,
POINT (4.9656661 52.3241646),node/13060882560,,,,,,,,7,,mast,,,,,,,,,,,,,,,,,,,,,,,,,,,,,,,,,,,,,,,,,,,,,,,,,,,,,,,,,,,,,,,,,,,,,,,,,,,,,,,,,,,,,,,,
POINT (4.9655984 52.32414),node/13060882561,,,,,,,,7,,mast,,,,,,,,,,,,,,,,,,,,,,,,,,,,,,,,,,,,,,,,,,,,,,,,,,,,,,,,,,,,,,,,,,,,,,,,,,,,,,,,,,,,,,,,
POINT (4.9655326 52.3241171),node/13060882562,,,,,,,,7,,mast,,,,,,,,,,,,,,,,,,,,,,,,,,,,,,,,,,,,,,,,,,,,,,,,,,,,,,,,,,,,,,,,,,,,,,,,,,,,,,,,,,,,,,,,
POINT (4.9652182 52.3240091),node/13061562930,,,,,,,,7,,mast,,,,,,,,,,,,,,,,,,,,,,,,,,,,,,,,,,,,,,,,,,,,,,,,,,,,,,,,,,,,,,,,,,,,,,,,,,,,,,,,,,,,,,,,
POINT (4.8892606 52.3417293),node/13098130174,,,,,,,,,,mast,,,,,,,,,,,,,,,,,,,lighting,,,,,,,,,,,,,,,,,,,,,,,,,,,,,,,,,,,,,,,,,,,,,,,,,,,,,,,,,,,,,,,,,,,,,
POINT (4.8889333 52.3417459),node/13098130175,,,,,,,,,,mast,,,,,,,,,,,,,,,,,,,lighting,,,,,,,,,,,,,,,,,,,,,,,,,,,,,,,,,,,,,,,,,,,,,,,,,,,,,,,,,,,,,,,,,,,,,
POINT (4.8886049 52.3417608),node/13098130176,,,,,,,,,,mast,,,,,,,,,,,,,,,,,,,lighting,,,,,,,,,,,,,,,,,,,,,,,,,,,,,,,,,,,,,,,,,,,,,,,,,,,,,,,,,,,,,,,,,,,,,
POINT (4.8346859 52.3566077),node/13105459735,,,,,,,,,,mast,,,,,,,,,,,,,,,,,,,lighting,,,,,,,,,,,,,,,,,,,,,,,,,,,,,,,,,,,,,,,,,,,,,,,,,,,,,,,,,,,,,,,,,,,,,
POINT (4.8346235 52.35676),node/13105459737,,,,,,,,,,mast,,,,,,,,,,,,,,,,,,,lighting,,,,,,,,,,,,,,,,,,,,,,,,,,,,,,,,,,,,,,,,,,,,,,,,,,,,,,,,,,,,,,,,,,,,,
POINT (4.834866 52.3564081),node/13105459742,,,,,,,,,,mast,,,,,,,,,,,,,,,,,,,lighting,,,,,,,,,,,,,,,,,,,,,,,,,,,,,,,,,,,,,,,,,,,,,,,,,,,,,,,,,,,,,,,,,,,,,
POINT (4.8350192 52.3566194),node/13105459744,,,,,,,,,,mast,,,,,,,,,,,,,,,,,,,lighting,,,,,,,,,,,,,,,,,,,,,,,,,,,,,,,,,,,,,,,,,,,,,,,,,,,,,,,,,,,,,,,,,,,,,
POINT (4.8344636 52.3563846),node/13105459745,,,,,,,,,,mast,,,,,,,,,,,,,,,,,,,lighting,,,,,,,,,,,,,,,,,,,,,,,,,,,,,,,,,,,,,,,,,,,,,,,,,,,,,,,,,,,,,,,,,,,,,
POINT (4.8504478 52.3401491),node/13115909817,,,,,,,,,,mast,,,,,,,,,,,,,,,,,,,lighting,,,,,,,,,,,,,,,,,,,,,,,,,,,,,,,,,,,,,,,,,,,,,,,,,,,,,,,,,,,,,,,,,,,,,
POINT (4.8505626 52.3398305),node/13115909818,,,,,,,,,,mast,,,,,,,,,,,,,,,,,,,lighting,,,,,,,,,,,,,,,,,,,,,,,,,,,,,,,,,,,,,,,,,,,,,,,,,,,,,,,,,,,,,,,,,,,,,
POINT (4.849445 52.3400084),node/13115909819,,,,,,,,,,mast,,,,,,,,,,,,,,,,,,,lighting,,,,,,,,,,,,,,,,,,,,,,,,,,,,,,,,,,,,,,,,,,,,,,,,,,,,,,,,,,,,,,,,,,,,,
POINT (4.8495574 52.3396964),node/13115909820,,,,,,,,,,mast,,,,,,,,,,,,,,,,,,,lighting,,,,,,,,,,,,,,,,,,,,,,,,,,,,,,,,,,,,,,,,,,,,,,,,,,,,,,,,,,,,,,,,,,,,,
POINT (4.8494357 52.3400498),node/13115909821,,,,,,,,,,mast,,,,,,,,,,,,,,,,,,,lighting,,,,,,,,,,,,,,,,,,,,,,,,,,,,,,,,,,,,,,,,,,,,,,,,,,,,,,,,,,,,,,,,,,,,,
POINT (4.8493163 52.3403628),node/13115909822,,,,,,,,,,mast,,,,,,,,,,,,,,,,,,,lighting,,,,,,,,,,,,,,,,,,,,,,,,,,,,,,,,,,,,,,,,,,,,,,,,,,,,,,,,,,,,,,,,,,,,,
POINT (4.8497808 52.3404258),node/13115909823,,,,,,,,,,mast,,,,,,,,,,,,,,,,,,,lighting,,,,,,,,,,,,,,,,,,,,,,,,,,,,,,,,,,,,,,,,,,,,,,,,,,,,,,,,,,,,,,,,,,,,,
POINT (4.8498917 52.3401101),node/13115909824,,,,,,,,,,mast,,,,,,,,,,,,,,,,,,,lighting,,,,,,,,,,,,,,,,,,,,,,,,,,,,,,,,,,,,,,,,,,,,,,,,,,,,,,,,,,,,,,,,,,,,,
POINT (4.8499079 52.3400686),node/13115909825,,,,,,,,,,mast,,,,,,,,,,,,,,,,,,,lighting,,,,,,,,,,,,,,,,,,,,,,,,,,,,,,,,,,,,,,,,,,,,,,,,,,,,,,,,,,,,,,,,,,,,,
POINT (4.8500188 52.3397571),node/13115909826,,,,,,,,,,mast,,,,,,,,,,,,,,,,,,,lighting,,,,,,,,,,,,,,,,,,,,,,,,,,,,,,,,,,,,,,,,,,,,,,,,,,,,,,,,,,,,,,,,,,,,,
POINT (4.8504448 52.3401882),node/13115909827,,,,,,,,,,mast,,,,,,,,,,,,,,,,,,,lighting,,,,,,,,,,,,,,,,,,,,,,,,,,,,,,,,,,,,,,,,,,,,,,,,,,,,,,,,,,,,,,,,,,,,,
POINT (4.8503269 52.3404978),node/13115909828,,,,,,,,,,mast,,,,,,,,,,,,,,,,,,,lighting,,,,,,,,,,,,,,,,,,,,,,,,,,,,,,,,,,,,,,,,,,,,,,,,,,,,,,,,,,,,,,,,,,,,,
POINT (4.8513258 52.3401269),node/13115909829,,,,,,,,,,mast,,,,,,,,,,,,,,,,,,,lighting,,,,,,,,,,,,,,,,,,,,,,,,,,,,,,,,,,,,,,,,,,,,,,,,,,,,,,,,,,,,,,,,,,,,,
POINT (4.851801 52.3401647),node/13115909830,,,,,,,,,,mast,,,,,,,,,,,,,,,,,,,lighting,,,,,,,,,,,,,,,,,,,,,,,,,,,,,,,,,,,,,,,,,,,,,,,,,,,,,,,,,,,,,,,,,,,,,
POINT (4.85187 52.3398512),node/13115909831,,,,,,,,,,mast,,,,,,,,,,,,,,,,,,,lighting,,,,,,,,,,,,,,,,,,,,,,,,,,,,,,,,,,,,,,,,,,,,,,,,,,,,,,,,,,,,,,,,,,,,,
POINT (4.8513904 52.339815),node/13115909832,,,,,,,,,,mast,,,,,,,,,,,,,,,,,,,lighting,,,,,,,,,,,,,,,,,,,,,,,,,,,,,,,,,,,,,,,,,,,,,,,,,,,,,,,,,,,,,,,,,,,,,
POINT (4.8516373 52.3397831),node/13115909833,,,,,,,,,,mast,,,,,,,,,,,,,,,,,,,lighting,,,,,,,,,,,,,,,,,,,,,,,,,,,,,,,,,,,,,,,,,,,,,,,,,,,,,,,,,,,,,,,,,,,,,
POINT (4.8523566 52.3398393),node/13115909834,,,,,,,,,,mast,,,,,,,,,,,,,,,,,,,lighting,,,,,,,,,,,,,,,,,,,,,,,,,,,,,,,,,,,,,,,,,,,,,,,,,,,,,,,,,,,,,,,,,,,,,
POINT (4.8523425 52.339889),node/13115909835,,,,,,,,,,mast,,,,,,,,,,,,,,,,,,,lighting,,,,,,,,,,,,,,,,,,,,,,,,,,,,,,,,,,,,,,,,,,,,,,,,,,,,,,,,,,,,,,,,,,,,,
POINT (4.8524221 52.339523),node/13115909836,,,,,,,,,,mast,,,,,,,,,,,,,,,,,,,lighting,,,,,,,,,,,,,,,,,,,,,,,,,,,,,,,,,,,,,,,,,,,,,,,,,,,,,,,,,,,,,,,,,,,,,
POINT (4.8517045 52.3394695),node/13115909837,,,,,,,,,,mast,,,,,,,,,,,,,,,,,,,lighting,,,,,,,,,,,,,,,,,,,,,,,,,,,,,,,,,,,,,,,,,,,,,,,,,,,,,,,,,,,,,,,,,,,,,
POINT (4.8522708 52.3401999),node/13115909838,,,,,,,,,,mast,,,,,,,,,,,,,,,,,,,lighting,,,,,,,,,,,,,,,,,,,,,,,,,,,,,,,,,,,,,,,,,,,,,,,,,,,,,,,,,,,,,,,,,,,,,
POINT (4.8517965 52.3402118),node/13115909839,,,,,,,,,,mast,,,,,,,,,,,,,,,,,,,lighting,,,,,,,,,,,,,,,,,,,,,,,,,,,,,,,,,,,,,,,,,,,,,,,,,,,,,,,,,,,,,,,,,,,,,
POINT (4.8522646 52.3402512),node/13115909840,,,,,,,,,,mast,,,,,,,,,,,,,,,,,,,lighting,,,,,,,,,,,,,,,,,,,,,,,,,,,,,,,,,,,,,,,,,,,,,,,,,,,,,,,,,,,,,,,,,,,,,
POINT (4.851317 52.3401761),node/13115909841,,,,,,,,,,mast,,,,,,,,,,,,,,,,,,,lighting,,,,,,,,,,,,,,,,,,,,,,,,,,,,,,,,,,,,,,,,,,,,,,,,,,,,,,,,,,,,,,,,,,,,,
POINT (4.8512515 52.3404864),node/13115909842,,,,,,,,,,mast,,,,,,,,,,,,,,,,,,,lighting,,,,,,,,,,,,,,,,,,,,,,,,,,,,,,,,,,,,,,,,,,,,,,,,,,,,,,,,,,,,,,,,,,,,,
POINT (4.8517249 52.3405248),node/13115909843,,,,,,,,,,mast,,,,,,,,,,,,,,,,,,,lighting,,,,,,,,,,,,,,,,,,,,,,,,,,,,,,,,,,,,,,,,,,,,,,,,,,,,,,,,,,,,,,,,,,,,,
POINT (4.8521956 52.3405599),node/13115909844,,,,,,,,,,mast,,,,,,,,,,,,,,,,,,,lighting,,,,,,,,,,,,,,,,,,,,,,,,,,,,,,,,,,,,,,,,,,,,,,,,,,,,,,,,,,,,,,,,,,,,,
