{
  "type": "FeatureCollection",
  "generator": "overpass-turbo",
  "copyright": "The data included in this document is from www.openstreetmap.org. The data is made available under ODbL.",
  "timestamp": "2025-09-19T09:24:20Z",
  "features": [
    {
      "type": "Feature",
      "properties": {
        "@id": "way/44824385",
        "access": "yes",
        "addr:city": "Amsterdam",
        "addr:housenumber": "5",
        "addr:postcode": "1031KS",
        "addr:street": "Overhoeksplein",
        "alt_name": "Overhoekstoren",
        "building": "industrial",
        "height": "79",
        "layer": "1",
        "man_made": "tower",
        "name": "A'DAM Toren",
        "note": "with mast up to 100 m.",
        "old_name": "Shell-toren",
        "phone": "+31 20 217 0599",
        "ref:bag": "363100012071204",
        "source": "BAG",
        "source:date": "2014-05-07",
        "start_date": "1930",
        "toilets:wheelchair": "yes",
        "website": "https://adamtoren.nl/",
        "wheelchair": "yes",
        "wikidata": "Q2529795",
        "wikimedia_commons": "Category:Shell Tower",
        "wikipedia": "nl:A'DAM Toren"
      },
      "geometry": {
        "type": "Polygon",
        "coordinates": [
          [
            [
              4.9023473,
              52.383802
            ],
            [
              4.9023687,
              52.3838
            ],
            [
              4.902481,
              52.3837896
            ],
            [
              4.9024835,
              52.3838006
            ],
            [
              4.9024903,
              52.3838304
            ],
            [
              4.9022918,
              52.383849
            ],
            [
              4.9023122,
              52.3839307
            ],
            [
              4.9023156,
              52.3839444
            ],
            [
              4.9023175,
              52.3839521
            ],
            [
              4.9023067,
              52.383953
            ],
            [
              4.9022839,
              52.3839549
            ],
            [
              4.9021459,
              52.3839665
            ],
            [
              4.9021423,
              52.3839694
            ],
            [
              4.902125,
              52.3839837
            ],
            [
              4.9020878,
              52.3840133
            ],
            [
              4.9020699,
              52.3840294
            ],
            [
              4.9020548,
              52.3840416
            ],
            [
              4.9020258,
              52.3840285
            ],
            [
              4.9018239,
              52.3839369
            ],
            [
              4.9018708,
              52.3838981
            ],
            [
              4.9019148,
              52.3838616
            ],
            [
              4.9019015,
              52.3838077
            ],
            [
              4.9018939,
              52.3837775
            ],
            [
              4.9018904,
              52.3837632
            ],
            [
              4.9018889,
              52.3837573
            ],
            [
              4.901898,
              52.3837565
            ],
            [
              4.9019207,
              52.3837544
            ],
            [
              4.9020599,
              52.3837415
            ],
            [
              4.9021233,
              52.3837356
            ],
            [
              4.9021137,
              52.383697
            ],
            [
              4.902219,
              52.3836098
            ],
            [
              4.9022417,
              52.383591
            ],
            [
              4.9023543,
              52.3834946
            ],
            [
              4.9024107,
              52.38352
            ],
            [
              4.9025417,
              52.3835789
            ],
            [
              4.9025589,
              52.3835866
            ],
            [
              4.90259,
              52.3836006
            ],
            [
              4.9024752,
              52.3836961
            ],
            [
              4.9023891,
              52.3837674
            ],
            [
              4.9023473,
              52.383802
            ]
          ]
        ]
      },
      "id": "way/44824385"
    },
    {
      "type": "Feature",
      "properties": {
        "@id": "way/57852902",
        "building": "data_center",
        "ref": "AM1",
        "ref:bag": "0363100012131452",
        "source": "BAG",
        "source:date": "2021-08-08",
        "start_date": "1984"
      },
      "geometry": {
        "type": "Polygon",
        "coordinates": [
          [
            [
              4.9433127,
              52.3004122
            ],
            [
              4.943302,
              52.3004086
            ],
            [
              4.942375,
              52.3000928
            ],
            [
              4.9423491,
              52.3000835
            ],
            [
              4.9423335,
              52.3000754
            ],
            [
              4.9423206,
              52.3000657
            ],
            [
              4.9423117,
              52.3000562
            ],
            [
              4.9423062,
              52.3000474
            ],
            [
              4.9423025,
              52.3000383
            ],
            [
              4.9423008,
              52.3000259
            ],
            [
              4.942302,
              52.3000165
            ],
            [
              4.9423059,
              52.3000058
            ],
            [
              4.9423148,
              52.2999928
            ],
            [
              4.9423246,
              52.2999837
            ],
            [
              4.9423384,
              52.2999745
            ],
            [
              4.9423526,
              52.2999678
            ],
            [
              4.942373,
              52.2999613
            ],
            [
              4.9423951,
              52.2999575
            ],
            [
              4.942423,
              52.2999566
            ],
            [
              4.9424505,
              52.2999599
            ],
            [
              4.9424802,
              52.299969
            ],
            [
              4.942516,
              52.2999815
            ],
            [
              4.9425394,
              52.299956
            ],
            [
              4.9421342,
              52.2998171
            ],
            [
              4.9424184,
              52.2995055
            ],
            [
              4.942836,
              52.2996487
            ],
            [
              4.9428629,
              52.2996192
            ],
            [
              4.9428649,
              52.2996176
            ],
            [
              4.9428742,
              52.2996139
            ],
            [
              4.942884,
              52.2996135
            ],
            [
              4.9428932,
              52.2996158
            ],
            [
              4.9428985,
              52.2996192
            ],
            [
              4.9429019,
              52.2996249
            ],
            [
              4.9429017,
              52.2996283
            ],
            [
              4.9428993,
              52.2996328
            ],
            [
              4.942884,
              52.299649
            ],
            [
              4.942897,
              52.2996536
            ],
            [
              4.9429379,
              52.2996099
            ],
            [
              4.9429387,
              52.2996093
            ],
            [
              4.9429394,
              52.299609
            ],
            [
              4.9429407,
              52.2996087
            ],
            [
              4.942942,
              52.2996087
            ],
            [
              4.9429433,
              52.299609
            ],
            [
              4.9436877,
              52.2998649
            ],
            [
              4.9436884,
              52.2998645
            ],
            [
              4.9436902,
              52.299865
            ],
            [
              4.9436902,
              52.2998657
            ],
            [
              4.9436896,
              52.2998662
            ],
            [
              4.9436491,
              52.2999096
            ],
            [
              4.9436479,
              52.2999101
            ],
            [
              4.9436463,
              52.2999104
            ],
            [
              4.9436446,
              52.2999105
            ],
            [
              4.9436424,
              52.2999099
            ],
            [
              4.9436409,
              52.2999093
            ],
            [
              4.9436329,
              52.2999181
            ],
            [
              4.9437275,
              52.2999504
            ],
            [
              4.943728,
              52.2999514
            ],
            [
              4.9437284,
              52.2999529
            ],
            [
              4.9437284,
              52.2999539
            ],
            [
              4.943728,
              52.2999555
            ],
            [
              4.9435705,
              52.3001298
            ],
            [
              4.943569,
              52.3001307
            ],
            [
              4.943567,
              52.3001312
            ],
            [
              4.9435648,
              52.3001312
            ],
            [
              4.9435629,
              52.3001309
            ],
            [
              4.9435356,
              52.300122
            ],
            [
              4.9434941,
              52.300171
            ],
            [
              4.9435201,
              52.3001793
            ],
            [
              4.9435213,
              52.3001799
            ],
            [
              4.9435221,
              52.3001807
            ],
            [
              4.9435225,
              52.3001816
            ],
            [
              4.9435224,
              52.3001822
            ],
            [
              4.9435216,
              52.3001836
            ],
            [
              4.9433127,
              52.3004122
            ]
          ]
        ]
      },
      "id": "way/57852902"
    },
    {
      "type": "Feature",
      "properties": {
        "@id": "way/57853387",
        "building": "data_center",
        "ref:bag": "363100012117661",
        "source": "BAG",
        "source:date": "2014-05-07",
        "start_date": "1984"
      },
      "geometry": {
        "type": "Polygon",
        "coordinates": [
          [
            [
              4.9393878,
              52.3040873
            ],
            [
              4.939133,
              52.3039997
            ],
            [
              4.9390896,
              52.3040466
            ],
            [
              4.9388266,
              52.3039563
            ],
            [
              4.9391742,
              52.3035761
            ],
            [
              4.9392894,
              52.3036157
            ],
            [
              4.9393223,
              52.303627
            ],
            [
              4.9394289,
              52.3036636
            ],
            [
              4.9394717,
              52.3036165
            ],
            [
              4.939735,
              52.3037072
            ],
            [
              4.9397299,
              52.3037128
            ],
            [
              4.939732,
              52.3037135
            ],
            [
              4.9396518,
              52.3038018
            ],
            [
              4.9393878,
              52.3040873
            ]
          ]
        ]
      },
      "id": "way/57853387"
    },
    {
      "type": "Feature",
      "properties": {
        "@id": "way/57853463",
        "building": "data_center",
        "ref": "AM2",
        "ref:bag": "0363100012154411",
        "source": "BAG",
        "source:date": "2014-05-07",
        "start_date": "1983"
      },
      "geometry": {
        "type": "Polygon",
        "coordinates": [
          [
            [
              4.943302,
              52.3004086
            ],
            [
              4.9432794,
              52.300433
            ],
            [
              4.9432899,
              52.3004367
            ],
            [
              4.9428422,
              52.3009204
            ],
            [
              4.9426563,
              52.3008554
            ],
            [
              4.9426469,
              52.3008656
            ],
            [
              4.9426518,
              52.3008676
            ],
            [
              4.9424988,
              52.3010336
            ],
            [
              4.9419838,
              52.3008564
            ],
            [
              4.9420938,
              52.3007371
            ],
            [
              4.94201,
              52.3007082
            ],
            [
              4.9419561,
              52.300767
            ],
            [
              4.9416129,
              52.300649
            ],
            [
              4.9420347,
              52.3001882
            ],
            [
              4.9421366,
              52.3002233
            ],
            [
              4.9421885,
              52.3001666
            ],
            [
              4.9422789,
              52.3001977
            ],
            [
              4.942375,
              52.3000928
            ],
            [
              4.943302,
              52.3004086
            ]
          ]
        ]
      },
      "id": "way/57853463"
    },
    {
      "type": "Feature",
      "properties": {
        "@id": "way/57863344",
        "alt_name": "Het Signaal",
        "description": "advertising column with time and temperature display.",
        "height": "47",
        "heritage": "2",
        "man_made": "tower",
        "name": "Signaal",
        "source": "3dShapes",
        "tower:construction": "freestanding",
        "tower:type": "clock",
        "wikidata": "Q119996895",
        "wikimedia_commons": "Category:Het Signaal RAI",
        "wikipedia": "nl:Het signaal"
      },
      "geometry": {
        "type": "Polygon",
        "coordinates": [
          [
            [
              4.8908344,
              52.3418142
            ],
            [
              4.8908312,
              52.3418257
            ],
            [
              4.8908211,
              52.3418358
            ],
            [
              4.8908041,
              52.3418433
            ],
            [
              4.8907887,
              52.3418457
            ],
            [
              4.8907661,
              52.341844
            ],
            [
              4.8907496,
              52.3418377
            ],
            [
              4.8907373,
              52.3418273
            ],
            [
              4.8907331,
              52.341816
            ],
            [
              4.8907354,
              52.3418054
            ],
            [
              4.8907457,
              52.3417942
            ],
            [
              4.890761,
              52.3417869
            ],
            [
              4.8907815,
              52.3417836
            ],
            [
              4.8908006,
              52.3417854
            ],
            [
              4.8908173,
              52.3417914
            ],
            [
              4.8908298,
              52.3418018
            ],
            [
              4.8908344,
              52.3418142
            ]
          ]
        ]
      },
      "id": "way/57863344"
    },
    {
      "type": "Feature",
      "properties": {
        "@id": "way/57864798",
        "building": "data_center",
        "ref:bag": "0363100012126893",
        "source": "BAG",
        "source:date": "2014-02-11",
        "start_date": "2000"
      },
      "geometry": {
        "type": "Polygon",
        "coordinates": [
          [
            [
              4.8513081,
              52.3964547
            ],
            [
              4.8513066,
              52.3964547
            ],
            [
              4.8513063,
              52.3964597
            ],
            [
              4.8512982,
              52.3964595
            ],
            [
              4.8512982,
              52.3964604
            ],
            [
              4.851192,
              52.3964587
            ],
            [
              4.8511926,
              52.3964452
            ],
            [
              4.8511624,
              52.3964446
            ],
            [
              4.8511616,
              52.3964472
            ],
            [
              4.8511599,
              52.3964495
            ],
            [
              4.8511588,
              52.3964506
            ],
            [
              4.851156,
              52.3964524
            ],
            [
              4.8511508,
              52.3964545
            ],
            [
              4.8511469,
              52.3964552
            ],
            [
              4.8511428,
              52.3964555
            ],
            [
              4.8511387,
              52.3964552
            ],
            [
              4.8511348,
              52.3964543
            ],
            [
              4.8511329,
              52.3964537
            ],
            [
              4.8511297,
              52.396452
            ],
            [
              4.8511283,
              52.3964511
            ],
            [
              4.8511261,
              52.3964489
            ],
            [
              4.8511248,
              52.3964465
            ],
            [
              4.8511243,
              52.3964439
            ],
            [
              4.8510941,
              52.3964434
            ],
            [
              4.8510934,
              52.3964569
            ],
            [
              4.8509873,
              52.3964552
            ],
            [
              4.8509873,
              52.3964543
            ],
            [
              4.850979,
              52.3964541
            ],
            [
              4.8509793,
              52.3964492
            ],
            [
              4.8509778,
              52.3964492
            ],
            [
              4.8509782,
              52.3964398
            ],
            [
              4.8508972,
              52.3964384
            ],
            [
              4.8508994,
              52.3963889
            ],
            [
              4.8508837,
              52.3963887
            ],
            [
              4.8508837,
              52.3963878
            ],
            [
              4.8508759,
              52.3963877
            ],
            [
              4.8508761,
              52.3963827
            ],
            [
              4.8508746,
              52.3963827
            ],
            [
              4.8508785,
              52.3962984
            ],
            [
              4.8509009,
              52.3962988
            ],
            [
              4.8509019,
              52.3962769
            ],
            [
              4.8508796,
              52.3962765
            ],
            [
              4.8508834,
              52.3961922
            ],
            [
              4.8508849,
              52.3961922
            ],
            [
              4.8508851,
              52.3961873
            ],
            [
              4.8508934,
              52.3961875
            ],
            [
              4.8508934,
              52.3961866
            ],
            [
              4.8513104,
              52.3961934
            ],
            [
              4.8513104,
              52.3961943
            ],
            [
              4.8513186,
              52.3961945
            ],
            [
              4.8513183,
              52.3961994
            ],
            [
              4.8513198,
              52.3961994
            ],
            [
              4.8513155,
              52.3962928
            ],
            [
              4.8513081,
              52.3964547
            ]
          ]
        ]
      },
      "id": "way/57864798"
    },
    {
      "type": "Feature",
      "properties": {
        "@id": "way/57865369",
        "addr:city": "Amsterdam",
        "addr:housenumber": "2E",
        "addr:postcode": "1042AB",
        "addr:street": "Gyroscoopweg",
        "building": "data_center",
        "ref:bag": "363100012079749",
        "source": "BAG",
        "source:date": "2014-02-11",
        "start_date": "2002"
      },
      "geometry": {
        "type": "Polygon",
        "coordinates": [
          [
            [
              4.8384568,
              52.3965662
            ],
            [
              4.838471,
              52.3965617
            ],
            [
              4.8387281,
              52.3964795
            ],
            [
              4.8387545,
              52.396471
            ],
            [
              4.8387682,
              52.396487
            ],
            [
              4.8387833,
              52.3965047
            ],
            [
              4.838904,
              52.3966459
            ],
            [
              4.838919,
              52.3966411
            ],
            [
              4.838921,
              52.3966387
            ],
            [
              4.8389223,
              52.3966377
            ],
            [
              4.8389271,
              52.396635
            ],
            [
              4.8389329,
              52.3966332
            ],
            [
              4.8389372,
              52.3966327
            ],
            [
              4.8389437,
              52.3966329
            ],
            [
              4.8389498,
              52.3966342
            ],
            [
              4.8389551,
              52.3966366
            ],
            [
              4.8389578,
              52.3966386
            ],
            [
              4.8389598,
              52.396641
            ],
            [
              4.8389616,
              52.3966449
            ],
            [
              4.8389616,
              52.396649
            ],
            [
              4.8389595,
              52.3966529
            ],
            [
              4.838957,
              52.3966552
            ],
            [
              4.8389521,
              52.396658
            ],
            [
              4.838946,
              52.3966597
            ],
            [
              4.8389393,
              52.3966602
            ],
            [
              4.8389327,
              52.3966595
            ],
            [
              4.8389192,
              52.3966638
            ],
            [
              4.8389473,
              52.3966967
            ],
            [
              4.8389595,
              52.396711
            ],
            [
              4.8385899,
              52.3968298
            ],
            [
              4.8385687,
              52.3968366
            ],
            [
              4.8385615,
              52.3968282
            ],
            [
              4.8385104,
              52.3967686
            ],
            [
              4.838541,
              52.3967588
            ],
            [
              4.8385298,
              52.3967458
            ],
            [
              4.8385219,
              52.3967466
            ],
            [
              4.838515,
              52.3967457
            ],
            [
              4.8385085,
              52.396743
            ],
            [
              4.8385045,
              52.3967392
            ],
            [
              4.8385031,
              52.3967354
            ],
            [
              4.8385037,
              52.3967314
            ],
            [
              4.8385063,
              52.3967281
            ],
            [
              4.838511,
              52.396725
            ],
            [
              4.8384093,
              52.3966056
            ],
            [
              4.8384731,
              52.3965853
            ],
            [
              4.8384607,
              52.3965708
            ],
            [
              4.8384568,
              52.3965662
            ]
          ]
        ]
      },
      "id": "way/57865369"
    },
    {
      "type": "Feature",
      "properties": {
        "@id": "way/57866665",
        "addr:city": "Amsterdam",
        "addr:housenumber": "2F",
        "addr:postcode": "1042AB",
        "addr:street": "Gyroscoopweg",
        "building": "data_center",
        "ref:bag": "363100012094936",
        "source": "BAG",
        "source:date": "2014-02-11",
        "start_date": "2002"
      },
      "geometry": {
        "type": "Polygon",
        "coordinates": [
          [
            [
              4.8388254,
              52.3970898
            ],
            [
              4.8388185,
              52.3970906
            ],
            [
              4.8388115,
              52.3970899
            ],
            [
              4.8388054,
              52.3970877
            ],
            [
              4.838801,
              52.3970843
            ],
            [
              4.8387989,
              52.3970801
            ],
            [
              4.8387994,
              52.3970758
            ],
            [
              4.8388023,
              52.3970719
            ],
            [
              4.8388075,
              52.3970688
            ],
            [
              4.838796,
              52.3970555
            ],
            [
              4.8387745,
              52.3970624
            ],
            [
              4.8387659,
              52.3970651
            ],
            [
              4.8387166,
              52.3970078
            ],
            [
              4.838708,
              52.3969977
            ],
            [
              4.8387381,
              52.396988
            ],
            [
              4.838785,
              52.396973
            ],
            [
              4.8390725,
              52.3968805
            ],
            [
              4.8390984,
              52.3968722
            ],
            [
              4.8391073,
              52.3968821
            ],
            [
              4.8391401,
              52.3969189
            ],
            [
              4.8391545,
              52.3969141
            ],
            [
              4.839158,
              52.3969105
            ],
            [
              4.8391632,
              52.3969078
            ],
            [
              4.8391673,
              52.3969066
            ],
            [
              4.8391717,
              52.3969059
            ],
            [
              4.8391785,
              52.396906
            ],
            [
              4.8391849,
              52.3969073
            ],
            [
              4.8391887,
              52.3969088
            ],
            [
              4.8391904,
              52.3969098
            ],
            [
              4.8391933,
              52.3969119
            ],
            [
              4.8391944,
              52.3969131
            ],
            [
              4.8391954,
              52.3969144
            ],
            [
              4.8391966,
              52.3969171
            ],
            [
              4.8391968,
              52.3969198
            ],
            [
              4.8391962,
              52.3969226
            ],
            [
              4.8391946,
              52.3969252
            ],
            [
              4.8391935,
              52.3969264
            ],
            [
              4.8391922,
              52.3969276
            ],
            [
              4.839189,
              52.3969296
            ],
            [
              4.8391853,
              52.3969311
            ],
            [
              4.8391789,
              52.3969325
            ],
            [
              4.8391743,
              52.3969327
            ],
            [
              4.8391676,
              52.396932
            ],
            [
              4.8391541,
              52.3969364
            ],
            [
              4.8392758,
              52.3970773
            ],
            [
              4.8392973,
              52.3971023
            ],
            [
              4.8393048,
              52.3971109
            ],
            [
              4.83929,
              52.3971157
            ],
            [
              4.8390154,
              52.3972045
            ],
            [
              4.8390076,
              52.397207
            ],
            [
              4.8390034,
              52.3972021
            ],
            [
              4.838992,
              52.3971888
            ],
            [
              4.838928,
              52.3972092
            ],
            [
              4.8388254,
              52.3970898
            ]
          ]
        ]
      },
      "id": "way/57866665"
    },
    {
      "type": "Feature",
      "properties": {
        "@id": "way/62036545",
        "addr:city": "Amsterdam",
        "addr:country": "NL",
        "addr:housenumber": "121",
        "addr:postcode": "1098XG",
        "addr:street": "Science Park",
        "building": "commercial",
        "name": "Digital Realty AMS9",
        "operator": "Digital Realty",
        "operator:website": "https://www.interxion.com/Locations/science-park/",
        "operator:wikidata": "Q5275969",
        "ref": "AMS9",
        "source": "BGT",
        "telecom": "data_center",
        "website": "https://www.digitalrealty.com/data-centers/emea/amsterdam/ams9"
      },
      "geometry": {
        "type": "Polygon",
        "coordinates": [
          [
            [
              4.9526157,
              52.3562731
            ],
            [
              4.95246,
              52.3561806
            ],
            [
              4.9526813,
              52.3560426
            ],
            [
              4.9526838,
              52.3560411
            ],
            [
              4.9527461,
              52.3560783
            ],
            [
              4.952763,
              52.3560884
            ],
            [
              4.9527834,
              52.3561006
            ],
            [
              4.9528327,
              52.3561301
            ],
            [
              4.9530613,
              52.3559877
            ],
            [
              4.9531228,
              52.3559485
            ],
            [
              4.9532773,
              52.3560409
            ],
            [
              4.9531314,
              52.3561319
            ],
            [
              4.9535025,
              52.3563539
            ],
            [
              4.953352,
              52.3564477
            ],
            [
              4.9532457,
              52.3563841
            ],
            [
              4.95313,
              52.3563149
            ],
            [
              4.9529121,
              52.3564508
            ],
            [
              4.9526382,
              52.3562869
            ],
            [
              4.9526157,
              52.3562731
            ]
          ]
        ]
      },
      "id": "way/62036545"
    },
    {
      "type": "Feature",
      "properties": {
        "@id": "way/98662844",
        "access": "private",
        "architect": "Jan Wils",
        "building": "yes",
        "description": "thin freestanding tower",
        "height": "46",
        "man_made": "tower",
        "name": "Marathontoren",
        "ref:bag": "0363100012250984",
        "source": "BAG",
        "source:date": "2021-01-08",
        "start_date": "1928",
        "tower:construction": "freestanding",
        "wikidata": "Q17299254",
        "wikimedia_commons": "Category:Marathontoren"
      },
      "geometry": {
        "type": "Polygon",
        "coordinates": [
          [
            [
              4.8554075,
              52.3437869
            ],
            [
              4.8553849,
              52.3437838
            ],
            [
              4.8553958,
              52.343754
            ],
            [
              4.8553797,
              52.3437518
            ],
            [
              4.8553819,
              52.3437457
            ],
            [
              4.8554618,
              52.3437566
            ],
            [
              4.8554596,
              52.3437627
            ],
            [
              4.8554507,
              52.3437614
            ],
            [
              4.8554456,
              52.3437755
            ],
            [
              4.8554449,
              52.3437774
            ],
            [
              4.8554443,
              52.3437791
            ],
            [
              4.8554398,
              52.3437913
            ],
            [
              4.8554132,
              52.3437877
            ],
            [
              4.8554075,
              52.3437869
            ]
          ]
        ]
      },
      "id": "way/98662844"
    },
    {
      "type": "Feature",
      "properties": {
        "@id": "way/98672987",
        "access": "no",
        "amenity": "clock",
        "building": "yes",
        "description": "freestanding square bell tower of the Agneskerk (church)",
        "display": "analog",
        "faces": "4",
        "man_made": "tower",
        "ref:bag": "363100012197426",
        "source": "BAG",
        "source:date": "2014-03-24",
        "start_date": "1914",
        "tower:construction": "freestanding",
        "tower:type": "bell_tower",
        "visibility": "area"
      },
      "geometry": {
        "type": "Polygon",
        "coordinates": [
          [
            [
              4.857762,
              52.3501072
            ],
            [
              4.8576882,
              52.3500876
            ],
            [
              4.8577204,
              52.3500426
            ],
            [
              4.8577943,
              52.3500621
            ],
            [
              4.857762,
              52.3501072
            ]
          ]
        ]
      },
      "id": "way/98672987"
    },
    {
      "type": "Feature",
      "properties": {
        "@id": "way/99203577",
        "building": "yes",
        "historic": "yes",
        "man_made": "tower",
        "name": "Westertoren",
        "note": "85 m",
        "ref:bag": "363100012174221",
        "source": "BAG",
        "source:date": "2014-02-11",
        "start_date": "1631",
        "tourism": "attraction",
        "tower:type": "bell_tower",
        "wikipedia": "nl:Westertoren (Amsterdam)"
      },
      "geometry": {
        "type": "Polygon",
        "coordinates": [
          [
            [
              4.8836202,
              52.3745773
            ],
            [
              4.8835668,
              52.3745791
            ],
            [
              4.8834655,
              52.3745825
            ],
            [
              4.8834574,
              52.3745824
            ],
            [
              4.8834542,
              52.3745442
            ],
            [
              4.8834575,
              52.3745441
            ],
            [
              4.8834566,
              52.3745332
            ],
            [
              4.8834556,
              52.374521
            ],
            [
              4.8834522,
              52.3745211
            ],
            [
              4.883449,
              52.3744829
            ],
            [
              4.8834564,
              52.3744826
            ],
            [
              4.8835305,
              52.3744804
            ],
            [
              4.8835915,
              52.3744784
            ],
            [
              4.8836119,
              52.3744778
            ],
            [
              4.8836161,
              52.3745276
            ],
            [
              4.8836202,
              52.3745773
            ]
          ]
        ]
      },
      "id": "way/99203577"
    },
    {
      "type": "Feature",
      "properties": {
        "@id": "way/218984116",
        "alt_name": "Glass House",
        "building": "commercial",
        "name": "KPN Teleport",
        "office": "telecommunication",
        "ref:bag": "0363100012165158",
        "source": "BAG",
        "source:date": "2022-10-04",
        "start_date": "2014",
        "website": "https://nsi.nl/location/glass-house-amsterdam-2",
        "wikidata": "Q117341381",
        "wikimedia_commons": "Category:KPN Teleport"
      },
      "geometry": {
        "type": "Polygon",
        "coordinates": [
          [
            [
              4.841334,
              52.388493
            ],
            [
              4.8413349,
              52.3884406
            ],
            [
              4.8413351,
              52.3884294
            ],
            [
              4.8413361,
              52.3883756
            ],
            [
              4.8413363,
              52.3883645
            ],
            [
              4.8413373,
              52.3883089
            ],
            [
              4.8413375,
              52.3883008
            ],
            [
              4.8413477,
              52.3877368
            ],
            [
              4.8416747,
              52.3877392
            ],
            [
              4.8417887,
              52.3877399
            ],
            [
              4.8419026,
              52.3877406
            ],
            [
              4.842229,
              52.3877431
            ],
            [
              4.842224,
              52.3880134
            ],
            [
              4.8422225,
              52.3881888
            ],
            [
              4.8422165,
              52.3885
            ],
            [
              4.8419139,
              52.3884976
            ],
            [
              4.8419141,
              52.3884879
            ],
            [
              4.8416343,
              52.3884856
            ],
            [
              4.8416341,
              52.3884954
            ],
            [
              4.841334,
              52.388493
            ]
          ]
        ]
      },
      "id": "way/218984116"
    },
    {
      "type": "Feature",
      "properties": {
        "@id": "way/276264449",
        "building": "yes",
        "name": "Wijkcentrale Amsterdam-Sloterdijk",
        "operator": "KPN",
        "operator:wikidata": "Q338633",
        "ref:bag": "0363100012134106",
        "short_name": "Asd-Slod",
        "source": "BAG",
        "source:date": "2014-03-24",
        "source:name": "survey",
        "start_date": "1969",
        "telecom": "exchange"
      },
      "geometry": {
        "type": "Polygon",
        "coordinates": [
          [
            [
              4.8614786,
              52.3816347
            ],
            [
              4.8615074,
              52.3816534
            ],
            [
              4.8614103,
              52.3817095
            ],
            [
              4.8613815,
              52.3816909
            ],
            [
              4.8612028,
              52.3817944
            ],
            [
              4.8610333,
              52.3816847
            ],
            [
              4.8616915,
              52.3813037
            ],
            [
              4.8618613,
              52.3814132
            ],
            [
              4.8614786,
              52.3816347
            ]
          ]
        ]
      },
      "id": "way/276264449"
    },
    {
      "type": "Feature",
      "properties": {
        "@id": "way/278390394",
        "access": "private",
        "architect": "H.G.J. Schelling",
        "building:part": "yes",
        "heritage": "2",
        "heritage:operator": "rce",
        "historic": "yes",
        "layer": "1",
        "man_made": "tower",
        "ref:bag": "363100012219776",
        "ref:rce": "526982",
        "source": "BAG",
        "source:date": "2014-03-24",
        "start_date": "1938",
        "tower:type": "observation"
      },
      "geometry": {
        "type": "Polygon",
        "coordinates": [
          [
            [
              4.9312233,
              52.3610127
            ],
            [
              4.9311752,
              52.3610009
            ],
            [
              4.9312132,
              52.3609431
            ],
            [
              4.9312612,
              52.3609549
            ],
            [
              4.9312233,
              52.3610127
            ]
          ]
        ]
      },
      "id": "way/278390394"
    },
    {
      "type": "Feature",
      "properties": {
        "@id": "way/279859729",
        "building": "data_center",
        "ref:bag": "363100012103608",
        "source": "BAG",
        "source:date": "2019-04-01",
        "start_date": "1956"
      },
      "geometry": {
        "type": "Polygon",
        "coordinates": [
          [
            [
              4.9197499,
              52.3334854
            ],
            [
              4.9197125,
              52.3335396
            ],
            [
              4.9195068,
              52.3338376
            ],
            [
              4.9194034,
              52.3339874
            ],
            [
              4.9194097,
              52.333989
            ],
            [
              4.9193993,
              52.3340039
            ],
            [
              4.9189784,
              52.3338952
            ],
            [
              4.9189752,
              52.3339
            ],
            [
              4.9189658,
              52.3338976
            ],
            [
              4.9189667,
              52.3338963
            ],
            [
              4.9187218,
              52.3338335
            ],
            [
              4.9188915,
              52.333588
            ],
            [
              4.9190193,
              52.3334032
            ],
            [
              4.9190472,
              52.3333629
            ],
            [
              4.9190808,
              52.3333142
            ],
            [
              4.919172,
              52.3331823
            ],
            [
              4.9194236,
              52.3332474
            ],
            [
              4.9195133,
              52.3331174
            ],
            [
              4.9196654,
              52.3328972
            ],
            [
              4.9196693,
              52.3328915
            ],
            [
              4.9196756,
              52.3328822
            ],
            [
              4.9196783,
              52.3328782
            ],
            [
              4.9200947,
              52.3329858
            ],
            [
              4.91995,
              52.3331955
            ],
            [
              4.9198864,
              52.3332877
            ],
            [
              4.9198496,
              52.3333409
            ],
            [
              4.9197499,
              52.3334854
            ]
          ]
        ]
      },
      "id": "way/279859729"
    },
    {
      "type": "Feature",
      "properties": {
        "@id": "way/279860375",
        "building": "data_center",
        "ref:bag": "0363100012081602",
        "source": "BAG",
        "source:date": "2021-08-08",
        "start_date": "1982"
      },
      "geometry": {
        "type": "Polygon",
        "coordinates": [
          [
            [
              4.9323802,
              52.3371414
            ],
            [
              4.9313318,
              52.3373335
            ],
            [
              4.9313307,
              52.3373312
            ],
            [
              4.9313129,
              52.337295
            ],
            [
              4.9312472,
              52.3371612
            ],
            [
              4.930996,
              52.3366499
            ],
            [
              4.9309954,
              52.3366487
            ],
            [
              4.9309915,
              52.3366407
            ],
            [
              4.9311523,
              52.3366107
            ],
            [
              4.9311558,
              52.3366101
            ],
            [
              4.9313908,
              52.3365662
            ],
            [
              4.9313943,
              52.3365656
            ],
            [
              4.9314764,
              52.3365502
            ],
            [
              4.931551,
              52.3365366
            ],
            [
              4.9315487,
              52.3365317
            ],
            [
              4.9316466,
              52.3365136
            ],
            [
              4.931641,
              52.3365021
            ],
            [
              4.9316343,
              52.3365033
            ],
            [
              4.9316326,
              52.3364997
            ],
            [
              4.9316984,
              52.3364876
            ],
            [
              4.9317001,
              52.3364912
            ],
            [
              4.9316934,
              52.3364924
            ],
            [
              4.9316991,
              52.3365039
            ],
            [
              4.9317961,
              52.336486
            ],
            [
              4.9318078,
              52.3364838
            ],
            [
              4.9317942,
              52.3364563
            ],
            [
              4.9317936,
              52.3364547
            ],
            [
              4.9317933,
              52.3364531
            ],
            [
              4.9317933,
              52.3364515
            ],
            [
              4.9317936,
              52.3364499
            ],
            [
              4.9317942,
              52.3364483
            ],
            [
              4.931795,
              52.3364468
            ],
            [
              4.9317961,
              52.3364453
            ],
            [
              4.9317975,
              52.3364439
            ],
            [
              4.9317991,
              52.3364426
            ],
            [
              4.9318009,
              52.3364415
            ],
            [
              4.9318029,
              52.3364404
            ],
            [
              4.9318051,
              52.3364395
            ],
            [
              4.9318074,
              52.3364388
            ],
            [
              4.9318099,
              52.3364382
            ],
            [
              4.9318125,
              52.3364377
            ],
            [
              4.9318151,
              52.3364375
            ],
            [
              4.9318177,
              52.3364374
            ],
            [
              4.9318203,
              52.3364375
            ],
            [
              4.9318229,
              52.3364378
            ],
            [
              4.9318255,
              52.3364382
            ],
            [
              4.9318279,
              52.3364388
            ],
            [
              4.9318302,
              52.3364396
            ],
            [
              4.9318324,
              52.3364405
            ],
            [
              4.9318344,
              52.3364416
            ],
            [
              4.9318362,
              52.3364428
            ],
            [
              4.9318378,
              52.3364441
            ],
            [
              4.9318391,
              52.3364455
            ],
            [
              4.9318402,
              52.3364469
            ],
            [
              4.9318544,
              52.3364749
            ],
            [
              4.9318717,
              52.3364718
            ],
            [
              4.9320131,
              52.3364457
            ],
            [
              4.9320341,
              52.3364418
            ],
            [
              4.9321002,
              52.3365764
            ],
            [
              4.9321144,
              52.3365739
            ],
            [
              4.9323802,
              52.3371414
            ]
          ]
        ]
      },
      "id": "way/279860375"
    },
    {
      "type": "Feature",
      "properties": {
        "@id": "way/282381343",
        "building": "data_center",
        "operator": "Verizon",
        "ref:bag": "363100012096571",
        "source": "BAG",
        "source:date": "2014-05-07",
        "start_date": "1981",
        "telecom": "data_center"
      },
      "geometry": {
        "type": "Polygon",
        "coordinates": [
          [
            [
              4.93562,
              52.3050826
            ],
            [
              4.935612,
              52.3050798
            ],
            [
              4.9356146,
              52.3050768
            ],
            [
              4.9352257,
              52.304943
            ],
            [
              4.9353326,
              52.3048262
            ],
            [
              4.9351879,
              52.3047763
            ],
            [
              4.9351748,
              52.3047906
            ],
            [
              4.9351377,
              52.3047778
            ],
            [
              4.9351507,
              52.3047635
            ],
            [
              4.9343989,
              52.3045045
            ],
            [
              4.9347283,
              52.3041452
            ],
            [
              4.9348561,
              52.3041893
            ],
            [
              4.9352231,
              52.3043149
            ],
            [
              4.9356625,
              52.304466
            ],
            [
              4.9356971,
              52.3044281
            ],
            [
              4.9360857,
              52.3045617
            ],
            [
              4.9360888,
              52.3045584
            ],
            [
              4.9360973,
              52.3045614
            ],
            [
              4.93562,
              52.3050826
            ]
          ]
        ]
      },
      "id": "way/282381343"
    },
    {
      "type": "Feature",
      "properties": {
        "@id": "way/282381349",
        "building": "data_center",
        "ref:bag": "0363100012104121",
        "source": "BAG",
        "source:date": "2014-05-07",
        "start_date": "2009"
      },
      "geometry": {
        "type": "Polygon",
        "coordinates": [
          [
            [
              4.9382153,
              52.3035201
            ],
            [
              4.9378163,
              52.303383
            ],
            [
              4.9378174,
              52.3033818
            ],
            [
              4.9378185,
              52.3033806
            ],
            [
              4.9376085,
              52.3033082
            ],
            [
              4.9376929,
              52.3032159
            ],
            [
              4.9379022,
              52.303288
            ],
            [
              4.9380006,
              52.3031816
            ],
            [
              4.9380175,
              52.303163
            ],
            [
              4.9380057,
              52.3031589
            ],
            [
              4.9380034,
              52.3031614
            ],
            [
              4.9378621,
              52.303113
            ],
            [
              4.9379793,
              52.3029847
            ],
            [
              4.9379806,
              52.3029834
            ],
            [
              4.9381218,
              52.303032
            ],
            [
              4.9381195,
              52.3030345
            ],
            [
              4.9381313,
              52.3030386
            ],
            [
              4.9382457,
              52.3029128
            ],
            [
              4.9380352,
              52.302841
            ],
            [
              4.9381189,
              52.3027494
            ],
            [
              4.93833,
              52.3028214
            ],
            [
              4.9383325,
              52.3028186
            ],
            [
              4.938499,
              52.3028759
            ],
            [
              4.9387315,
              52.3029558
            ],
            [
              4.9385322,
              52.3031737
            ],
            [
              4.9382153,
              52.3035201
            ]
          ]
        ]
      },
      "id": "way/282381349"
    },
    {
      "type": "Feature",
      "properties": {
        "@id": "way/295731026",
        "building": "data_center",
        "building:levels": "11",
        "name": "Digital Realty AMS17",
        "operator": "Digital Realty",
        "operator:wikidata": "Q5275969",
        "ref": "AMS17",
        "ref:bag": "0363100012243277",
        "source": "BAG",
        "source:date": "2021-01-08",
        "start_date": "2021",
        "telecom": "data_center",
        "website": "https://www.digitalrealty.com/data-centers/emea/amsterdam/ams17"
      },
      "geometry": {
        "type": "Polygon",
        "coordinates": [
          [
            [
              4.9507894,
              52.3569226
            ],
            [
              4.9509722,
              52.3570315
            ],
            [
              4.9510437,
              52.3570745
            ],
            [
              4.9510422,
              52.3570754
            ],
            [
              4.9510486,
              52.3570792
            ],
            [
              4.9510515,
              52.3570792
            ],
            [
              4.9510501,
              52.3570801
            ],
            [
              4.9510752,
              52.357095
            ],
            [
              4.9510768,
              52.3570941
            ],
            [
              4.9513304,
              52.3572464
            ],
            [
              4.9507994,
              52.3572693
            ],
            [
              4.9507993,
              52.3572681
            ],
            [
              4.9507243,
              52.3572713
            ],
            [
              4.9507244,
              52.3572723
            ],
            [
              4.9501941,
              52.357295
            ],
            [
              4.9502958,
              52.3572309
            ],
            [
              4.9503035,
              52.3572354
            ],
            [
              4.9503204,
              52.3572248
            ],
            [
              4.9503404,
              52.3572123
            ],
            [
              4.9503328,
              52.3572078
            ],
            [
              4.950472,
              52.357121
            ],
            [
              4.9504735,
              52.3571219
            ],
            [
              4.9505039,
              52.3571028
            ],
            [
              4.9505024,
              52.3571019
            ],
            [
              4.9507894,
              52.3569226
            ]
          ]
        ]
      },
      "id": "way/295731026"
    },
    {
      "type": "Feature",
      "properties": {
        "@id": "way/441605807",
        "addr:city": "Amsterdam",
        "addr:housenumber": "610",
        "addr:postcode": "1098XH",
        "addr:street": "Science Park",
        "building": "data_center",
        "building:levels": "6",
        "layer": "1",
        "name": "Equinix AM3",
        "office": "company",
        "operator": "Equinix",
        "operator:wikidata": "Q851641",
        "operator:wikipedia": "en:Equinix",
        "ref": "AM3",
        "ref:bag": "363100012238998",
        "roof:shape": "flat",
        "source": "BAG",
        "source:date": "2017-03-24",
        "start_date": "2015",
        "telecom": "data_center",
        "website": "https://www.equinix.nl/data-centers/europe-colocation/netherlands-colocation/amsterdam-data-centers/am3"
      },
      "geometry": {
        "type": "Polygon",
        "coordinates": [
          [
            [
              4.9609499,
              52.3547626
            ],
            [
              4.9609723,
              52.3547486
            ],
            [
              4.9612715,
              52.35456
            ],
            [
              4.9618347,
              52.3542079
            ],
            [
              4.9618532,
              52.3541963
            ],
            [
              4.9618592,
              52.3541925
            ],
            [
              4.9624744,
              52.3545597
            ],
            [
              4.9624817,
              52.354564
            ],
            [
              4.9614856,
              52.355189
            ],
            [
              4.9614663,
              52.3552009
            ],
            [
              4.9614306,
              52.3552226
            ],
            [
              4.9614112,
              52.3552345
            ],
            [
              4.9613796,
              52.3552543
            ],
            [
              4.960758,
              52.3548825
            ],
            [
              4.9607636,
              52.354879
            ],
            [
              4.9609499,
              52.3547626
            ]
          ]
        ]
      },
      "id": "way/441605807"
    },
    {
      "type": "Feature",
      "properties": {
        "@id": "way/482532123",
        "addr:city": "Amsterdam",
        "addr:housenumber": "610",
        "addr:postcode": "1098XH",
        "addr:street": "Science Park",
        "building": "data_center",
        "building:levels": "12",
        "name": "Equinix AM4",
        "ref:bag": "363100012246317",
        "source": "BAG;https://www.equinix.com/data-centers/europe-colocation/netherlands-colocation/amsterdam-data-centers/am4;local knowledge",
        "source:date": "2017-03-24",
        "start_date": "2015"
      },
      "geometry": {
        "type": "Polygon",
        "coordinates": [
          [
            [
              4.9616982,
              52.3540963
            ],
            [
              4.9616921,
              52.3541001
            ],
            [
              4.9616736,
              52.3541117
            ],
            [
              4.9611337,
              52.3544491
            ],
            [
              4.9611107,
              52.3544635
            ],
            [
              4.9610828,
              52.354481
            ],
            [
              4.9608756,
              52.3543573
            ],
            [
              4.9608532,
              52.354344
            ],
            [
              4.9607757,
              52.3542977
            ],
            [
              4.9607692,
              52.3542938
            ],
            [
              4.9613833,
              52.3539079
            ],
            [
              4.9616982,
              52.3540963
            ]
          ]
        ]
      },
      "id": "way/482532123"
    },
    {
      "type": "Feature",
      "properties": {
        "@id": "way/485464790",
        "building:material": "metal",
        "building:part": "yes",
        "height": "72",
        "man_made": "communications_tower"
      },
      "geometry": {
        "type": "Polygon",
        "coordinates": [
          [
            [
              4.8873974,
              52.3364261
            ],
            [
              4.8873849,
              52.3364241
            ],
            [
              4.8873731,
              52.3364208
            ],
            [
              4.8873623,
              52.3364164
            ],
            [
              4.8873529,
              52.336411
            ],
            [
              4.8873451,
              52.3364047
            ],
            [
              4.887339,
              52.3363977
            ],
            [
              4.887335,
              52.3363901
            ],
            [
              4.887333,
              52.3363823
            ],
            [
              4.8873331,
              52.3363744
            ],
            [
              4.8873354,
              52.3363666
            ],
            [
              4.8873397,
              52.3363592
            ],
            [
              4.887346,
              52.3363522
            ],
            [
              4.887354,
              52.336346
            ],
            [
              4.8873636,
              52.3363407
            ],
            [
              4.8873746,
              52.3363365
            ],
            [
              4.8873865,
              52.3363333
            ],
            [
              4.887399,
              52.3363315
            ],
            [
              4.887412,
              52.3363309
            ],
            [
              4.8874249,
              52.3363316
            ],
            [
              4.8874375,
              52.3363336
            ],
            [
              4.8874493,
              52.3363368
            ],
            [
              4.8874603,
              52.3363412
            ],
            [
              4.8874697,
              52.3363467
            ],
            [
              4.8874776,
              52.336353
            ],
            [
              4.8874836,
              52.33636
            ],
            [
              4.8874878,
              52.3363675
            ],
            [
              4.8874898,
              52.3363754
            ],
            [
              4.8874896,
              52.3363833
            ],
            [
              4.8874874,
              52.3363912
            ],
            [
              4.8874832,
              52.3363986
            ],
            [
              4.8874768,
              52.3364056
            ],
            [
              4.8874686,
              52.3364118
            ],
            [
              4.8874589,
              52.3364171
            ],
            [
              4.887448,
              52.3364214
            ],
            [
              4.8874359,
              52.3364245
            ],
            [
              4.8874233,
              52.3364264
            ],
            [
              4.8874103,
              52.3364269
            ],
            [
              4.8873974,
              52.3364261
            ]
          ]
        ]
      },
      "id": "way/485464790"
    },
    {
      "type": "Feature",
      "properties": {
        "@id": "way/485464791",
        "building:material": "metal",
        "building:part": "yes",
        "height": "94",
        "man_made": "communications_tower",
        "min_height": "93.5"
      },
      "geometry": {
        "type": "Polygon",
        "coordinates": [
          [
            [
              4.887407,
              52.3364167
            ],
            [
              4.887387,
              52.3364137
            ],
            [
              4.8873697,
              52.3364068
            ],
            [
              4.887357,
              52.3363969
            ],
            [
              4.8873503,
              52.3363851
            ],
            [
              4.8873502,
              52.3363725
            ],
            [
              4.8873568,
              52.3363606
            ],
            [
              4.8873694,
              52.3363506
            ],
            [
              4.8873866,
              52.3363437
            ],
            [
              4.8874066,
              52.3363406
            ],
            [
              4.8874271,
              52.3363416
            ],
            [
              4.887446,
              52.3363466
            ],
            [
              4.8874612,
              52.3363551
            ],
            [
              4.887471,
              52.3363661
            ],
            [
              4.8874745,
              52.3363785
            ],
            [
              4.8874712,
              52.3363909
            ],
            [
              4.8874614,
              52.336402
            ],
            [
              4.8874463,
              52.3364106
            ],
            [
              4.8874275,
              52.3364157
            ],
            [
              4.887407,
              52.3364167
            ]
          ]
        ]
      },
      "id": "way/485464791"
    },
    {
      "type": "Feature",
      "properties": {
        "@id": "way/485464792",
        "building:material": "metal",
        "building:part": "yes",
        "height": "113",
        "man_made": "communications_tower",
        "min_height": "72",
        "wikidata": "Q107092031",
        "wikimedia_commons": "Category:Telecomtoren Zuidas"
      },
      "geometry": {
        "type": "Polygon",
        "coordinates": [
          [
            [
              4.887436,
              52.3363796
            ],
            [
              4.8874341,
              52.3363843
            ],
            [
              4.8874299,
              52.3363884
            ],
            [
              4.8874239,
              52.3363915
            ],
            [
              4.8874157,
              52.3363934
            ],
            [
              4.887407,
              52.3363935
            ],
            [
              4.8873987,
              52.3363918
            ],
            [
              4.8873918,
              52.3363885
            ],
            [
              4.8873873,
              52.3363839
            ],
            [
              4.8873856,
              52.3363786
            ],
            [
              4.8873869,
              52.3363733
            ],
            [
              4.8873911,
              52.3363686
            ],
            [
              4.8873977,
              52.3363651
            ],
            [
              4.887405,
              52.3363633
            ],
            [
              4.8874129,
              52.3363629
            ],
            [
              4.8874206,
              52.336364
            ],
            [
              4.8874273,
              52.3363666
            ],
            [
              4.8874324,
              52.3363703
            ],
            [
              4.8874354,
              52.3363748
            ],
            [
              4.887436,
              52.3363796
            ]
          ]
        ]
      },
      "id": "way/485464792"
    },
    {
      "type": "Feature",
      "properties": {
        "@id": "way/485464793",
        "building:material": "metal",
        "building:part": "yes",
        "height": "146",
        "man_made": "communications_tower",
        "min_height": "113"
      },
      "geometry": {
        "type": "Polygon",
        "coordinates": [
          [
            [
              4.8874178,
              52.3363824
            ],
            [
              4.8874153,
              52.3363836
            ],
            [
              4.8874123,
              52.3363841
            ],
            [
              4.8874092,
              52.336384
            ],
            [
              4.8874064,
              52.3363834
            ],
            [
              4.887404,
              52.3363822
            ],
            [
              4.8874024,
              52.3363806
            ],
            [
              4.8874017,
              52.3363788
            ],
            [
              4.887402,
              52.3363769
            ],
            [
              4.8874033,
              52.3363752
            ],
            [
              4.8874054,
              52.3363739
            ],
            [
              4.887408,
              52.336373
            ],
            [
              4.887411,
              52.3363727
            ],
            [
              4.887414,
              52.336373
            ],
            [
              4.8874168,
              52.3363739
            ],
            [
              4.887419,
              52.3363753
            ],
            [
              4.8874202,
              52.336377
            ],
            [
              4.8874205,
              52.336379
            ],
            [
              4.8874196,
              52.3363808
            ],
            [
              4.8874178,
              52.3363824
            ]
          ]
        ]
      },
      "id": "way/485464793"
    },
    {
      "type": "Feature",
      "properties": {
        "@id": "way/645534930",
        "building:material": "brick",
        "building:part": "church",
        "height": "56",
        "man_made": "tower",
        "roof:height": "23",
        "roof:material": "copper",
        "roof:shape": "pyramidal",
        "tower:type": "bell_tower"
      },
      "geometry": {
        "type": "Polygon",
        "coordinates": [
          [
            [
              4.9008229,
              52.3765941
            ],
            [
              4.9008667,
              52.3765472
            ],
            [
              4.9009434,
              52.3765739
            ],
            [
              4.9008995,
              52.3766208
            ],
            [
              4.9008229,
              52.3765941
            ]
          ]
        ]
      },
      "id": "way/645534930"
    },
    {
      "type": "Feature",
      "properties": {
        "@id": "way/645534931",
        "building:material": "brick",
        "building:part": "church",
        "height": "56",
        "man_made": "tower",
        "roof:height": "23",
        "roof:material": "copper",
        "roof:shape": "pyramidal",
        "tower:type": "bell_tower"
      },
      "geometry": {
        "type": "Polygon",
        "coordinates": [
          [
            [
              4.9011323,
              52.3766772
            ],
            [
              4.9010554,
              52.3766503
            ],
            [
              4.9010989,
              52.3766035
            ],
            [
              4.9011762,
              52.3766302
            ],
            [
              4.9011323,
              52.3766772
            ]
          ]
        ]
      },
      "id": "way/645534931"
    },
    {
      "type": "Feature",
      "properties": {
        "@id": "way/700738101",
        "building": "data_center",
        "ref:bag": "363100012112975",
        "source": "BAG",
        "source:date": "2014-03-24",
        "start_date": "1969"
      },
      "geometry": {
        "type": "Polygon",
        "coordinates": [
          [
            [
              4.8298414,
              52.3435196
            ],
            [
              4.8310223,
              52.3435323
            ],
            [
              4.8310647,
              52.3435328
            ],
            [
              4.8310516,
              52.3439847
            ],
            [
              4.8310084,
              52.3439842
            ],
            [
              4.8310065,
              52.344051
            ],
            [
              4.8316361,
              52.3440579
            ],
            [
              4.8316074,
              52.3450285
            ],
            [
              4.8291687,
              52.3450024
            ],
            [
              4.829182,
              52.3445503
            ],
            [
              4.8289281,
              52.3445477
            ],
            [
              4.8289139,
              52.3450293
            ],
            [
              4.8285638,
              52.3450257
            ],
            [
              4.8285784,
              52.3445439
            ],
            [
              4.8286996,
              52.3445452
            ],
            [
              4.8287017,
              52.3444778
            ],
            [
              4.8286765,
              52.3444776
            ],
            [
              4.828704,
              52.3435071
            ],
            [
              4.8298414,
              52.3435196
            ]
          ]
        ]
      },
      "id": "way/700738101"
    },
    {
      "type": "Feature",
      "properties": {
        "@id": "way/776593777",
        "building": "data_center",
        "ref:bag": "0363100012250803",
        "source": "BAG",
        "source:date": "2021-08-08",
        "start_date": "2020"
      },
      "geometry": {
        "type": "Polygon",
        "coordinates": [
          [
            [
              4.9388806,
              52.3029953
            ],
            [
              4.9387395,
              52.302947
            ],
            [
              4.9387315,
              52.3029558
            ],
            [
              4.938499,
              52.3028759
            ],
            [
              4.9385176,
              52.3028557
            ],
            [
              4.9381483,
              52.3027288
            ],
            [
              4.9384282,
              52.3024228
            ],
            [
              4.9390421,
              52.3026361
            ],
            [
              4.9390858,
              52.3026476
            ],
            [
              4.939173,
              52.3026789
            ],
            [
              4.9388932,
              52.3029847
            ],
            [
              4.938891,
              52.302984
            ],
            [
              4.9388806,
              52.3029953
            ]
          ]
        ]
      },
      "id": "way/776593777"
    },
    {
      "type": "Feature",
      "properties": {
        "@id": "way/807204799",
        "building:material": "metal",
        "building:part": "chimney",
        "height": "16",
        "man_made": "tower",
        "min_height": "5",
        "roof:material": "metal",
        "tower:type": "chimney"
      },
      "geometry": {
        "type": "Polygon",
        "coordinates": [
          [
            [
              4.8871336,
              52.3427502
            ],
            [
              4.8871453,
              52.3427518
            ],
            [
              4.8871517,
              52.342758
            ],
            [
              4.8871491,
              52.3427651
            ],
            [
              4.887139,
              52.342769
            ],
            [
              4.8871273,
              52.3427674
            ],
            [
              4.8871209,
              52.3427612
            ],
            [
              4.8871236,
              52.3427541
            ],
            [
              4.8871336,
              52.3427502
            ]
          ]
        ]
      },
      "id": "way/807204799"
    },
    {
      "type": "Feature",
      "properties": {
        "@id": "way/883367894",
        "building": "yes",
        "ref:bag": "363100012117970",
        "source": "BAG",
        "source:date": "2020-12-10",
        "start_date": "1967",
        "telecom": "data_center"
      },
      "geometry": {
        "type": "Polygon",
        "coordinates": [
          [
            [
              4.8863765,
              52.3363078
            ],
            [
              4.8863765,
              52.3363037
            ],
            [
              4.8863768,
              52.3362549
            ],
            [
              4.8868495,
              52.3362565
            ],
            [
              4.8868494,
              52.3362903
            ],
            [
              4.8868843,
              52.3362903
            ],
            [
              4.8869404,
              52.3362904
            ],
            [
              4.8869993,
              52.3362905
            ],
            [
              4.8870079,
              52.3362906
            ],
            [
              4.8870079,
              52.3362922
            ],
            [
              4.8870079,
              52.3363045
            ],
            [
              4.8870072,
              52.3364904
            ],
            [
              4.8870072,
              52.3365044
            ],
            [
              4.8870071,
              52.3365218
            ],
            [
              4.8872458,
              52.336522
            ],
            [
              4.8874889,
              52.3365213
            ],
            [
              4.8874893,
              52.3365249
            ],
            [
              4.8874892,
              52.3365282
            ],
            [
              4.8874887,
              52.3365998
            ],
            [
              4.8874879,
              52.3366972
            ],
            [
              4.8874869,
              52.3368229
            ],
            [
              4.8874864,
              52.3368765
            ],
            [
              4.8863849,
              52.3368748
            ],
            [
              4.8863857,
              52.3367715
            ],
            [
              4.8863875,
              52.336521
            ],
            [
              4.8864661,
              52.3365211
            ],
            [
              4.8864644,
              52.3364712
            ],
            [
              4.8863869,
              52.3364721
            ],
            [
              4.886387,
              52.3364671
            ],
            [
              4.886388,
              52.3363079
            ],
            [
              4.8863765,
              52.3363078
            ]
          ]
        ]
      },
      "id": "way/883367894"
    },
    {
      "type": "Feature",
      "properties": {
        "@id": "way/891596749",
        "addr:city": "Amsterdam",
        "addr:housenumber": "2F",
        "addr:postcode": "1042AB",
        "addr:street": "Gyroscoopweg",
        "building": "data_center",
        "layer": "2",
        "name": "Equinix AM8",
        "operator": "Equinix",
        "operator:wikidata": "Q851641",
        "operator:wikipedia": "en:Equinix",
        "ref:bag": "363100012094936",
        "source": "BAG",
        "source:date": "2014-02-11",
        "start_date": "2002",
        "telecom": "data_center"
      },
      "geometry": {
        "type": "Polygon",
        "coordinates": [
          [
            [
              4.8390076,
              52.397207
            ],
            [
              4.8389138,
              52.3972373
            ],
            [
              4.8387659,
              52.3970651
            ],
            [
              4.8387745,
              52.3970624
            ],
            [
              4.838796,
              52.3970555
            ],
            [
              4.8388075,
              52.3970688
            ],
            [
              4.8388023,
              52.3970719
            ],
            [
              4.8387994,
              52.3970758
            ],
            [
              4.8387989,
              52.3970801
            ],
            [
              4.838801,
              52.3970843
            ],
            [
              4.8388054,
              52.3970877
            ],
            [
              4.8388115,
              52.3970899
            ],
            [
              4.8388185,
              52.3970906
            ],
            [
              4.8388254,
              52.3970898
            ],
            [
              4.838928,
              52.3972092
            ],
            [
              4.838992,
              52.3971888
            ],
            [
              4.8390076,
              52.397207
            ]
          ]
        ]
      },
      "id": "way/891596749"
    },
    {
      "type": "Feature",
      "properties": {
        "@id": "way/893800401",
        "addr:city": "Amsterdam",
        "addr:housenumber": "58-60",
        "addr:postcode": "1042AC",
        "addr:street": "Gyroscoopweg",
        "building:part": "yes",
        "name": "Interxion AMS1 - AMS4",
        "office": "company",
        "operator": "Interxion",
        "ref": "AMS1; AMS2; AMS4",
        "telecom": "data_center"
      },
      "geometry": {
        "type": "Polygon",
        "coordinates": [
          [
            [
              4.842273,
              52.399622
            ],
            [
              4.8425583,
              52.3995307
            ],
            [
              4.8427221,
              52.3997214
            ],
            [
              4.8426104,
              52.3997571
            ],
            [
              4.8426987,
              52.3998598
            ],
            [
              4.8426747,
              52.3998675
            ],
            [
              4.8425553,
              52.3999057
            ],
            [
              4.8425251,
              52.3999153
            ],
            [
              4.8423752,
              52.3999633
            ],
            [
              4.8423392,
              52.3999748
            ],
            [
              4.8422524,
              52.3998738
            ],
            [
              4.8421578,
              52.399904
            ],
            [
              4.8419925,
              52.3997117
            ],
            [
              4.842273,
              52.399622
            ]
          ]
        ]
      },
      "id": "way/893800401"
    },
    {
      "type": "Feature",
      "properties": {
        "@id": "way/906834712",
        "building:part": "yes",
        "name": "Gyro Center",
        "operator": "Gyro Center",
        "telecom": "data_center"
      },
      "geometry": {
        "type": "Polygon",
        "coordinates": [
          [
            [
              4.8429138,
              52.400428
            ],
            [
              4.8431246,
              52.4003602
            ],
            [
              4.8432252,
              52.4004766
            ],
            [
              4.8433287,
              52.4005964
            ],
            [
              4.843426,
              52.4007089
            ],
            [
              4.8435269,
              52.4008256
            ],
            [
              4.8432422,
              52.4009172
            ],
            [
              4.8432293,
              52.4009214
            ],
            [
              4.8432279,
              52.4009199
            ],
            [
              4.8432243,
              52.400921
            ],
            [
              4.8432224,
              52.4009188
            ],
            [
              4.8432193,
              52.4009198
            ],
            [
              4.8432121,
              52.4009115
            ],
            [
              4.8432047,
              52.400903
            ],
            [
              4.8431979,
              52.4008951
            ],
            [
              4.8431855,
              52.4008808
            ],
            [
              4.8431832,
              52.400878
            ],
            [
              4.8431451,
              52.400834
            ],
            [
              4.8431112,
              52.4007948
            ],
            [
              4.8431071,
              52.40079
            ],
            [
              4.8431038,
              52.4007862
            ],
            [
              4.8431013,
              52.4007833
            ],
            [
              4.843034,
              52.4007055
            ],
            [
              4.8430108,
              52.4006786
            ],
            [
              4.8428908,
              52.4005398
            ],
            [
              4.8428493,
              52.4004917
            ],
            [
              4.8428337,
              52.4004737
            ],
            [
              4.8428294,
              52.4004687
            ],
            [
              4.8428255,
              52.4004641
            ],
            [
              4.8428239,
              52.4004624
            ],
            [
              4.8428272,
              52.4004614
            ],
            [
              4.8428252,
              52.4004591
            ],
            [
              4.8428288,
              52.400458
            ],
            [
              4.842827,
              52.4004559
            ],
            [
              4.8428835,
              52.4004378
            ],
            [
              4.8429138,
              52.400428
            ]
          ]
        ]
      },
      "id": "way/906834712"
    },
    {
      "type": "Feature",
      "properties": {
        "@id": "way/1030665841",
        "building": "yes",
        "note": "The building has the name PTT in large letters above its door. PTT was the Dutch state-owned enterprise for postal, telegraph and telephone service. It was privatized in 1989 under the name Koninklijke PTT Nederland NV (KPN).",
        "operator": "KPN",
        "operator:wikidata": "Q338633",
        "operator:wikipedia": "nl:Koninklijke KPN",
        "source": "survey",
        "telecom": "exchange"
      },
      "geometry": {
        "type": "Polygon",
        "coordinates": [
          [
            [
              4.957485,
              52.2993874
            ],
            [
              4.9574546,
              52.2993766
            ],
            [
              4.9574749,
              52.299358
            ],
            [
              4.9575053,
              52.2993688
            ],
            [
              4.957485,
              52.2993874
            ]
          ]
        ]
      },
      "id": "way/1030665841"
    },
    {
      "type": "Feature",
      "properties": {
        "@id": "way/1090189550",
        "building": "data_center",
        "layer": "1",
        "ref:bag": "0363100012243277",
        "source": "BAG",
        "source:date": "2021-01-08",
        "start_date": "2021"
      },
      "geometry": {
        "type": "Polygon",
        "coordinates": [
          [
            [
              4.9503328,
              52.3572078
            ],
            [
              4.9503404,
              52.3572123
            ],
            [
              4.9503204,
              52.3572248
            ],
            [
              4.9503035,
              52.3572354
            ],
            [
              4.9502958,
              52.3572309
            ],
            [
              4.9503328,
              52.3572078
            ]
          ]
        ]
      },
      "id": "way/1090189550"
    },
    {
      "type": "Feature",
      "properties": {
        "@id": "way/1093524141",
        "addr:city": "Amsterdam",
        "addr:housenumber": "610",
        "addr:postcode": "1098XH",
        "addr:street": "Science Park",
        "building": "data_center",
        "layer": "2",
        "name": "Equinix",
        "office": "company",
        "operator": "Equinix",
        "operator:wikidata": "Q851641",
        "operator:wikipedia": "en:Equinix",
        "ref": "AM3",
        "ref:bag": "363100012238998",
        "source": "BAG",
        "source:date": "2017-03-24",
        "start_date": "2015",
        "telecom": "data_center",
        "website": "https://www.equinix.nl/data-centers/europe-colocation/netherlands-colocation/amsterdam-data-centers/am3"
      },
      "geometry": {
        "type": "Polygon",
        "coordinates": [
          [
            [
              4.960662,
              52.3545768
            ],
            [
              4.9608532,
              52.354344
            ],
            [
              4.9608756,
              52.3543573
            ],
            [
              4.9606868,
              52.3545916
            ],
            [
              4.960662,
              52.3545768
            ]
          ]
        ]
      },
      "id": "way/1093524141"
    },
    {
      "type": "Feature",
      "properties": {
        "@id": "way/1093524157",
        "addr:city": "Amsterdam",
        "addr:housenumber": "610",
        "addr:postcode": "1098XH",
        "addr:street": "Science Park",
        "building": "data_center",
        "building:levels": "6",
        "layer": "1",
        "name": "Equinix AM3",
        "office": "company",
        "operator": "Equinix",
        "operator:wikidata": "Q851641",
        "operator:wikipedia": "en:Equinix",
        "ref": "AM3",
        "ref:bag": "363100012238998",
        "roof:shape": "flat",
        "source": "BAG",
        "source:date": "2017-03-24",
        "start_date": "2015",
        "telecom": "data_center",
        "website": "https://www.equinix.nl/data-centers/europe-colocation/netherlands-colocation/amsterdam-data-centers/am3"
      },
      "geometry": {
        "type": "Polygon",
        "coordinates": [
          [
            [
              4.9611337,
              52.3544491
            ],
            [
              4.9616736,
              52.3541117
            ],
            [
              4.9618347,
              52.3542079
            ],
            [
              4.9612949,
              52.3545453
            ],
            [
              4.9611337,
              52.3544491
            ]
          ]
        ]
      },
      "id": "way/1093524157"
    },
    {
      "type": "Feature",
      "properties": {
        "@id": "way/1093524163",
        "addr:city": "Amsterdam",
        "addr:housenumber": "610",
        "addr:postcode": "1098XH",
        "addr:street": "Science Park",
        "building": "data_center",
        "name": "Equinix AM3",
        "office": "company",
        "operator": "Equinix",
        "operator:wikidata": "Q851641",
        "operator:wikipedia": "en:Equinix",
        "ref": "AM3",
        "ref:bag": "363100012238998",
        "source": "BAG",
        "source:date": "2017-03-24",
        "start_date": "2015",
        "telecom": "data_center",
        "website": "https://www.equinix.nl/data-centers/europe-colocation/netherlands-colocation/amsterdam-data-centers/am3"
      },
      "geometry": {
        "type": "Polygon",
        "coordinates": [
          [
            [
              4.9610756,
              52.3548929
            ],
            [
              4.9612686,
              52.3547721
            ],
            [
              4.9615516,
              52.3549409
            ],
            [
              4.9613585,
              52.3550617
            ],
            [
              4.9610756,
              52.3548929
            ]
          ]
        ]
      },
      "id": "way/1093524163"
    },
    {
      "type": "Feature",
      "properties": {
        "@id": "way/1093524165",
        "addr:city": "Amsterdam",
        "addr:housenumber": "610",
        "addr:postcode": "1098XH",
        "addr:street": "Science Park",
        "building": "data_center",
        "building:levels": "3",
        "layer": "1",
        "name": "Equinix AM3",
        "office": "company",
        "operator": "Equinix",
        "operator:wikidata": "Q851641",
        "operator:wikipedia": "en:Equinix",
        "ref": "AM3",
        "ref:bag": "363100012238998",
        "roof:shape": "flat",
        "source": "BAG",
        "source:date": "2017-03-24",
        "start_date": "2015",
        "telecom": "data_center",
        "website": "https://www.equinix.nl/data-centers/europe-colocation/netherlands-colocation/amsterdam-data-centers/am3"
      },
      "geometry": {
        "type": "Polygon",
        "coordinates": [
          [
            [
              4.9607062,
              52.3548343
            ],
            [
              4.9606056,
              52.3547742
            ],
            [
              4.9607433,
              52.3546882
            ],
            [
              4.9607657,
              52.3546742
            ],
            [
              4.9607947,
              52.3546561
            ],
            [
              4.9606868,
              52.3545916
            ],
            [
              4.960662,
              52.3545768
            ],
            [
              4.9605004,
              52.3544804
            ],
            [
              4.9605978,
              52.3544195
            ],
            [
              4.9609928,
              52.3546552
            ],
            [
              4.9609547,
              52.354679
            ],
            [
              4.9607625,
              52.3547991
            ],
            [
              4.9607062,
              52.3548343
            ]
          ]
        ]
      },
      "id": "way/1093524165"
    },
    {
      "type": "Feature",
      "properties": {
        "@id": "way/1093524166",
        "addr:city": "Amsterdam",
        "addr:housenumber": "610",
        "addr:postcode": "1098XH",
        "addr:street": "Science Park",
        "building": "data_center",
        "layer": "2",
        "name": "Equinix",
        "office": "company",
        "operator": "Equinix",
        "operator:wikidata": "Q851641",
        "operator:wikipedia": "en:Equinix",
        "ref": "AM3",
        "ref:bag": "363100012238998",
        "source": "BAG",
        "source:date": "2017-03-24",
        "start_date": "2015",
        "telecom": "data_center",
        "website": "https://www.equinix.nl/data-centers/europe-colocation/netherlands-colocation/amsterdam-data-centers/am3"
      },
      "geometry": {
        "type": "Polygon",
        "coordinates": [
          [
            [
              4.9609726,
              52.3547488
            ],
            [
              4.9609502,
              52.3547628
            ],
            [
              4.9607433,
              52.3546882
            ],
            [
              4.9607657,
              52.3546742
            ],
            [
              4.9609726,
              52.3547488
            ]
          ]
        ]
      },
      "id": "way/1093524166"
    },
    {
      "type": "Feature",
      "properties": {
        "@id": "way/1093524167",
        "addr:city": "Amsterdam",
        "addr:housenumber": "610",
        "addr:postcode": "1098XH",
        "addr:street": "Science Park",
        "building": "data_center",
        "building:levels": "6",
        "layer": "1",
        "name": "Equinix AM3",
        "office": "company",
        "operator": "Equinix",
        "operator:wikidata": "Q851641",
        "operator:wikipedia": "en:Equinix",
        "ref": "AM3",
        "ref:bag": "363100012238998",
        "roof:shape": "flat",
        "source": "BAG",
        "source:date": "2017-03-24",
        "start_date": "2015",
        "telecom": "data_center",
        "website": "https://www.equinix.nl/data-centers/europe-colocation/netherlands-colocation/amsterdam-data-centers/am3"
      },
      "geometry": {
        "type": "Polygon",
        "coordinates": [
          [
            [
              4.9607947,
              52.3546561
            ],
            [
              4.9607657,
              52.3546742
            ],
            [
              4.9607433,
              52.3546882
            ],
            [
              4.9606056,
              52.3547742
            ],
            [
              4.9607062,
              52.3548343
            ],
            [
              4.9606977,
              52.3548396
            ],
            [
              4.960692,
              52.3548431
            ],
            [
              4.960282,
              52.3545984
            ],
            [
              4.9604854,
              52.3544714
            ],
            [
              4.9604887,
              52.3544734
            ],
            [
              4.9604917,
              52.3544752
            ],
            [
              4.9605004,
              52.3544804
            ],
            [
              4.960662,
              52.3545768
            ],
            [
              4.9606868,
              52.3545916
            ],
            [
              4.9607947,
              52.3546561
            ]
          ]
        ]
      },
      "id": "way/1093524167"
    },
    {
      "type": "Feature",
      "properties": {
        "@id": "way/1102827706",
        "addr:city": "Amsterdam",
        "addr:housenumber": "19",
        "addr:postcode": "1064KC",
        "addr:street": "Van Moerkerkenstraat",
        "building": "yes",
        "name": "Amsterdam-Slotermeer",
        "operator": "KPN",
        "operator:wikidata": "Q338633",
        "ref:CGBCode": "2007",
        "ref:bag": "363100012088495",
        "short_name": "Asd-Slom",
        "source": "BAG",
        "source:date": "2014-03-24",
        "start_date": "1956",
        "telecom": "exchange"
      },
      "geometry": {
        "type": "Polygon",
        "coordinates": [
          [
            [
              4.8176388,
              52.3776228
            ],
            [
              4.8178293,
              52.3776492
            ],
            [
              4.8178545,
              52.3776528
            ],
            [
              4.8177593,
              52.3778997
            ],
            [
              4.8175186,
              52.377865
            ],
            [
              4.8176136,
              52.3776191
            ],
            [
              4.8176388,
              52.3776228
            ]
          ]
        ]
      },
      "id": "way/1102827706"
    },
    {
      "type": "Feature",
      "properties": {
        "@id": "way/1220520621",
        "building": "data_center"
      },
      "geometry": {
        "type": "Polygon",
        "coordinates": [
          [
            [
              4.9393198,
              52.3021217
            ],
            [
              4.9395976,
              52.3022154
            ],
            [
              4.9395479,
              52.3022699
            ],
            [
              4.9394428,
              52.3023854
            ],
            [
              4.9391973,
              52.3026555
            ],
            [
              4.9391045,
              52.3026242
            ],
            [
              4.9390858,
              52.3026476
            ],
            [
              4.9390421,
              52.3026361
            ],
            [
              4.9390644,
              52.3026116
            ],
            [
              4.9384491,
              52.3023985
            ],
            [
              4.9387301,
              52.3020905
            ],
            [
              4.9391966,
              52.3022529
            ],
            [
              4.9393198,
              52.3021217
            ]
          ]
        ]
      },
      "id": "way/1220520621"
    },
    {
      "type": "Feature",
      "properties": {
        "@id": "way/1323444996",
        "building": "yes",
        "layer": "1",
        "name": "NIKHEF Amsterdam",
        "operator": "NIKHEF",
        "telecom": "data_center",
        "website": "https://www.nikhef.nl/housing/"
      },
      "geometry": {
        "type": "Polygon",
        "coordinates": [
          [
            [
              4.9507538,
              52.3564372
            ],
            [
              4.9503036,
              52.3561662
            ],
            [
              4.950329,
              52.3561505
            ],
            [
              4.950462,
              52.3560681
            ],
            [
              4.9506789,
              52.3561987
            ],
            [
              4.9508471,
              52.3560975
            ],
            [
              4.9510777,
              52.3562366
            ],
            [
              4.9507538,
              52.3564372
            ]
          ]
        ]
      },
      "id": "way/1323444996"
    },
    {
      "type": "Feature",
      "properties": {
        "@id": "way/1346509047",
        "addr:city": "Amsterdam",
        "addr:housenumber": "2E",
        "addr:postcode": "1042AB",
        "addr:street": "Gyroscoopweg",
        "landuse": "industrial",
        "name": "Equinix Amsterdam AM8",
        "operator": "Equinix",
        "operator:wikidata": "Q851641",
        "operator:wikipedia": "en:Equinix",
        "ref": "AM8",
        "telecom": "data_center"
      },
      "geometry": {
        "type": "Polygon",
        "coordinates": [
          [
            [
              4.8389102,
              52.3963391
            ],
            [
              4.8389571,
              52.396324
            ],
            [
              4.8390156,
              52.396305
            ],
            [
              4.8393551,
              52.3967004
            ],
            [
              4.8393711,
              52.396719
            ],
            [
              4.839387,
              52.3967376
            ],
            [
              4.8394029,
              52.3967562
            ],
            [
              4.8394189,
              52.3967747
            ],
            [
              4.8394795,
              52.3968453
            ],
            [
              4.839592,
              52.3969763
            ],
            [
              4.8396057,
              52.3969928
            ],
            [
              4.8396198,
              52.3970092
            ],
            [
              4.8396339,
              52.3970257
            ],
            [
              4.839668,
              52.3970644
            ],
            [
              4.8396081,
              52.3970834
            ],
            [
              4.8394702,
              52.3971285
            ],
            [
              4.8394321,
              52.397141
            ],
            [
              4.8393926,
              52.3971538
            ],
            [
              4.8389062,
              52.3973116
            ],
            [
              4.8388769,
              52.3973172
            ],
            [
              4.8388049,
              52.397331
            ],
            [
              4.8381815,
              52.3966038
            ],
            [
              4.8382056,
              52.3965846
            ],
            [
              4.8382273,
              52.3965705
            ],
            [
              4.8382631,
              52.3965532
            ],
            [
              4.8383028,
              52.396536
            ],
            [
              4.8388066,
              52.3963727
            ],
            [
              4.838873,
              52.3963512
            ],
            [
              4.8389102,
              52.3963391
            ]
          ]
        ]
      },
      "id": "way/1346509047"
    },
    {
      "type": "Feature",
      "properties": {
        "@id": "way/1346509474",
        "building": "data_center",
        "building:levels": "3",
        "ref:bag": "363100012137995",
        "source": "BAG",
        "source:date": "2014-05-07",
        "start_date": "1978",
        "telecom": "data_center"
      },
      "geometry": {
        "type": "Polygon",
        "coordinates": [
          [
            [
              4.95521,
              52.3000656
            ],
            [
              4.9554213,
              52.300138
            ],
            [
              4.955682,
              52.3002283
            ],
            [
              4.9556305,
              52.3002845
            ],
            [
              4.9557612,
              52.3003295
            ],
            [
              4.9555479,
              52.3005622
            ],
            [
              4.9552776,
              52.3004694
            ],
            [
              4.9549422,
              52.3003542
            ],
            [
              4.9549606,
              52.300334
            ],
            [
              4.9549663,
              52.3003277
            ],
            [
              4.9549094,
              52.3003082
            ],
            [
              4.9551486,
              52.300045
            ],
            [
              4.95521,
              52.3000656
            ]
          ]
        ]
      },
      "id": "way/1346509474"
    },
    {
      "type": "Feature",
      "properties": {
        "@id": "way/1425764020",
        "building:levels": "6",
        "building:part": "yes",
        "man_made": "tower",
        "material": "masonry",
        "roof:shape": "pyramidal",
        "tower:construction": "freestanding",
        "tower:type": "bell_tower"
      },
      "geometry": {
        "type": "Polygon",
        "coordinates": [
          [
            [
              4.8899307,
              52.3693132
            ],
            [
              4.8899171,
              52.3693454
            ],
            [
              4.8898777,
              52.3693392
            ],
            [
              4.8898685,
              52.3693377
            ],
            [
              4.8898821,
              52.3693055
            ],
            [
              4.8899307,
              52.3693132
            ]
          ]
        ]
      },
      "id": "way/1425764020"
    },
    {
      "type": "Feature",
      "properties": {
        "@id": "node/289244686",
        "description": "Communication tower Airtraffic Control Netherlands, Lucht Verkeersleiding Nederland",
        "man_made": "tower",
        "operator": "LVN",
        "tower:type": "communication"
      },
      "geometry": {
        "type": "Point",
        "coordinates": [
          4.8084362,
          52.3341197
        ]
      },
      "id": "node/289244686"
    },
    {
      "type": "Feature",
      "properties": {
        "@id": "node/295842462",
        "addr:city": "Amsterdam",
        "addr:country": "NL",
        "addr:street": "Burgerweeshuispad",
        "man_made": "tower",
        "name": "Tripolis 300",
        "note": "From May 2010: Stadsdeelkantoor Zuid (temporary secondary location) (tijdelijke nevenvestiging)."
      },
      "geometry": {
        "type": "Point",
        "coordinates": [
          4.855708,
          52.3391569
        ]
      },
      "id": "node/295842462"
    },
    {
      "type": "Feature",
      "properties": {
        "@id": "node/432862174",
        "addr:city": "Amsterdam",
        "addr:housenumber": "457",
        "addr:postcode": "1012WP",
        "addr:street": "Singel",
        "amenity": "cafe",
        "level": "3",
        "man_made": "tower",
        "name": "Blue Amsterdam",
        "opening_hours": "Mo-We,Fr-Sa 10:00-18:30; Th 10:00-20:00; Su 11:00-18:30",
        "phone": "+31 20 427 3901",
        "website": "https://www.blue-amsterdam.nl",
        "wheelchair": "yes"
      },
      "geometry": {
        "type": "Point",
        "coordinates": [
          4.8915534,
          52.3673568
        ]
      },
      "id": "node/432862174"
    },
    {
      "type": "Feature",
      "properties": {
        "@id": "node/599587763",
        "height": "25",
        "man_made": "tower",
        "technology": "UMTS",
        "tower:type": "communication"
      },
      "geometry": {
        "type": "Point",
        "coordinates": [
          5.0139123,
          52.308904
        ]
      },
      "id": "node/599587763"
    },
    {
      "type": "Feature",
      "properties": {
        "@id": "node/599587766",
        "height": "31",
        "man_made": "tower",
        "technology": "GSM 900",
        "tower:type": "communication"
      },
      "geometry": {
        "type": "Point",
        "coordinates": [
          5.013911,
          52.3089049
        ]
      },
      "id": "node/599587766"
    },
    {
      "type": "Feature",
      "properties": {
        "@id": "node/599587767",
        "height": "20",
        "man_made": "tower",
        "technology": "GSM 900",
        "tower:type": "communication"
      },
      "geometry": {
        "type": "Point",
        "coordinates": [
          4.9969758,
          52.3169655
        ]
      },
      "id": "node/599587767"
    },
    {
      "type": "Feature",
      "properties": {
        "@id": "node/599587768",
        "height": "14",
        "man_made": "tower",
        "technology": "GSM 900",
        "tower:type": "communication"
      },
      "geometry": {
        "type": "Point",
        "coordinates": [
          4.9962239,
          52.3157407
        ]
      },
      "id": "node/599587768"
    },
    {
      "type": "Feature",
      "properties": {
        "@id": "node/599587769",
        "height": "16",
        "man_made": "tower",
        "technology": "GSM 900",
        "tower:type": "communication"
      },
      "geometry": {
        "type": "Point",
        "coordinates": [
          4.99039,
          52.2957055
        ]
      },
      "id": "node/599587769"
    },
    {
      "type": "Feature",
      "properties": {
        "@id": "node/599587773",
        "height": "22",
        "man_made": "tower",
        "technology": "UMTS",
        "tower:type": "communication"
      },
      "geometry": {
        "type": "Point",
        "coordinates": [
          4.9856814,
          52.2976669
        ]
      },
      "id": "node/599587773"
    },
    {
      "type": "Feature",
      "properties": {
        "@id": "node/599587774",
        "height": "21",
        "man_made": "tower",
        "technology": "GSM 900",
        "tower:type": "communication"
      },
      "geometry": {
        "type": "Point",
        "coordinates": [
          4.9856814,
          52.2976669
        ]
      },
      "id": "node/599587774"
    },
    {
      "type": "Feature",
      "properties": {
        "@id": "node/599587776",
        "height": "21",
        "man_made": "tower",
        "technology": "GSM 1800",
        "tower:type": "communication"
      },
      "geometry": {
        "type": "Point",
        "coordinates": [
          4.9856814,
          52.2976669
        ]
      },
      "id": "node/599587776"
    },
    {
      "type": "Feature",
      "properties": {
        "@id": "node/599587777",
        "height": "35",
        "man_made": "tower",
        "technology": "UMTS",
        "tower:type": "communication"
      },
      "geometry": {
        "type": "Point",
        "coordinates": [
          4.9834428,
          52.3104521
        ]
      },
      "id": "node/599587777"
    },
    {
      "type": "Feature",
      "properties": {
        "@id": "node/599587778",
        "height": "32",
        "man_made": "tower",
        "technology": "GSM 900",
        "tower:type": "communication"
      },
      "geometry": {
        "type": "Point",
        "coordinates": [
          4.9832489,
          52.310392
        ]
      },
      "id": "node/599587778"
    },
    {
      "type": "Feature",
      "properties": {
        "@id": "node/599587779",
        "height": "35",
        "man_made": "tower",
        "technology": "GSM 1800",
        "tower:type": "communication"
      },
      "geometry": {
        "type": "Point",
        "coordinates": [
          4.980093,
          52.318814
        ]
      },
      "id": "node/599587779"
    },
    {
      "type": "Feature",
      "properties": {
        "@id": "node/599587780",
        "height": "36",
        "man_made": "tower",
        "technology": "GSM 900",
        "tower:type": "communication"
      },
      "geometry": {
        "type": "Point",
        "coordinates": [
          4.9800056,
          52.3187508
        ]
      },
      "id": "node/599587780"
    },
    {
      "type": "Feature",
      "properties": {
        "@id": "node/599587781",
        "height": "36",
        "man_made": "tower",
        "technology": "GSM 1800",
        "tower:type": "communication"
      },
      "geometry": {
        "type": "Point",
        "coordinates": [
          4.9800056,
          52.3187508
        ]
      },
      "id": "node/599587781"
    },
    {
      "type": "Feature",
      "properties": {
        "@id": "node/599587782",
        "height": "30",
        "man_made": "tower",
        "technology": "UMTS",
        "tower:type": "communication"
      },
      "geometry": {
        "type": "Point",
        "coordinates": [
          4.9789767,
          52.309418
        ]
      },
      "id": "node/599587782"
    },
    {
      "type": "Feature",
      "properties": {
        "@id": "node/599587783",
        "height": "32",
        "man_made": "tower",
        "technology": "GSM 900",
        "tower:type": "communication"
      },
      "geometry": {
        "type": "Point",
        "coordinates": [
          4.9789767,
          52.309418
        ]
      },
      "id": "node/599587783"
    },
    {
      "type": "Feature",
      "properties": {
        "@id": "node/599587784",
        "height": "39",
        "man_made": "tower",
        "technology": "UMTS",
        "tower:type": "communication"
      },
      "geometry": {
        "type": "Point",
        "coordinates": [
          4.9783775,
          52.3187632
        ]
      },
      "id": "node/599587784"
    },
    {
      "type": "Feature",
      "properties": {
        "@id": "node/599587785",
        "height": "36",
        "man_made": "tower",
        "technology": "GSM 900",
        "tower:type": "communication"
      },
      "geometry": {
        "type": "Point",
        "coordinates": [
          4.9783775,
          52.3187632
        ]
      },
      "id": "node/599587785"
    },
    {
      "type": "Feature",
      "properties": {
        "@id": "node/599587786",
        "height": "24",
        "man_made": "tower",
        "technology": "UMTS",
        "tower:type": "communication"
      },
      "geometry": {
        "type": "Point",
        "coordinates": [
          4.9764636,
          52.2957478
        ]
      },
      "id": "node/599587786"
    },
    {
      "type": "Feature",
      "properties": {
        "@id": "node/599587792",
        "height": "21",
        "man_made": "tower",
        "technology": "GSM 900",
        "tower:type": "communication"
      },
      "geometry": {
        "type": "Point",
        "coordinates": [
          4.9764636,
          52.2957478
        ]
      },
      "id": "node/599587792"
    },
    {
      "type": "Feature",
      "properties": {
        "@id": "node/599587794",
        "height": "21",
        "man_made": "tower",
        "technology": "GSM 1800",
        "tower:type": "communication"
      },
      "geometry": {
        "type": "Point",
        "coordinates": [
          4.9764636,
          52.2957478
        ]
      },
      "id": "node/599587794"
    },
    {
      "type": "Feature",
      "properties": {
        "@id": "node/599587799",
        "height": "23",
        "man_made": "tower",
        "technology": "UMTS",
        "tower:type": "communication"
      },
      "geometry": {
        "type": "Point",
        "coordinates": [
          4.9764291,
          52.2963049
        ]
      },
      "id": "node/599587799"
    },
    {
      "type": "Feature",
      "properties": {
        "@id": "node/599587800",
        "height": "23",
        "man_made": "tower",
        "technology": "GSM 900",
        "tower:type": "communication"
      },
      "geometry": {
        "type": "Point",
        "coordinates": [
          4.9764291,
          52.2963049
        ]
      },
      "id": "node/599587800"
    },
    {
      "type": "Feature",
      "properties": {
        "@id": "node/599587801",
        "height": "23",
        "man_made": "tower",
        "technology": "GSM 1800",
        "tower:type": "communication"
      },
      "geometry": {
        "type": "Point",
        "coordinates": [
          4.9764291,
          52.2963049
        ]
      },
      "id": "node/599587801"
    },
    {
      "type": "Feature",
      "properties": {
        "@id": "node/599587808",
        "height": "24",
        "man_made": "tower",
        "technology": "UMTS",
        "tower:type": "communication"
      },
      "geometry": {
        "type": "Point",
        "coordinates": [
          4.9760297,
          52.2951172
        ]
      },
      "id": "node/599587808"
    },
    {
      "type": "Feature",
      "properties": {
        "@id": "node/599587809",
        "height": "22",
        "man_made": "tower",
        "technology": "GSM 900",
        "tower:type": "communication"
      },
      "geometry": {
        "type": "Point",
        "coordinates": [
          4.9760297,
          52.2951172
        ]
      },
      "id": "node/599587809"
    },
    {
      "type": "Feature",
      "properties": {
        "@id": "node/599587810",
        "height": "22",
        "man_made": "tower",
        "technology": "GSM 1800",
        "tower:type": "communication"
      },
      "geometry": {
        "type": "Point",
        "coordinates": [
          4.9760297,
          52.2951172
        ]
      },
      "id": "node/599587810"
    },
    {
      "type": "Feature",
      "properties": {
        "@id": "node/599587812",
        "height": "34",
        "man_made": "tower",
        "technology": "GSM 900",
        "tower:type": "communication"
      },
      "geometry": {
        "type": "Point",
        "coordinates": [
          4.9754718,
          52.3157871
        ]
      },
      "id": "node/599587812"
    },
    {
      "type": "Feature",
      "properties": {
        "@id": "node/599587890",
        "height": "35",
        "man_made": "tower",
        "technology": "UMTS",
        "tower:type": "communication"
      },
      "geometry": {
        "type": "Point",
        "coordinates": [
          4.9697988,
          52.3203453
        ]
      },
      "id": "node/599587890"
    },
    {
      "type": "Feature",
      "properties": {
        "@id": "node/599587908",
        "height": "36",
        "man_made": "tower",
        "technology": "GSM 900",
        "tower:type": "communication"
      },
      "geometry": {
        "type": "Point",
        "coordinates": [
          4.9697773,
          52.3203739
        ]
      },
      "id": "node/599587908"
    },
    {
      "type": "Feature",
      "properties": {
        "@id": "node/599587922",
        "height": "36",
        "man_made": "tower",
        "technology": "GSM 1800",
        "tower:type": "communication"
      },
      "geometry": {
        "type": "Point",
        "coordinates": [
          4.9697827,
          52.3203509
        ]
      },
      "id": "node/599587922"
    },
    {
      "type": "Feature",
      "properties": {
        "@id": "node/599587941",
        "height": "4",
        "man_made": "tower",
        "technology": "UMTS",
        "tower:type": "communication"
      },
      "geometry": {
        "type": "Point",
        "coordinates": [
          4.9605221,
          52.3072159
        ]
      },
      "id": "node/599587941"
    },
    {
      "type": "Feature",
      "properties": {
        "@id": "node/599587947",
        "height": "29",
        "man_made": "tower",
        "technology": "UMTS",
        "tower:type": "communication"
      },
      "geometry": {
        "type": "Point",
        "coordinates": [
          4.9599711,
          52.2943502
        ]
      },
      "id": "node/599587947"
    },
    {
      "type": "Feature",
      "properties": {
        "@id": "node/599587955",
        "height": "26",
        "man_made": "tower",
        "technology": "GSM 900",
        "tower:type": "communication"
      },
      "geometry": {
        "type": "Point",
        "coordinates": [
          4.9599711,
          52.2943502
        ]
      },
      "id": "node/599587955"
    },
    {
      "type": "Feature",
      "properties": {
        "@id": "node/599587959",
        "height": "39",
        "man_made": "tower",
        "technology": "GSM 1800",
        "tower:type": "communication"
      },
      "geometry": {
        "type": "Point",
        "coordinates": [
          4.9597949,
          52.306573
        ]
      },
      "id": "node/599587959"
    },
    {
      "type": "Feature",
      "properties": {
        "@id": "node/599587960",
        "height": "46",
        "man_made": "tower",
        "technology": "UMTS",
        "tower:type": "communication"
      },
      "geometry": {
        "type": "Point",
        "coordinates": [
          4.9588817,
          52.2948316
        ]
      },
      "id": "node/599587960"
    },
    {
      "type": "Feature",
      "properties": {
        "@id": "node/599587961",
        "height": "32",
        "man_made": "tower",
        "technology": "UMTS",
        "tower:type": "communication"
      },
      "geometry": {
        "type": "Point",
        "coordinates": [
          4.9577056,
          52.3183823
        ]
      },
      "id": "node/599587961"
    },
    {
      "type": "Feature",
      "properties": {
        "@id": "node/599587962",
        "height": "30",
        "man_made": "tower",
        "technology": "GSM 900",
        "tower:type": "communication"
      },
      "geometry": {
        "type": "Point",
        "coordinates": [
          4.9577135,
          52.318376
        ]
      },
      "id": "node/599587962"
    },
    {
      "type": "Feature",
      "properties": {
        "@id": "node/599587963",
        "height": "30",
        "man_made": "tower",
        "technology": "GSM 1800",
        "tower:type": "communication"
      },
      "geometry": {
        "type": "Point",
        "coordinates": [
          4.9577014,
          52.3183753
        ]
      },
      "id": "node/599587963"
    },
    {
      "type": "Feature",
      "properties": {
        "@id": "node/599587966",
        "height": "35",
        "man_made": "tower",
        "technology": "UMTS",
        "tower:type": "communication"
      },
      "geometry": {
        "type": "Point",
        "coordinates": [
          4.9564464,
          52.3116749
        ]
      },
      "id": "node/599587966"
    },
    {
      "type": "Feature",
      "properties": {
        "@id": "node/599587967",
        "height": "38",
        "man_made": "tower",
        "technology": "UMTS",
        "tower:type": "communication"
      },
      "geometry": {
        "type": "Point",
        "coordinates": [
          4.9565117,
          52.3049343
        ]
      },
      "id": "node/599587967"
    },
    {
      "type": "Feature",
      "properties": {
        "@id": "node/599587968",
        "height": "34",
        "man_made": "tower",
        "technology": "GSM 900",
        "tower:type": "communication"
      },
      "geometry": {
        "type": "Point",
        "coordinates": [
          4.9565117,
          52.3049343
        ]
      },
      "id": "node/599587968"
    },
    {
      "type": "Feature",
      "properties": {
        "@id": "node/599587969",
        "height": "34",
        "man_made": "tower",
        "technology": "GSM 1800",
        "tower:type": "communication"
      },
      "geometry": {
        "type": "Point",
        "coordinates": [
          4.9565117,
          52.3049343
        ]
      },
      "id": "node/599587969"
    },
    {
      "type": "Feature",
      "properties": {
        "@id": "node/599587970",
        "height": "24",
        "man_made": "tower",
        "technology": "GSM 900",
        "tower:type": "communication"
      },
      "geometry": {
        "type": "Point",
        "coordinates": [
          4.9562498,
          52.294148
        ]
      },
      "id": "node/599587970"
    },
    {
      "type": "Feature",
      "properties": {
        "@id": "node/599587971",
        "height": "26",
        "man_made": "tower",
        "technology": "GSM 1800",
        "tower:type": "communication"
      },
      "geometry": {
        "type": "Point",
        "coordinates": [
          4.9520866,
          52.3147119
        ]
      },
      "id": "node/599587971"
    },
    {
      "type": "Feature",
      "properties": {
        "@id": "node/599587972",
        "height": "35",
        "man_made": "tower",
        "technology": "GSM 1800",
        "tower:type": "communication"
      },
      "geometry": {
        "type": "Point",
        "coordinates": [
          4.9504133,
          52.3208266
        ]
      },
      "id": "node/599587972"
    },
    {
      "type": "Feature",
      "properties": {
        "@id": "node/599587974",
        "height": "34",
        "man_made": "tower",
        "technology": "UMTS",
        "tower:type": "communication"
      },
      "geometry": {
        "type": "Point",
        "coordinates": [
          4.9505765,
          52.3046429
        ]
      },
      "id": "node/599587974"
    },
    {
      "type": "Feature",
      "properties": {
        "@id": "node/599587975",
        "height": "40",
        "man_made": "tower",
        "technology": "UMTS",
        "tower:type": "communication"
      },
      "geometry": {
        "type": "Point",
        "coordinates": [
          4.9463586,
          52.3012119
        ]
      },
      "id": "node/599587975"
    },
    {
      "type": "Feature",
      "properties": {
        "@id": "node/599587976",
        "height": "37",
        "man_made": "tower",
        "technology": "GSM 900",
        "tower:type": "communication"
      },
      "geometry": {
        "type": "Point",
        "coordinates": [
          4.9463586,
          52.3012119
        ]
      },
      "id": "node/599587976"
    },
    {
      "type": "Feature",
      "properties": {
        "@id": "node/599587977",
        "height": "37",
        "man_made": "tower",
        "technology": "GSM 1800",
        "technology_1": "UMTS",
        "technology_2": "GSM 900",
        "technology_3": "LTE",
        "tower:type": "communication"
      },
      "geometry": {
        "type": "Point",
        "coordinates": [
          4.9463586,
          52.3012119
        ]
      },
      "id": "node/599587977"
    },
    {
      "type": "Feature",
      "properties": {
        "@id": "node/599587978",
        "height": "18",
        "man_made": "tower",
        "technology": "GSM 900",
        "tower:type": "communication"
      },
      "geometry": {
        "type": "Point",
        "coordinates": [
          4.9454781,
          52.3247045
        ]
      },
      "id": "node/599587978"
    },
    {
      "type": "Feature",
      "properties": {
        "@id": "node/599587979",
        "height": "18",
        "man_made": "tower",
        "technology": "GSM 1800",
        "tower:type": "communication"
      },
      "geometry": {
        "type": "Point",
        "coordinates": [
          4.9454507,
          52.3247026
        ]
      },
      "id": "node/599587979"
    },
    {
      "type": "Feature",
      "properties": {
        "@id": "node/599587980",
        "height": "32",
        "man_made": "tower",
        "technology": "GSM 1800",
        "tower:type": "communication"
      },
      "geometry": {
        "type": "Point",
        "coordinates": [
          4.9451178,
          52.308038
        ]
      },
      "id": "node/599587980"
    },
    {
      "type": "Feature",
      "properties": {
        "@id": "node/599587981",
        "height": "23",
        "man_made": "tower",
        "technology": "GSM 900",
        "tower:type": "communication"
      },
      "geometry": {
        "type": "Point",
        "coordinates": [
          4.9452161,
          52.2981518
        ]
      },
      "id": "node/599587981"
    },
    {
      "type": "Feature",
      "properties": {
        "@id": "node/599587982",
        "height": "23",
        "man_made": "tower",
        "technology": "GSM 1800",
        "tower:type": "communication"
      },
      "geometry": {
        "type": "Point",
        "coordinates": [
          4.945207,
          52.2981511
        ]
      },
      "id": "node/599587982"
    },
    {
      "type": "Feature",
      "properties": {
        "@id": "node/599587983",
        "height": "18",
        "man_made": "tower",
        "technology": "UMTS",
        "tower:type": "communication"
      },
      "geometry": {
        "type": "Point",
        "coordinates": [
          4.9436775,
          52.3245341
        ]
      },
      "id": "node/599587983"
    },
    {
      "type": "Feature",
      "properties": {
        "@id": "node/599587986",
        "height": "33",
        "man_made": "tower",
        "technology": "GSM 900",
        "tower:type": "communication"
      },
      "geometry": {
        "type": "Point",
        "coordinates": [
          4.9430047,
          52.2994018
        ]
      },
      "id": "node/599587986"
    },
    {
      "type": "Feature",
      "properties": {
        "@id": "node/599587987",
        "height": "33",
        "man_made": "tower",
        "technology": "GSM 1800",
        "tower:type": "communication"
      },
      "geometry": {
        "type": "Point",
        "coordinates": [
          4.9430047,
          52.2994018
        ]
      },
      "id": "node/599587987"
    },
    {
      "type": "Feature",
      "properties": {
        "@id": "node/599588082",
        "height": "23",
        "man_made": "tower",
        "technology": "GSM 1800",
        "tower:type": "communication"
      },
      "geometry": {
        "type": "Point",
        "coordinates": [
          4.9393772,
          52.3000352
        ]
      },
      "id": "node/599588082"
    },
    {
      "type": "Feature",
      "properties": {
        "@id": "node/599588084",
        "height": "17",
        "man_made": "tower",
        "technology": "UMTS",
        "tower:type": "communication"
      },
      "geometry": {
        "type": "Point",
        "coordinates": [
          4.9376164,
          52.3045404
        ]
      },
      "id": "node/599588084"
    },
    {
      "type": "Feature",
      "properties": {
        "@id": "node/599588085",
        "height": "17",
        "man_made": "tower",
        "technology": "UMTS",
        "tower:type": "communication"
      },
      "geometry": {
        "type": "Point",
        "coordinates": [
          4.9358097,
          52.3079201
        ]
      },
      "id": "node/599588085"
    },
    {
      "type": "Feature",
      "properties": {
        "@id": "node/599588086",
        "height": "21",
        "man_made": "tower",
        "technology": "UMTS",
        "tower:type": "communication"
      },
      "geometry": {
        "type": "Point",
        "coordinates": [
          4.9358375,
          52.3021249
        ]
      },
      "id": "node/599588086"
    },
    {
      "type": "Feature",
      "properties": {
        "@id": "node/599588087",
        "height": "16",
        "man_made": "tower",
        "technology": "GSM 900",
        "tower:type": "communication"
      },
      "geometry": {
        "type": "Point",
        "coordinates": [
          4.9358375,
          52.3021249
        ]
      },
      "id": "node/599588087"
    },
    {
      "type": "Feature",
      "properties": {
        "@id": "node/599588088",
        "height": "21",
        "man_made": "tower",
        "technology": "GSM 1800",
        "tower:type": "communication"
      },
      "geometry": {
        "type": "Point",
        "coordinates": [
          4.9358375,
          52.3021249
        ]
      },
      "id": "node/599588088"
    },
    {
      "type": "Feature",
      "properties": {
        "@id": "node/599588092",
        "height": "24",
        "man_made": "tower",
        "technology": "UMTS",
        "tower:type": "communication"
      },
      "geometry": {
        "type": "Point",
        "coordinates": [
          4.9315375,
          52.3096941
        ]
      },
      "id": "node/599588092"
    },
    {
      "type": "Feature",
      "properties": {
        "@id": "node/599588093",
        "height": "23",
        "man_made": "tower",
        "technology": "GSM 900",
        "tower:type": "communication"
      },
      "geometry": {
        "type": "Point",
        "coordinates": [
          4.9315375,
          52.3096941
        ]
      },
      "id": "node/599588093"
    },
    {
      "type": "Feature",
      "properties": {
        "@id": "node/599588094",
        "height": "23",
        "man_made": "tower",
        "technology": "GSM 1800",
        "tower:type": "communication"
      },
      "geometry": {
        "type": "Point",
        "coordinates": [
          4.9315375,
          52.3096941
        ]
      },
      "id": "node/599588094"
    },
    {
      "type": "Feature",
      "properties": {
        "@id": "node/599588110",
        "height": "44",
        "man_made": "tower",
        "technology": "UMTS",
        "tower:type": "communication"
      },
      "geometry": {
        "type": "Point",
        "coordinates": [
          4.9122458,
          52.3443741
        ]
      },
      "id": "node/599588110"
    },
    {
      "type": "Feature",
      "properties": {
        "@id": "node/599588134",
        "height": "40",
        "man_made": "tower",
        "technology": "GSM 900",
        "tower:type": "communication"
      },
      "geometry": {
        "type": "Point",
        "coordinates": [
          4.9122913,
          52.344376
        ]
      },
      "id": "node/599588134"
    },
    {
      "type": "Feature",
      "properties": {
        "@id": "node/599588135",
        "height": "40",
        "man_made": "tower",
        "technology": "GSM 1800",
        "tower:type": "communication"
      },
      "geometry": {
        "type": "Point",
        "coordinates": [
          4.9122655,
          52.3443741
        ]
      },
      "id": "node/599588135"
    },
    {
      "type": "Feature",
      "properties": {
        "@id": "node/599588136",
        "height": "20",
        "man_made": "tower",
        "technology": "UMTS",
        "tower:type": "communication"
      },
      "geometry": {
        "type": "Point",
        "coordinates": [
          4.9051019,
          52.3477095
        ]
      },
      "id": "node/599588136"
    },
    {
      "type": "Feature",
      "properties": {
        "@id": "node/599588138",
        "height": "18",
        "man_made": "tower",
        "technology": "GSM 900",
        "tower:type": "communication"
      },
      "geometry": {
        "type": "Point",
        "coordinates": [
          4.9050988,
          52.3476859
        ]
      },
      "id": "node/599588138"
    },
    {
      "type": "Feature",
      "properties": {
        "@id": "node/599588139",
        "height": "46",
        "man_made": "tower",
        "technology": "GSM 900",
        "tower:type": "communication"
      },
      "geometry": {
        "type": "Point",
        "coordinates": [
          4.9025194,
          52.3458894
        ]
      },
      "id": "node/599588139"
    },
    {
      "type": "Feature",
      "properties": {
        "@id": "node/599588142",
        "height": "46",
        "man_made": "tower",
        "technology": "GSM 1800",
        "tower:type": "communication"
      },
      "geometry": {
        "type": "Point",
        "coordinates": [
          4.9025444,
          52.3459019
        ]
      },
      "id": "node/599588142"
    },
    {
      "type": "Feature",
      "properties": {
        "@id": "node/599588145",
        "height": "23;24",
        "man_made": "mast",
        "technology": "UMTS;GSM 900",
        "tower:type": "communication"
      },
      "geometry": {
        "type": "Point",
        "coordinates": [
          4.8956428,
          52.340019
        ]
      },
      "id": "node/599588145"
    },
    {
      "type": "Feature",
      "properties": {
        "@id": "node/599588215",
        "height": "34",
        "man_made": "tower",
        "technology": "UMTS",
        "tower:type": "communication"
      },
      "geometry": {
        "type": "Point",
        "coordinates": [
          4.8820016,
          52.3266596
        ]
      },
      "id": "node/599588215"
    },
    {
      "type": "Feature",
      "properties": {
        "@id": "node/599588216",
        "height": "31",
        "man_made": "tower",
        "technology": "GSM 900",
        "tower:type": "communication"
      },
      "geometry": {
        "type": "Point",
        "coordinates": [
          4.8820016,
          52.3266596
        ]
      },
      "id": "node/599588216"
    },
    {
      "type": "Feature",
      "properties": {
        "@id": "node/599588219",
        "height": "40",
        "man_made": "tower",
        "technology": "GSM 900",
        "tower:type": "communication"
      },
      "geometry": {
        "type": "Point",
        "coordinates": [
          4.8726024,
          52.3402626
        ]
      },
      "id": "node/599588219"
    },
    {
      "type": "Feature",
      "properties": {
        "@id": "node/599588221",
        "height": "30",
        "man_made": "tower",
        "technology": "UMTS",
        "tower:type": "communication"
      },
      "geometry": {
        "type": "Point",
        "coordinates": [
          4.8694065,
          52.3274231
        ]
      },
      "id": "node/599588221"
    },
    {
      "type": "Feature",
      "properties": {
        "@id": "node/599588222",
        "height": "27",
        "man_made": "tower",
        "technology": "GSM 900",
        "tower:type": "communication"
      },
      "geometry": {
        "type": "Point",
        "coordinates": [
          4.8694065,
          52.3274231
        ]
      },
      "id": "node/599588222"
    },
    {
      "type": "Feature",
      "properties": {
        "@id": "node/599588223",
        "height": "39",
        "man_made": "tower",
        "technology": "UMTS",
        "tower:type": "communication"
      },
      "geometry": {
        "type": "Point",
        "coordinates": [
          4.8687477,
          52.3431914
        ]
      },
      "id": "node/599588223"
    },
    {
      "type": "Feature",
      "properties": {
        "@id": "node/599588224",
        "height": "36",
        "man_made": "tower",
        "technology": "GSM 900",
        "tower:type": "communication"
      },
      "geometry": {
        "type": "Point",
        "coordinates": [
          4.8687536,
          52.3431399
        ]
      },
      "id": "node/599588224"
    },
    {
      "type": "Feature",
      "properties": {
        "@id": "node/599588225",
        "height": "39",
        "man_made": "tower",
        "technology": "GSM 900",
        "tower:type": "communication"
      },
      "geometry": {
        "type": "Point",
        "coordinates": [
          4.8580454,
          52.324308
        ]
      },
      "id": "node/599588225"
    },
    {
      "type": "Feature",
      "properties": {
        "@id": "node/599588227",
        "height": "15",
        "man_made": "tower",
        "technology": "UMTS",
        "tower:type": "communication"
      },
      "geometry": {
        "type": "Point",
        "coordinates": [
          4.9737045,
          52.3717295
        ]
      },
      "id": "node/599588227"
    },
    {
      "type": "Feature",
      "properties": {
        "@id": "node/599588230",
        "height": "22",
        "man_made": "tower",
        "technology": "UMTS",
        "tower:type": "communication"
      },
      "geometry": {
        "type": "Point",
        "coordinates": [
          4.9387195,
          52.3608619
        ]
      },
      "id": "node/599588230"
    },
    {
      "type": "Feature",
      "properties": {
        "@id": "node/599588231",
        "height": "24",
        "man_made": "tower",
        "technology": "UMTS",
        "tower:type": "communication"
      },
      "geometry": {
        "type": "Point",
        "coordinates": [
          4.9347832,
          52.3688324
        ]
      },
      "id": "node/599588231"
    },
    {
      "type": "Feature",
      "properties": {
        "@id": "node/599588232",
        "height": "26",
        "man_made": "tower",
        "technology": "GSM 900",
        "tower:type": "communication"
      },
      "geometry": {
        "type": "Point",
        "coordinates": [
          4.9348094,
          52.3688341
        ]
      },
      "id": "node/599588232"
    },
    {
      "type": "Feature",
      "properties": {
        "@id": "node/599588233",
        "height": "26",
        "man_made": "tower",
        "technology": "GSM 1800",
        "tower:type": "communication"
      },
      "geometry": {
        "type": "Point",
        "coordinates": [
          4.9347859,
          52.3688082
        ]
      },
      "id": "node/599588233"
    },
    {
      "type": "Feature",
      "properties": {
        "@id": "node/599588254",
        "height": "30",
        "man_made": "tower",
        "technology": "UMTS",
        "tower:type": "communication"
      },
      "geometry": {
        "type": "Point",
        "coordinates": [
          4.8118281,
          52.3987807
        ]
      },
      "id": "node/599588254"
    },
    {
      "type": "Feature",
      "properties": {
        "@id": "node/599588255",
        "height": "31",
        "man_made": "tower",
        "technology": "GSM 900",
        "tower:type": "communication"
      },
      "geometry": {
        "type": "Point",
        "coordinates": [
          4.8118281,
          52.3987807
        ]
      },
      "id": "node/599588255"
    },
    {
      "type": "Feature",
      "properties": {
        "@id": "node/599588256",
        "height": "35",
        "man_made": "tower",
        "technology": "UMTS",
        "tower:type": "communication"
      },
      "geometry": {
        "type": "Point",
        "coordinates": [
          4.7890918,
          52.4068469
        ]
      },
      "id": "node/599588256"
    },
    {
      "type": "Feature",
      "properties": {
        "@id": "node/599588257",
        "height": "37",
        "man_made": "tower",
        "technology": "GSM 900",
        "tower:type": "communication"
      },
      "geometry": {
        "type": "Point",
        "coordinates": [
          4.7890918,
          52.4068469
        ]
      },
      "id": "node/599588257"
    },
    {
      "type": "Feature",
      "properties": {
        "@id": "node/599588261",
        "height": "27",
        "man_made": "tower",
        "technology": "GSM 900",
        "tower:type": "communication"
      },
      "geometry": {
        "type": "Point",
        "coordinates": [
          4.880458,
          52.3848038
        ]
      },
      "id": "node/599588261"
    },
    {
      "type": "Feature",
      "properties": {
        "@id": "node/599588262",
        "height": "37",
        "man_made": "tower",
        "technology": "UMTS",
        "tower:type": "communication"
      },
      "geometry": {
        "type": "Point",
        "coordinates": [
          4.8725153,
          52.3730855
        ]
      },
      "id": "node/599588262"
    },
    {
      "type": "Feature",
      "properties": {
        "@id": "node/599588263",
        "height": "36",
        "man_made": "tower",
        "technology": "GSM 900",
        "tower:type": "communication"
      },
      "geometry": {
        "type": "Point",
        "coordinates": [
          4.8725158,
          52.3730845
        ]
      },
      "id": "node/599588263"
    },
    {
      "type": "Feature",
      "properties": {
        "@id": "node/599588266",
        "height": "26",
        "man_made": "tower",
        "technology": "GSM 900, UMTS",
        "tower:type": "communication"
      },
      "geometry": {
        "type": "Point",
        "coordinates": [
          4.872018,
          52.3790162
        ]
      },
      "id": "node/599588266"
    },
    {
      "type": "Feature",
      "properties": {
        "@id": "node/599588267",
        "height": "31",
        "man_made": "tower",
        "technology": "UMTS",
        "tower:type": "communication"
      },
      "geometry": {
        "type": "Point",
        "coordinates": [
          4.864801,
          52.3804828
        ]
      },
      "id": "node/599588267"
    },
    {
      "type": "Feature",
      "properties": {
        "@id": "node/599588268",
        "height": "29",
        "man_made": "tower",
        "technology": "GSM 900",
        "tower:type": "communication"
      },
      "geometry": {
        "type": "Point",
        "coordinates": [
          4.8647919,
          52.3805115
        ]
      },
      "id": "node/599588268"
    },
    {
      "type": "Feature",
      "properties": {
        "@id": "node/599588271",
        "height": "12",
        "man_made": "tower",
        "technology": "GSM 900",
        "tower:type": "communication"
      },
      "geometry": {
        "type": "Point",
        "coordinates": [
          4.8411885,
          52.3531721
        ]
      },
      "id": "node/599588271"
    },
    {
      "type": "Feature",
      "properties": {
        "@id": "node/599588272",
        "height": "2",
        "man_made": "tower",
        "technology": "GSM 900",
        "tower:type": "communication"
      },
      "geometry": {
        "type": "Point",
        "coordinates": [
          4.8403825,
          52.3566467
        ]
      },
      "id": "node/599588272"
    },
    {
      "type": "Feature",
      "properties": {
        "@id": "node/599588273",
        "height": "27",
        "man_made": "tower",
        "technology": "UMTS",
        "tower:type": "communication"
      },
      "geometry": {
        "type": "Point",
        "coordinates": [
          4.8392106,
          52.3588253
        ]
      },
      "id": "node/599588273"
    },
    {
      "type": "Feature",
      "properties": {
        "@id": "node/599588277",
        "height": "27",
        "man_made": "tower",
        "technology": "GSM 900",
        "tower:type": "communication"
      },
      "geometry": {
        "type": "Point",
        "coordinates": [
          4.839214,
          52.3588253
        ]
      },
      "id": "node/599588277"
    },
    {
      "type": "Feature",
      "properties": {
        "@id": "node/599588279",
        "height": "26",
        "man_made": "tower",
        "technology": "UMTS",
        "tower:type": "communication"
      },
      "geometry": {
        "type": "Point",
        "coordinates": [
          4.8375297,
          52.3511678
        ]
      },
      "id": "node/599588279"
    },
    {
      "type": "Feature",
      "properties": {
        "@id": "node/599588301",
        "height": "26",
        "man_made": "tower",
        "technology": "GSM 900",
        "tower:type": "communication"
      },
      "geometry": {
        "type": "Point",
        "coordinates": [
          4.8375437,
          52.3511779
        ]
      },
      "id": "node/599588301"
    },
    {
      "type": "Feature",
      "properties": {
        "@id": "node/599588333",
        "height": "26",
        "man_made": "tower",
        "technology": "UMTS",
        "tower:type": "communication"
      },
      "geometry": {
        "type": "Point",
        "coordinates": [
          4.8279428,
          52.3559864
        ]
      },
      "id": "node/599588333"
    },
    {
      "type": "Feature",
      "properties": {
        "@id": "node/599588334",
        "height": "25",
        "man_made": "tower",
        "technology": "GSM 900",
        "tower:type": "communication"
      },
      "geometry": {
        "type": "Point",
        "coordinates": [
          4.8279442,
          52.3559374
        ]
      },
      "id": "node/599588334"
    },
    {
      "type": "Feature",
      "properties": {
        "@id": "node/599588336",
        "height": "48",
        "man_made": "tower",
        "technology": "UMTS",
        "tower:type": "communication"
      },
      "geometry": {
        "type": "Point",
        "coordinates": [
          4.8258125,
          52.3480131
        ]
      },
      "id": "node/599588336"
    },
    {
      "type": "Feature",
      "properties": {
        "@id": "node/599588337",
        "height": "37",
        "man_made": "tower",
        "technology": "GSM 900",
        "tower:type": "communication"
      },
      "geometry": {
        "type": "Point",
        "coordinates": [
          4.8258221,
          52.3480275
        ]
      },
      "id": "node/599588337"
    },
    {
      "type": "Feature",
      "properties": {
        "@id": "node/599588340",
        "height": "29",
        "man_made": "tower",
        "technology": "GSM 900",
        "tower:type": "communication"
      },
      "geometry": {
        "type": "Point",
        "coordinates": [
          4.809241,
          52.3380108
        ]
      },
      "id": "node/599588340"
    },
    {
      "type": "Feature",
      "properties": {
        "@id": "node/599588343",
        "height": "19",
        "man_made": "tower",
        "technology": "UMTS",
        "tower:type": "communication"
      },
      "geometry": {
        "type": "Point",
        "coordinates": [
          4.90265,
          52.3513994
        ]
      },
      "id": "node/599588343"
    },
    {
      "type": "Feature",
      "properties": {
        "@id": "node/599588344",
        "height": "23",
        "man_made": "mast",
        "technology": "GSM 900",
        "tower:type": "communication"
      },
      "geometry": {
        "type": "Point",
        "coordinates": [
          4.8942095,
          52.3501692
        ]
      },
      "id": "node/599588344"
    },
    {
      "type": "Feature",
      "properties": {
        "@id": "node/599588345",
        "height": "29",
        "man_made": "tower",
        "technology": "GSM 900",
        "tower:type": "communication"
      },
      "geometry": {
        "type": "Point",
        "coordinates": [
          4.8923642,
          52.3577112
        ]
      },
      "id": "node/599588345"
    },
    {
      "type": "Feature",
      "properties": {
        "@id": "node/599588347",
        "height": "23",
        "man_made": "mast",
        "technology": "UMTS",
        "tower:type": "communication"
      },
      "geometry": {
        "type": "Point",
        "coordinates": [
          4.8918698,
          52.3493955
        ]
      },
      "id": "node/599588347"
    },
    {
      "type": "Feature",
      "properties": {
        "@id": "node/599588351",
        "height": "25",
        "man_made": "mast",
        "technology": "UMTS",
        "tower:type": "communication"
      },
      "geometry": {
        "type": "Point",
        "coordinates": [
          4.8849669,
          52.3484205
        ]
      },
      "id": "node/599588351"
    },
    {
      "type": "Feature",
      "properties": {
        "@id": "node/599588352",
        "height": "28",
        "man_made": "mast",
        "technology": "GSM 900",
        "tower:type": "communication"
      },
      "geometry": {
        "type": "Point",
        "coordinates": [
          4.8849828,
          52.3484228
        ]
      },
      "id": "node/599588352"
    },
    {
      "type": "Feature",
      "properties": {
        "@id": "node/599588353",
        "height": "25",
        "man_made": "mast",
        "technology": "GSM 1800",
        "tower:type": "communication"
      },
      "geometry": {
        "type": "Point",
        "coordinates": [
          4.8849643,
          52.348431
        ]
      },
      "id": "node/599588353"
    },
    {
      "type": "Feature",
      "properties": {
        "@id": "node/599588354",
        "height": "22",
        "man_made": "tower",
        "technology": "UMTS",
        "tower:type": "communication"
      },
      "geometry": {
        "type": "Point",
        "coordinates": [
          4.8837062,
          52.35745
        ]
      },
      "id": "node/599588354"
    },
    {
      "type": "Feature",
      "properties": {
        "@id": "node/599588357",
        "height": "22",
        "man_made": "tower",
        "technology": "GSM 1800",
        "tower:type": "communication"
      },
      "geometry": {
        "type": "Point",
        "coordinates": [
          4.8837267,
          52.3574495
        ]
      },
      "id": "node/599588357"
    },
    {
      "type": "Feature",
      "properties": {
        "@id": "node/599588360",
        "height": "22",
        "man_made": "tower",
        "technology": "UMTS",
        "tower:type": "communication"
      },
      "geometry": {
        "type": "Point",
        "coordinates": [
          4.8775523,
          52.3568407
        ]
      },
      "id": "node/599588360"
    },
    {
      "type": "Feature",
      "properties": {
        "@id": "node/599588361",
        "height": "21",
        "man_made": "tower",
        "technology": "GSM 900",
        "tower:type": "communication"
      },
      "geometry": {
        "type": "Point",
        "coordinates": [
          4.8775479,
          52.3568395
        ]
      },
      "id": "node/599588361"
    },
    {
      "type": "Feature",
      "properties": {
        "@id": "node/599588362",
        "height": "24",
        "man_made": "tower",
        "technology": "UMTS",
        "tower:type": "communication"
      },
      "geometry": {
        "type": "Point",
        "coordinates": [
          4.8710576,
          52.3469248
        ]
      },
      "id": "node/599588362"
    },
    {
      "type": "Feature",
      "properties": {
        "@id": "node/599588369",
        "height": "24",
        "man_made": "tower",
        "technology": "GSM 900",
        "tower:type": "communication"
      },
      "geometry": {
        "type": "Point",
        "coordinates": [
          4.8710576,
          52.3469248
        ]
      },
      "id": "node/599588369"
    },
    {
      "type": "Feature",
      "properties": {
        "@id": "node/599588398",
        "height": "22",
        "man_made": "mast",
        "technology": "UMTS",
        "tower:type": "communication"
      },
      "geometry": {
        "type": "Point",
        "coordinates": [
          4.8705818,
          52.3499786
        ]
      },
      "id": "node/599588398"
    },
    {
      "type": "Feature",
      "properties": {
        "@id": "node/599588428",
        "height": "22",
        "man_made": "mast",
        "technology": "GSM 900",
        "tower:type": "communication"
      },
      "geometry": {
        "type": "Point",
        "coordinates": [
          4.8705628,
          52.3499675
        ]
      },
      "id": "node/599588428"
    },
    {
      "type": "Feature",
      "properties": {
        "@id": "node/599588440",
        "height": "21",
        "man_made": "tower",
        "technology": "GSM 900",
        "tower:type": "communication"
      },
      "geometry": {
        "type": "Point",
        "coordinates": [
          4.8665244,
          52.3542839
        ]
      },
      "id": "node/599588440"
    },
    {
      "type": "Feature",
      "properties": {
        "@id": "node/599588458",
        "height": "24",
        "man_made": "tower",
        "technology": "UMTS",
        "tower:type": "communication"
      },
      "geometry": {
        "type": "Point",
        "coordinates": [
          4.8588925,
          52.3505202
        ]
      },
      "id": "node/599588458"
    },
    {
      "type": "Feature",
      "properties": {
        "@id": "node/599588463",
        "height": "27",
        "man_made": "tower",
        "technology": "GSM 900",
        "tower:type": "communication"
      },
      "geometry": {
        "type": "Point",
        "coordinates": [
          4.855094,
          52.3441578
        ]
      },
      "id": "node/599588463"
    },
    {
      "type": "Feature",
      "properties": {
        "@id": "node/599588464",
        "height": "26",
        "man_made": "tower",
        "technology": "UMTS",
        "tower:type": "communication"
      },
      "geometry": {
        "type": "Point",
        "coordinates": [
          4.8545086,
          52.356095
        ]
      },
      "id": "node/599588464"
    },
    {
      "type": "Feature",
      "properties": {
        "@id": "node/599588465",
        "height": "26",
        "man_made": "tower",
        "technology": "GSM 900",
        "tower:type": "communication"
      },
      "geometry": {
        "type": "Point",
        "coordinates": [
          4.8545105,
          52.3560909
        ]
      },
      "id": "node/599588465"
    },
    {
      "type": "Feature",
      "properties": {
        "@id": "node/599588466",
        "height": "23",
        "man_made": "tower",
        "technology": "GSM 1800",
        "tower:type": "communication"
      },
      "geometry": {
        "type": "Point",
        "coordinates": [
          4.8545166,
          52.3560905
        ]
      },
      "id": "node/599588466"
    },
    {
      "type": "Feature",
      "properties": {
        "@id": "node/599588468",
        "height": "20",
        "man_made": "tower",
        "technology": "UMTS",
        "tower:type": "communication"
      },
      "geometry": {
        "type": "Point",
        "coordinates": [
          4.8514774,
          52.3513282
        ]
      },
      "id": "node/599588468"
    },
    {
      "type": "Feature",
      "properties": {
        "@id": "node/599588469",
        "height": "21",
        "man_made": "tower",
        "technology": "GSM 900",
        "tower:type": "communication"
      },
      "geometry": {
        "type": "Point",
        "coordinates": [
          4.8514854,
          52.3513317
        ]
      },
      "id": "node/599588469"
    },
    {
      "type": "Feature",
      "properties": {
        "@id": "node/599588470",
        "height": "43",
        "man_made": "tower",
        "technology": "UMTS",
        "tower:type": "communication"
      },
      "geometry": {
        "type": "Point",
        "coordinates": [
          4.8805678,
          52.3618384
        ]
      },
      "id": "node/599588470"
    },
    {
      "type": "Feature",
      "properties": {
        "@id": "node/599588471",
        "height": "41",
        "man_made": "tower",
        "technology": "GSM 900",
        "tower:type": "communication"
      },
      "geometry": {
        "type": "Point",
        "coordinates": [
          4.8805734,
          52.3618406
        ]
      },
      "id": "node/599588471"
    },
    {
      "type": "Feature",
      "properties": {
        "@id": "node/599588472",
        "height": "35",
        "man_made": "tower",
        "technology": "GSM 1800",
        "tower:type": "communication"
      },
      "geometry": {
        "type": "Point",
        "coordinates": [
          4.8799801,
          52.3623774
        ]
      },
      "id": "node/599588472"
    },
    {
      "type": "Feature",
      "properties": {
        "@id": "node/599588473",
        "height": "22",
        "man_made": "tower",
        "technology": "GSM 900",
        "tower:type": "communication"
      },
      "geometry": {
        "type": "Point",
        "coordinates": [
          4.8708325,
          52.3661117
        ]
      },
      "id": "node/599588473"
    },
    {
      "type": "Feature",
      "properties": {
        "@id": "node/599588474",
        "height": "27",
        "man_made": "tower",
        "technology": "GSM 900",
        "tower:type": "communication"
      },
      "geometry": {
        "type": "Point",
        "coordinates": [
          4.86851,
          52.3639904
        ]
      },
      "id": "node/599588474"
    },
    {
      "type": "Feature",
      "properties": {
        "@id": "node/599588475",
        "height": "28",
        "man_made": "tower",
        "technology": "UMTS",
        "tower:type": "communication"
      },
      "geometry": {
        "type": "Point",
        "coordinates": [
          4.8656414,
          52.3600505
        ]
      },
      "id": "node/599588475"
    },
    {
      "type": "Feature",
      "properties": {
        "@id": "node/599588476",
        "height": "29",
        "man_made": "tower",
        "technology": "GSM 900",
        "tower:type": "communication"
      },
      "geometry": {
        "type": "Point",
        "coordinates": [
          4.8656347,
          52.3600501
        ]
      },
      "id": "node/599588476"
    },
    {
      "type": "Feature",
      "properties": {
        "@id": "node/599588477",
        "height": "31",
        "man_made": "tower",
        "technology": "UMTS",
        "tower:type": "communication"
      },
      "geometry": {
        "type": "Point",
        "coordinates": [
          4.8092227,
          52.3550889
        ]
      },
      "id": "node/599588477"
    },
    {
      "type": "Feature",
      "properties": {
        "@id": "node/599588478",
        "height": "33",
        "man_made": "tower",
        "technology": "GSM 900",
        "tower:type": "communication"
      },
      "geometry": {
        "type": "Point",
        "coordinates": [
          4.8092388,
          52.3550876
        ]
      },
      "id": "node/599588478"
    },
    {
      "type": "Feature",
      "properties": {
        "@id": "node/599588480",
        "height": "35",
        "man_made": "tower",
        "technology": "UMTS",
        "tower:type": "communication"
      },
      "geometry": {
        "type": "Point",
        "coordinates": [
          4.8030636,
          52.3614386
        ]
      },
      "id": "node/599588480"
    },
    {
      "type": "Feature",
      "properties": {
        "@id": "node/599588481",
        "height": "35",
        "man_made": "tower",
        "technology": "GSM 900",
        "tower:type": "communication"
      },
      "geometry": {
        "type": "Point",
        "coordinates": [
          4.8030871,
          52.3614386
        ]
      },
      "id": "node/599588481"
    },
    {
      "type": "Feature",
      "properties": {
        "@id": "node/599588482",
        "height": "30",
        "man_made": "tower",
        "technology": "UMTS",
        "tower:type": "communication"
      },
      "geometry": {
        "type": "Point",
        "coordinates": [
          4.8012235,
          52.3718194
        ]
      },
      "id": "node/599588482"
    },
    {
      "type": "Feature",
      "properties": {
        "@id": "node/599588483",
        "height": "24",
        "man_made": "tower",
        "technology": "UMTS",
        "tower:type": "communication"
      },
      "geometry": {
        "type": "Point",
        "coordinates": [
          4.7895215,
          52.3531921
        ]
      },
      "id": "node/599588483"
    },
    {
      "type": "Feature",
      "properties": {
        "@id": "node/599588484",
        "height": "22",
        "man_made": "tower",
        "technology": "GSM 900",
        "tower:type": "communication"
      },
      "geometry": {
        "type": "Point",
        "coordinates": [
          4.7895352,
          52.3531907
        ]
      },
      "id": "node/599588484"
    },
    {
      "type": "Feature",
      "properties": {
        "@id": "node/599588485",
        "height": "31",
        "man_made": "tower",
        "technology": "UMTS",
        "tower:type": "communication"
      },
      "geometry": {
        "type": "Point",
        "coordinates": [
          4.788306,
          52.3621919
        ]
      },
      "id": "node/599588485"
    },
    {
      "type": "Feature",
      "properties": {
        "@id": "node/599588486",
        "height": "30",
        "man_made": "tower",
        "technology": "GSM 900",
        "tower:type": "communication"
      },
      "geometry": {
        "type": "Point",
        "coordinates": [
          4.7882696,
          52.3622095
        ]
      },
      "id": "node/599588486"
    },
    {
      "type": "Feature",
      "properties": {
        "@id": "node/599588491",
        "height": "35",
        "man_made": "tower",
        "technology": "GSM 900;UMTS",
        "tower:type": "communication"
      },
      "geometry": {
        "type": "Point",
        "coordinates": [
          4.9642938,
          52.3551882
        ]
      },
      "id": "node/599588491"
    },
    {
      "type": "Feature",
      "properties": {
        "@id": "node/599588493",
        "height": "23",
        "man_made": "tower",
        "technology": "UMTS",
        "tower:type": "communication"
      },
      "geometry": {
        "type": "Point",
        "coordinates": [
          4.9459875,
          52.3484979
        ]
      },
      "id": "node/599588493"
    },
    {
      "type": "Feature",
      "properties": {
        "@id": "node/599588494",
        "height": "20",
        "man_made": "tower",
        "technology": "GSM 900",
        "tower:type": "communication"
      },
      "geometry": {
        "type": "Point",
        "coordinates": [
          4.9459912,
          52.3484933
        ]
      },
      "id": "node/599588494"
    },
    {
      "type": "Feature",
      "properties": {
        "@id": "node/599588499",
        "height": "28",
        "man_made": "tower",
        "technology": "UMTS",
        "tower:type": "communication"
      },
      "geometry": {
        "type": "Point",
        "coordinates": [
          4.9369585,
          52.3361929
        ]
      },
      "id": "node/599588499"
    },
    {
      "type": "Feature",
      "properties": {
        "@id": "node/599588507",
        "height": "21",
        "man_made": "tower",
        "technology": "GSM 900",
        "tower:type": "communication"
      },
      "geometry": {
        "type": "Point",
        "coordinates": [
          4.9366395,
          52.3358231
        ]
      },
      "id": "node/599588507"
    },
    {
      "type": "Feature",
      "properties": {
        "@id": "node/599588513",
        "height": "26",
        "man_made": "tower",
        "technology": "UMTS",
        "tower:type": "communication"
      },
      "geometry": {
        "type": "Point",
        "coordinates": [
          4.9291803,
          52.3605557
        ]
      },
      "id": "node/599588513"
    },
    {
      "type": "Feature",
      "properties": {
        "@id": "node/599588522",
        "height": "26",
        "man_made": "tower",
        "technology": "GSM 1800",
        "tower:type": "communication"
      },
      "geometry": {
        "type": "Point",
        "coordinates": [
          4.9291735,
          52.3605425
        ]
      },
      "id": "node/599588522"
    },
    {
      "type": "Feature",
      "properties": {
        "@id": "node/599588532",
        "height": "21",
        "man_made": "tower",
        "technology": "UMTS",
        "tower:type": "communication"
      },
      "geometry": {
        "type": "Point",
        "coordinates": [
          4.928163,
          52.3524628
        ]
      },
      "id": "node/599588532"
    },
    {
      "type": "Feature",
      "properties": {
        "@id": "node/599588540",
        "height": "20",
        "man_made": "tower",
        "technology": "GSM 900",
        "tower:type": "communication"
      },
      "geometry": {
        "type": "Point",
        "coordinates": [
          4.9281855,
          52.3524726
        ]
      },
      "id": "node/599588540"
    },
    {
      "type": "Feature",
      "properties": {
        "@id": "node/599588548",
        "height": "34",
        "man_made": "tower",
        "technology": "UMTS",
        "tower:type": "communication"
      },
      "geometry": {
        "type": "Point",
        "coordinates": [
          4.9277502,
          52.3570858
        ]
      },
      "id": "node/599588548"
    },
    {
      "type": "Feature",
      "properties": {
        "@id": "node/599588555",
        "height": "35",
        "man_made": "tower",
        "technology": "GSM 900",
        "tower:type": "communication"
      },
      "geometry": {
        "type": "Point",
        "coordinates": [
          4.9277481,
          52.3570899
        ]
      },
      "id": "node/599588555"
    },
    {
      "type": "Feature",
      "properties": {
        "@id": "node/599588564",
        "height": "34",
        "man_made": "tower",
        "technology": "GSM 1800",
        "tower:type": "communication"
      },
      "geometry": {
        "type": "Point",
        "coordinates": [
          4.927757,
          52.3570897
        ]
      },
      "id": "node/599588564"
    },
    {
      "type": "Feature",
      "properties": {
        "@id": "node/599588573",
        "height": "21",
        "man_made": "tower",
        "technology": "GSM 900",
        "tower:type": "communication"
      },
      "geometry": {
        "type": "Point",
        "coordinates": [
          4.9272337,
          52.3642331
        ]
      },
      "id": "node/599588573"
    },
    {
      "type": "Feature",
      "properties": {
        "@id": "node/599588578",
        "height": "19",
        "man_made": "tower",
        "technology": "UMTS",
        "tower:type": "communication"
      },
      "geometry": {
        "type": "Point",
        "coordinates": [
          4.9267661,
          52.3456267
        ]
      },
      "id": "node/599588578"
    },
    {
      "type": "Feature",
      "properties": {
        "@id": "node/599588579",
        "height": "19",
        "man_made": "tower",
        "technology": "GSM 900",
        "tower:type": "communication"
      },
      "geometry": {
        "type": "Point",
        "coordinates": [
          4.9267833,
          52.3456267
        ]
      },
      "id": "node/599588579"
    },
    {
      "type": "Feature",
      "properties": {
        "@id": "node/599588580",
        "height": "21",
        "man_made": "tower",
        "technology": "UMTS",
        "tower:type": "communication"
      },
      "geometry": {
        "type": "Point",
        "coordinates": [
          4.9213559,
          52.3355374
        ]
      },
      "id": "node/599588580"
    },
    {
      "type": "Feature",
      "properties": {
        "@id": "node/599588581",
        "height": "22",
        "man_made": "tower",
        "technology": "GSM 900",
        "tower:type": "communication"
      },
      "geometry": {
        "type": "Point",
        "coordinates": [
          4.9213687,
          52.3355393
        ]
      },
      "id": "node/599588581"
    },
    {
      "type": "Feature",
      "properties": {
        "@id": "node/599588590",
        "height": "22",
        "man_made": "tower",
        "technology": "GSM 1800",
        "tower:type": "communication"
      },
      "geometry": {
        "type": "Point",
        "coordinates": [
          4.9213783,
          52.3355366
        ]
      },
      "id": "node/599588590"
    },
    {
      "type": "Feature",
      "properties": {
        "@id": "node/599588606",
        "height": "26",
        "man_made": "tower",
        "technology": "UMTS",
        "tower:type": "communication"
      },
      "geometry": {
        "type": "Point",
        "coordinates": [
          4.9177361,
          52.3499601
        ]
      },
      "id": "node/599588606"
    },
    {
      "type": "Feature",
      "properties": {
        "@id": "node/599588624",
        "height": "25",
        "man_made": "tower",
        "technology": "GSM 900",
        "tower:type": "communication"
      },
      "geometry": {
        "type": "Point",
        "coordinates": [
          4.9177683,
          52.3499594
        ]
      },
      "id": "node/599588624"
    },
    {
      "type": "Feature",
      "properties": {
        "@id": "node/599588643",
        "height": "10",
        "man_made": "tower",
        "technology": "GSM 900",
        "tower:type": "communication"
      },
      "geometry": {
        "type": "Point",
        "coordinates": [
          4.9175839,
          52.3465793
        ]
      },
      "id": "node/599588643"
    },
    {
      "type": "Feature",
      "properties": {
        "@id": "node/599588661",
        "man_made": "tower",
        "technology": "UMTS",
        "tower:type": "communication"
      },
      "geometry": {
        "type": "Point",
        "coordinates": [
          4.9170453,
          52.3451206
        ]
      },
      "id": "node/599588661"
    },
    {
      "type": "Feature",
      "properties": {
        "@id": "node/599588680",
        "man_made": "tower",
        "technology": "GSM 900",
        "tower:type": "communication"
      },
      "geometry": {
        "type": "Point",
        "coordinates": [
          4.9170751,
          52.3451275
        ]
      },
      "id": "node/599588680"
    },
    {
      "type": "Feature",
      "properties": {
        "@id": "node/599588696",
        "height": "8",
        "man_made": "tower",
        "technology": "GSM 900",
        "tower:type": "communication"
      },
      "geometry": {
        "type": "Point",
        "coordinates": [
          4.9119965,
          52.3544213
        ]
      },
      "id": "node/599588696"
    },
    {
      "type": "Feature",
      "properties": {
        "@id": "node/599588715",
        "height": "39",
        "man_made": "tower",
        "technology": "UMTS",
        "tower:type": "communication"
      },
      "geometry": {
        "type": "Point",
        "coordinates": [
          4.9486586,
          52.3965771
        ]
      },
      "id": "node/599588715"
    },
    {
      "type": "Feature",
      "properties": {
        "@id": "node/599588716",
        "height": "38",
        "man_made": "tower",
        "technology": "GSM 900",
        "tower:type": "communication"
      },
      "geometry": {
        "type": "Point",
        "coordinates": [
          4.9486438,
          52.3965789
        ]
      },
      "id": "node/599588716"
    },
    {
      "type": "Feature",
      "properties": {
        "@id": "node/599588719",
        "height": "35",
        "man_made": "tower",
        "technology": "GSM 900",
        "tower:type": "communication"
      },
      "geometry": {
        "type": "Point",
        "coordinates": [
          4.9470993,
          52.4114489
        ]
      },
      "id": "node/599588719"
    },
    {
      "type": "Feature",
      "properties": {
        "@id": "node/599588729",
        "height": "40",
        "man_made": "tower",
        "technology": "UMTS",
        "tower:type": "communication"
      },
      "geometry": {
        "type": "Point",
        "coordinates": [
          4.9386678,
          52.4041723
        ]
      },
      "id": "node/599588729"
    },
    {
      "type": "Feature",
      "properties": {
        "@id": "node/599588758",
        "height": "39",
        "man_made": "tower",
        "technology": "GSM 900",
        "tower:type": "communication"
      },
      "geometry": {
        "type": "Point",
        "coordinates": [
          4.9386485,
          52.4041821
        ]
      },
      "id": "node/599588758"
    },
    {
      "type": "Feature",
      "properties": {
        "@id": "node/599588776",
        "height": "23",
        "man_made": "tower",
        "technology": "UMTS",
        "tower:type": "communication"
      },
      "geometry": {
        "type": "Point",
        "coordinates": [
          4.9371375,
          52.3865606
        ]
      },
      "id": "node/599588776"
    },
    {
      "type": "Feature",
      "properties": {
        "@id": "node/599588790",
        "height": "25",
        "man_made": "tower",
        "technology": "GSM 900",
        "tower:type": "communication"
      },
      "geometry": {
        "type": "Point",
        "coordinates": [
          4.9371707,
          52.3865754
        ]
      },
      "id": "node/599588790"
    },
    {
      "type": "Feature",
      "properties": {
        "@id": "node/599588807",
        "height": "16",
        "man_made": "tower",
        "technology": "UMTS",
        "tower:type": "communication"
      },
      "geometry": {
        "type": "Point",
        "coordinates": [
          4.928662,
          52.3954519
        ]
      },
      "id": "node/599588807"
    },
    {
      "type": "Feature",
      "properties": {
        "@id": "node/599588821",
        "height": "16",
        "man_made": "tower",
        "technology": "GSM 900",
        "tower:type": "communication"
      },
      "geometry": {
        "type": "Point",
        "coordinates": [
          4.9286288,
          52.3954527
        ]
      },
      "id": "node/599588821"
    },
    {
      "type": "Feature",
      "properties": {
        "@id": "node/599588841",
        "height": "31",
        "man_made": "tower",
        "technology": "UMTS",
        "tower:type": "communication"
      },
      "geometry": {
        "type": "Point",
        "coordinates": [
          4.9194092,
          52.4058807
        ]
      },
      "id": "node/599588841"
    },
    {
      "type": "Feature",
      "properties": {
        "@id": "node/599588854",
        "height": "31",
        "man_made": "tower",
        "technology": "GSM 900",
        "tower:type": "communication"
      },
      "geometry": {
        "type": "Point",
        "coordinates": [
          4.919377,
          52.4058885
        ]
      },
      "id": "node/599588854"
    },
    {
      "type": "Feature",
      "properties": {
        "@id": "node/599588907",
        "height": "36",
        "man_made": "tower",
        "technology": "GSM 900",
        "tower:type": "communication"
      },
      "geometry": {
        "type": "Point",
        "coordinates": [
          4.9132602,
          52.4092692
        ]
      },
      "id": "node/599588907"
    },
    {
      "type": "Feature",
      "properties": {
        "@id": "node/599588924",
        "height": "31",
        "man_made": "tower",
        "technology": "UMTS",
        "tower:type": "communication"
      },
      "geometry": {
        "type": "Point",
        "coordinates": [
          4.9108681,
          52.3923035
        ]
      },
      "id": "node/599588924"
    },
    {
      "type": "Feature",
      "properties": {
        "@id": "node/599588940",
        "height": "35",
        "man_made": "tower",
        "technology": "GSM 900",
        "tower:type": "communication"
      },
      "geometry": {
        "type": "Point",
        "coordinates": [
          4.9108702,
          52.3923448
        ]
      },
      "id": "node/599588940"
    },
    {
      "type": "Feature",
      "properties": {
        "@id": "node/599588959",
        "height": "28",
        "man_made": "tower",
        "technology": "UMTS",
        "tower:type": "communication"
      },
      "geometry": {
        "type": "Point",
        "coordinates": [
          4.9074145,
          52.4048686
        ]
      },
      "id": "node/599588959"
    },
    {
      "type": "Feature",
      "properties": {
        "@id": "node/599588973",
        "height": "22",
        "man_made": "tower",
        "technology": "GSM 900",
        "tower:type": "communication"
      },
      "geometry": {
        "type": "Point",
        "coordinates": [
          4.9030788,
          52.3982001
        ]
      },
      "id": "node/599588973"
    },
    {
      "type": "Feature",
      "properties": {
        "@id": "node/599588992",
        "height": "35",
        "man_made": "tower",
        "technology": "UMTS",
        "tower:type": "communication"
      },
      "geometry": {
        "type": "Point",
        "coordinates": [
          4.8922682,
          52.405795
        ]
      },
      "id": "node/599588992"
    },
    {
      "type": "Feature",
      "properties": {
        "@id": "node/599589024",
        "height": "39",
        "man_made": "tower",
        "technology": "GSM 900",
        "tower:type": "communication"
      },
      "geometry": {
        "type": "Point",
        "coordinates": [
          4.8922682,
          52.405795
        ]
      },
      "id": "node/599589024"
    },
    {
      "type": "Feature",
      "properties": {
        "@id": "node/599589053",
        "height": "24;28;31;33",
        "man_made": "tower",
        "technology": "UMTS;GSM 1800;UMTS;GSM 900",
        "tower:type": "communication"
      },
      "geometry": {
        "type": "Point",
        "coordinates": [
          4.8773173,
          52.4225468
        ]
      },
      "id": "node/599589053"
    },
    {
      "type": "Feature",
      "properties": {
        "@id": "node/599589069",
        "height": "30",
        "man_made": "tower",
        "technology": "UMTS",
        "tower:type": "communication"
      },
      "geometry": {
        "type": "Point",
        "coordinates": [
          4.8766085,
          52.4129546
        ]
      },
      "id": "node/599589069"
    },
    {
      "type": "Feature",
      "properties": {
        "@id": "node/599589136",
        "height": "27",
        "man_made": "tower",
        "technology": "UMTS",
        "tower:type": "communication"
      },
      "geometry": {
        "type": "Point",
        "coordinates": [
          4.8340084,
          52.3730019
        ]
      },
      "id": "node/599589136"
    },
    {
      "type": "Feature",
      "properties": {
        "@id": "node/599589154",
        "height": "26",
        "man_made": "tower",
        "technology": "GSM 900",
        "tower:type": "communication"
      },
      "geometry": {
        "type": "Point",
        "coordinates": [
          4.8340427,
          52.3730019
        ]
      },
      "id": "node/599589154"
    },
    {
      "type": "Feature",
      "properties": {
        "@id": "node/599589171",
        "height": "46",
        "man_made": "tower",
        "technology": "UMTS",
        "tower:type": "communication"
      },
      "geometry": {
        "type": "Point",
        "coordinates": [
          4.8208961,
          52.3790514
        ]
      },
      "id": "node/599589171"
    },
    {
      "type": "Feature",
      "properties": {
        "@id": "node/599589185",
        "height": "47",
        "man_made": "tower",
        "technology": "GSM 900",
        "tower:type": "communication"
      },
      "geometry": {
        "type": "Point",
        "coordinates": [
          4.8208731,
          52.3790389
        ]
      },
      "id": "node/599589185"
    },
    {
      "type": "Feature",
      "properties": {
        "@id": "node/599589204",
        "height": "30",
        "man_made": "tower",
        "technology": "UMTS",
        "tower:type": "communication"
      },
      "geometry": {
        "type": "Point",
        "coordinates": [
          4.7964772,
          52.3819879
        ]
      },
      "id": "node/599589204"
    },
    {
      "type": "Feature",
      "properties": {
        "@id": "node/599589214",
        "height": "30",
        "man_made": "tower",
        "technology": "GSM 900",
        "tower:type": "communication"
      },
      "geometry": {
        "type": "Point",
        "coordinates": [
          4.7964693,
          52.3819879
        ]
      },
      "id": "node/599589214"
    },
    {
      "type": "Feature",
      "properties": {
        "@id": "node/599589233",
        "height": "24",
        "man_made": "tower",
        "technology": "UMTS",
        "tower:type": "communication"
      },
      "geometry": {
        "type": "Point",
        "coordinates": [
          4.8627579,
          52.3711822
        ]
      },
      "id": "node/599589233"
    },
    {
      "type": "Feature",
      "properties": {
        "@id": "node/599589285",
        "height": "21",
        "man_made": "tower",
        "technology": "UMTS",
        "tower:type": "communication"
      },
      "geometry": {
        "type": "Point",
        "coordinates": [
          4.857104,
          52.3721183
        ]
      },
      "id": "node/599589285"
    },
    {
      "type": "Feature",
      "properties": {
        "@id": "node/599589302",
        "height": "22",
        "man_made": "tower",
        "technology": "GSM 900",
        "tower:type": "communication"
      },
      "geometry": {
        "type": "Point",
        "coordinates": [
          4.8571135,
          52.3721184
        ]
      },
      "id": "node/599589302"
    },
    {
      "type": "Feature",
      "properties": {
        "@id": "node/599589315",
        "height": "22",
        "man_made": "tower",
        "technology": "GSM 1800",
        "tower:type": "communication"
      },
      "geometry": {
        "type": "Point",
        "coordinates": [
          4.8571081,
          52.3721187
        ]
      },
      "id": "node/599589315"
    },
    {
      "type": "Feature",
      "properties": {
        "@id": "node/599589330",
        "height": "23",
        "man_made": "tower",
        "technology": "UMTS",
        "tower:type": "communication"
      },
      "geometry": {
        "type": "Point",
        "coordinates": [
          4.8497903,
          52.3701085
        ]
      },
      "id": "node/599589330"
    },
    {
      "type": "Feature",
      "properties": {
        "@id": "node/599589352",
        "height": "23",
        "man_made": "tower",
        "technology": "GSM 900",
        "tower:type": "communication"
      },
      "geometry": {
        "type": "Point",
        "coordinates": [
          4.8497903,
          52.3701085
        ]
      },
      "id": "node/599589352"
    },
    {
      "type": "Feature",
      "properties": {
        "@id": "node/599589596",
        "height": "31",
        "man_made": "tower",
        "technology": "UMTS",
        "tower:type": "communication"
      },
      "geometry": {
        "type": "Point",
        "coordinates": [
          4.9205942,
          52.3673528
        ]
      },
      "id": "node/599589596"
    },
    {
      "type": "Feature",
      "properties": {
        "@id": "node/599589611",
        "height": "29",
        "man_made": "tower",
        "technology": "GSM 900",
        "tower:type": "communication"
      },
      "geometry": {
        "type": "Point",
        "coordinates": [
          4.9206048,
          52.3673528
        ]
      },
      "id": "node/599589611"
    },
    {
      "type": "Feature",
      "properties": {
        "@id": "node/599589682",
        "height": "95",
        "man_made": "tower",
        "technology": "GSM 900",
        "tower:type": "communication"
      },
      "geometry": {
        "type": "Point",
        "coordinates": [
          4.9164854,
          52.3444944
        ]
      },
      "id": "node/599589682"
    },
    {
      "type": "Feature",
      "properties": {
        "@id": "node/599589850",
        "height": "8",
        "man_made": "tower",
        "technology": "GSM 900",
        "tower:type": "communication"
      },
      "geometry": {
        "type": "Point",
        "coordinates": [
          4.9041513,
          52.367197
        ]
      },
      "id": "node/599589850"
    },
    {
      "type": "Feature",
      "properties": {
        "@id": "node/599589884",
        "height": "28",
        "man_made": "tower",
        "technology": "UMTS",
        "tower:type": "communication"
      },
      "geometry": {
        "type": "Point",
        "coordinates": [
          4.9039142,
          52.3687419
        ]
      },
      "id": "node/599589884"
    },
    {
      "type": "Feature",
      "properties": {
        "@id": "node/599589907",
        "height": "30",
        "man_made": "tower",
        "technology": "GSM 900",
        "tower:type": "communication"
      },
      "geometry": {
        "type": "Point",
        "coordinates": [
          4.9039569,
          52.3687452
        ]
      },
      "id": "node/599589907"
    },
    {
      "type": "Feature",
      "properties": {
        "@id": "node/599589933",
        "height": "8",
        "man_made": "tower",
        "technology": "GSM 900",
        "tower:type": "communication"
      },
      "geometry": {
        "type": "Point",
        "coordinates": [
          4.9016003,
          52.3722197
        ]
      },
      "id": "node/599589933"
    },
    {
      "type": "Feature",
      "properties": {
        "@id": "node/599589943",
        "height": "5",
        "man_made": "tower",
        "technology": "GSM 900",
        "tower:type": "communication"
      },
      "geometry": {
        "type": "Point",
        "coordinates": [
          4.9012181,
          52.3678531
        ]
      },
      "id": "node/599589943"
    },
    {
      "type": "Feature",
      "properties": {
        "@id": "node/599589980",
        "height": "21",
        "man_made": "tower",
        "technology": "UMTS",
        "tower:type": "communication"
      },
      "geometry": {
        "type": "Point",
        "coordinates": [
          4.8999597,
          52.3611581
        ]
      },
      "id": "node/599589980"
    },
    {
      "type": "Feature",
      "properties": {
        "@id": "node/599589984",
        "height": "30",
        "man_made": "tower",
        "technology": "GSM 900",
        "tower:type": "communication"
      },
      "geometry": {
        "type": "Point",
        "coordinates": [
          4.8994735,
          52.3586395
        ]
      },
      "id": "node/599589984"
    },
    {
      "type": "Feature",
      "properties": {
        "@id": "node/599589990",
        "height": "26",
        "man_made": "tower",
        "technology": "UMTS",
        "tower:type": "communication"
      },
      "geometry": {
        "type": "Point",
        "coordinates": [
          4.898487,
          52.373573
        ]
      },
      "id": "node/599589990"
    },
    {
      "type": "Feature",
      "properties": {
        "@id": "node/599589999",
        "height": "27",
        "man_made": "tower",
        "technology": "GSM 900",
        "tower:type": "communication"
      },
      "geometry": {
        "type": "Point",
        "coordinates": [
          4.8984924,
          52.3735702
        ]
      },
      "id": "node/599589999"
    },
    {
      "type": "Feature",
      "properties": {
        "@id": "node/599590004",
        "height": "8",
        "man_made": "tower",
        "technology": "GSM 900",
        "tower:type": "communication"
      },
      "geometry": {
        "type": "Point",
        "coordinates": [
          4.8983157,
          52.3638027
        ]
      },
      "id": "node/599590004"
    },
    {
      "type": "Feature",
      "properties": {
        "@id": "node/599590011",
        "height": "5",
        "man_made": "tower",
        "technology": "GSM 900",
        "tower:type": "communication"
      },
      "geometry": {
        "type": "Point",
        "coordinates": [
          4.8978956,
          52.3752693
        ]
      },
      "id": "node/599590011"
    },
    {
      "type": "Feature",
      "properties": {
        "@id": "node/599590020",
        "height": "28",
        "man_made": "tower",
        "technology": "UMTS",
        "tower:type": "communication"
      },
      "geometry": {
        "type": "Point",
        "coordinates": [
          4.8967729,
          52.3701326
        ]
      },
      "id": "node/599590020"
    },
    {
      "type": "Feature",
      "properties": {
        "@id": "node/599590025",
        "height": "28",
        "man_made": "tower",
        "technology": "GSM 900",
        "tower:type": "communication"
      },
      "geometry": {
        "type": "Point",
        "coordinates": [
          4.8967775,
          52.3701326
        ]
      },
      "id": "node/599590025"
    },
    {
      "type": "Feature",
      "properties": {
        "@id": "node/599590067",
        "height": "10",
        "man_made": "tower",
        "technology": "GSM 900",
        "tower:type": "communication"
      },
      "geometry": {
        "type": "Point",
        "coordinates": [
          4.8931489,
          52.3663427
        ]
      },
      "id": "node/599590067"
    },
    {
      "type": "Feature",
      "properties": {
        "@id": "node/599590068",
        "height": "28",
        "man_made": "tower",
        "technology": "UMTS",
        "tower:type": "communication"
      },
      "geometry": {
        "type": "Point",
        "coordinates": [
          4.8928379,
          52.367411
        ]
      },
      "id": "node/599590068"
    },
    {
      "type": "Feature",
      "properties": {
        "@id": "node/599590072",
        "height": "29",
        "man_made": "tower",
        "technology": "GSM 900",
        "tower:type": "communication"
      },
      "geometry": {
        "type": "Point",
        "coordinates": [
          4.8928433,
          52.367411
        ]
      },
      "id": "node/599590072"
    },
    {
      "type": "Feature",
      "properties": {
        "@id": "node/599590073",
        "height": "28",
        "man_made": "tower",
        "technology": "GSM 1800",
        "tower:type": "communication"
      },
      "geometry": {
        "type": "Point",
        "coordinates": [
          4.8928431,
          52.3674076
        ]
      },
      "id": "node/599590073"
    },
    {
      "type": "Feature",
      "properties": {
        "@id": "node/599590079",
        "height": "24",
        "man_made": "tower",
        "technology": "UMTS",
        "tower:type": "communication"
      },
      "geometry": {
        "type": "Point",
        "coordinates": [
          4.8925926,
          52.3635542
        ]
      },
      "id": "node/599590079"
    },
    {
      "type": "Feature",
      "properties": {
        "@id": "node/599590080",
        "height": "21",
        "man_made": "tower",
        "technology": "GSM 900",
        "tower:type": "communication"
      },
      "geometry": {
        "type": "Point",
        "coordinates": [
          4.8925926,
          52.3635542
        ]
      },
      "id": "node/599590080"
    },
    {
      "type": "Feature",
      "properties": {
        "@id": "node/599590081",
        "height": "5",
        "man_made": "tower",
        "technology": "GSM 900",
        "tower:type": "communication"
      },
      "geometry": {
        "type": "Point",
        "coordinates": [
          4.8923697,
          52.3703839
        ]
      },
      "id": "node/599590081"
    },
    {
      "type": "Feature",
      "properties": {
        "@id": "node/599590082",
        "height": "28",
        "man_made": "tower",
        "technology": "UMTS",
        "tower:type": "communication"
      },
      "geometry": {
        "type": "Point",
        "coordinates": [
          4.8922925,
          52.3707162
        ]
      },
      "id": "node/599590082"
    },
    {
      "type": "Feature",
      "properties": {
        "@id": "node/599590090",
        "height": "10",
        "man_made": "tower",
        "technology": "GSM 900",
        "tower:type": "communication"
      },
      "geometry": {
        "type": "Point",
        "coordinates": [
          4.8914867,
          52.37056
        ]
      },
      "id": "node/599590090"
    },
    {
      "type": "Feature",
      "properties": {
        "@id": "node/599590098",
        "height": "32",
        "man_made": "tower",
        "technology": "UMTS",
        "tower:type": "communication"
      },
      "geometry": {
        "type": "Point",
        "coordinates": [
          4.8888289,
          52.3717156
        ]
      },
      "id": "node/599590098"
    },
    {
      "type": "Feature",
      "properties": {
        "@id": "node/599590104",
        "height": "34",
        "man_made": "tower",
        "technology": "GSM 900",
        "tower:type": "communication"
      },
      "geometry": {
        "type": "Point",
        "coordinates": [
          4.8888306,
          52.3717173
        ]
      },
      "id": "node/599590104"
    },
    {
      "type": "Feature",
      "properties": {
        "@id": "node/599590105",
        "height": "32",
        "man_made": "tower",
        "technology": "GSM 1800",
        "tower:type": "communication"
      },
      "geometry": {
        "type": "Point",
        "coordinates": [
          4.8888313,
          52.3717156
        ]
      },
      "id": "node/599590105"
    },
    {
      "type": "Feature",
      "properties": {
        "@id": "node/599590122",
        "height": "10",
        "man_made": "tower",
        "technology": "GSM 900",
        "tower:type": "communication"
      },
      "geometry": {
        "type": "Point",
        "coordinates": [
          4.8869112,
          52.3661368
        ]
      },
      "id": "node/599590122"
    },
    {
      "type": "Feature",
      "properties": {
        "@id": "node/599590141",
        "height": "20",
        "man_made": "tower",
        "technology": "GSM 900",
        "tower:type": "communication"
      },
      "geometry": {
        "type": "Point",
        "coordinates": [
          4.8866033,
          52.3612831
        ]
      },
      "id": "node/599590141"
    },
    {
      "type": "Feature",
      "properties": {
        "@id": "node/599590166",
        "height": "22",
        "man_made": "tower",
        "technology": "GSM 900",
        "tower:type": "communication"
      },
      "geometry": {
        "type": "Point",
        "coordinates": [
          4.8853235,
          52.3870804
        ]
      },
      "id": "node/599590166"
    },
    {
      "type": "Feature",
      "properties": {
        "@id": "node/599590191",
        "height": "23",
        "man_made": "tower",
        "technology": "UMTS",
        "tower:type": "communication"
      },
      "geometry": {
        "type": "Point",
        "coordinates": [
          4.88547,
          52.3646919
        ]
      },
      "id": "node/599590191"
    },
    {
      "type": "Feature",
      "properties": {
        "@id": "node/599590225",
        "height": "21",
        "man_made": "tower",
        "technology": "GSM 900",
        "tower:type": "communication"
      },
      "geometry": {
        "type": "Point",
        "coordinates": [
          4.8854593,
          52.3646926
        ]
      },
      "id": "node/599590225"
    },
    {
      "type": "Feature",
      "properties": {
        "@id": "node/599590242",
        "height": "10",
        "man_made": "tower",
        "technology": "GSM 900",
        "tower:type": "communication"
      },
      "geometry": {
        "type": "Point",
        "coordinates": [
          4.8832643,
          52.3640541
        ]
      },
      "id": "node/599590242"
    },
    {
      "type": "Feature",
      "properties": {
        "@id": "node/599590252",
        "height": "25",
        "man_made": "tower",
        "technology": "GSM 900",
        "tower:type": "communication"
      },
      "geometry": {
        "type": "Point",
        "coordinates": [
          4.8787555,
          52.3731574
        ]
      },
      "id": "node/599590252"
    },
    {
      "type": "Feature",
      "properties": {
        "@id": "node/599590257",
        "height": "9",
        "man_made": "tower",
        "technology": "GSM 900",
        "tower:type": "communication"
      },
      "geometry": {
        "type": "Point",
        "coordinates": [
          4.973601,
          52.3828289
        ]
      },
      "id": "node/599590257"
    },
    {
      "type": "Feature",
      "properties": {
        "@id": "node/599590258",
        "height": "40",
        "man_made": "tower",
        "technology": "GSM 900;UMTS;GSM 1800",
        "tower:type": "communication"
      },
      "geometry": {
        "type": "Point",
        "coordinates": [
          4.9729121,
          52.3229235
        ]
      },
      "id": "node/599590258"
    },
    {
      "type": "Feature",
      "properties": {
        "@id": "node/599590262",
        "height": "41",
        "man_made": "tower",
        "technology": "GSM 1800",
        "tower:type": "communication"
      },
      "geometry": {
        "type": "Point",
        "coordinates": [
          4.9642862,
          52.3551877
        ]
      },
      "id": "node/599590262"
    },
    {
      "type": "Feature",
      "properties": {
        "@id": "node/599590266",
        "height": "22",
        "man_made": "tower",
        "technology": "UMTS",
        "tower:type": "communication"
      },
      "geometry": {
        "type": "Point",
        "coordinates": [
          4.9609579,
          52.3076198
        ]
      },
      "id": "node/599590266"
    },
    {
      "type": "Feature",
      "properties": {
        "@id": "node/599590267",
        "height": "20",
        "man_made": "tower",
        "technology": "GSM 900",
        "tower:type": "communication"
      },
      "geometry": {
        "type": "Point",
        "coordinates": [
          4.9609579,
          52.3076198
        ]
      },
      "id": "node/599590267"
    },
    {
      "type": "Feature",
      "properties": {
        "@id": "node/599590268",
        "height": "20",
        "man_made": "tower",
        "technology": "GSM 1800",
        "tower:type": "communication"
      },
      "geometry": {
        "type": "Point",
        "coordinates": [
          4.9609579,
          52.3076198
        ]
      },
      "id": "node/599590268"
    },
    {
      "type": "Feature",
      "properties": {
        "@id": "node/599590271",
        "communication:gsm-r": "yes",
        "communication:mobile_phone": "yes",
        "height": "44",
        "layer": "24",
        "location": "roof",
        "man_made": "mast",
        "material": "metal",
        "min_height": "38",
        "technology": "GSM 1800",
        "tower:type": "communication"
      },
      "geometry": {
        "type": "Point",
        "coordinates": [
          4.9605987,
          52.3241741
        ]
      },
      "id": "node/599590271"
    },
    {
      "type": "Feature",
      "properties": {
        "@id": "node/599590272",
        "height": "20",
        "man_made": "tower",
        "technology": "GSM 900",
        "tower:type": "communication"
      },
      "geometry": {
        "type": "Point",
        "coordinates": [
          4.9597623,
          52.3633214
        ]
      },
      "id": "node/599590272"
    },
    {
      "type": "Feature",
      "properties": {
        "@id": "node/599590273",
        "height": "52",
        "man_made": "tower",
        "technology": "GSM 1800",
        "tower:type": "communication"
      },
      "geometry": {
        "type": "Point",
        "coordinates": [
          4.9541877,
          52.3920618
        ]
      },
      "id": "node/599590273"
    },
    {
      "type": "Feature",
      "properties": {
        "@id": "node/599590274",
        "height": "24",
        "man_made": "tower",
        "technology": "UMTS",
        "tower:type": "communication"
      },
      "geometry": {
        "type": "Point",
        "coordinates": [
          4.9544662,
          52.356903
        ]
      },
      "id": "node/599590274"
    },
    {
      "type": "Feature",
      "properties": {
        "@id": "node/599590281",
        "height": "22",
        "man_made": "tower",
        "technology": "GSM 1800",
        "tower:type": "communication"
      },
      "geometry": {
        "type": "Point",
        "coordinates": [
          4.9544662,
          52.356903
        ]
      },
      "id": "node/599590281"
    },
    {
      "type": "Feature",
      "properties": {
        "@id": "node/599590290",
        "height": "37",
        "man_made": "tower",
        "technology": "GSM 1800",
        "tower:type": "communication"
      },
      "geometry": {
        "type": "Point",
        "coordinates": [
          4.9512319,
          52.3962391
        ]
      },
      "id": "node/599590290"
    },
    {
      "type": "Feature",
      "properties": {
        "@id": "node/599590291",
        "height": "38",
        "man_made": "tower",
        "technology": "UMTS",
        "tower:type": "communication"
      },
      "geometry": {
        "type": "Point",
        "coordinates": [
          4.9511506,
          52.3963197
        ]
      },
      "id": "node/599590291"
    },
    {
      "type": "Feature",
      "properties": {
        "@id": "node/599590292",
        "height": "35",
        "man_made": "tower",
        "technology": "GSM 900",
        "tower:type": "communication"
      },
      "geometry": {
        "type": "Point",
        "coordinates": [
          4.9511328,
          52.3963162
        ]
      },
      "id": "node/599590292"
    },
    {
      "type": "Feature",
      "properties": {
        "@id": "node/599590293",
        "height": "35",
        "man_made": "tower",
        "technology": "GSM 1800",
        "tower:type": "communication"
      },
      "geometry": {
        "type": "Point",
        "coordinates": [
          4.951143,
          52.3963197
        ]
      },
      "id": "node/599590293"
    },
    {
      "type": "Feature",
      "properties": {
        "@id": "node/599590294",
        "height": "32",
        "man_made": "tower",
        "technology": "UMTS",
        "tower:type": "communication"
      },
      "geometry": {
        "type": "Point",
        "coordinates": [
          4.9507368,
          52.3047423
        ]
      },
      "id": "node/599590294"
    },
    {
      "type": "Feature",
      "properties": {
        "@id": "node/599590295",
        "height": "37",
        "man_made": "tower",
        "technology": "UMTS",
        "tower:type": "communication"
      },
      "geometry": {
        "type": "Point",
        "coordinates": [
          4.9489634,
          52.3968419
        ]
      },
      "id": "node/599590295"
    },
    {
      "type": "Feature",
      "properties": {
        "@id": "node/599590298",
        "height": "27",
        "man_made": "tower",
        "technology": "GSM 900",
        "tower:type": "communication"
      },
      "geometry": {
        "type": "Point",
        "coordinates": [
          4.9470263,
          52.4114037
        ]
      },
      "id": "node/599590298"
    },
    {
      "type": "Feature",
      "properties": {
        "@id": "node/599590352",
        "height": "25",
        "man_made": "tower",
        "technology": "UMTS",
        "tower:type": "communication"
      },
      "geometry": {
        "type": "Point",
        "coordinates": [
          4.9447142,
          52.3485713
        ]
      },
      "id": "node/599590352"
    },
    {
      "type": "Feature",
      "properties": {
        "@id": "node/599590371",
        "height": "20",
        "man_made": "tower",
        "technology": "GSM 1800",
        "tower:type": "communication"
      },
      "geometry": {
        "type": "Point",
        "coordinates": [
          4.9447126,
          52.3485774
        ]
      },
      "id": "node/599590371"
    },
    {
      "type": "Feature",
      "properties": {
        "@id": "node/599590374",
        "height": "18",
        "man_made": "tower",
        "technology": "GSM 1800",
        "tower:type": "communication"
      },
      "geometry": {
        "type": "Point",
        "coordinates": [
          4.9438475,
          52.3604048
        ]
      },
      "id": "node/599590374"
    },
    {
      "type": "Feature",
      "properties": {
        "@id": "node/599590378",
        "height": "23",
        "man_made": "tower",
        "technology": "UMTS",
        "tower:type": "communication"
      },
      "geometry": {
        "type": "Point",
        "coordinates": [
          4.9433129,
          52.347811
        ]
      },
      "id": "node/599590378"
    },
    {
      "type": "Feature",
      "properties": {
        "@id": "node/599590383",
        "height": "21",
        "man_made": "tower",
        "technology": "GSM 1800",
        "tower:type": "communication"
      },
      "geometry": {
        "type": "Point",
        "coordinates": [
          4.9433065,
          52.3478094
        ]
      },
      "id": "node/599590383"
    },
    {
      "type": "Feature",
      "properties": {
        "@id": "node/599590388",
        "height": "55",
        "man_made": "tower",
        "technology": "UMTS",
        "tower:type": "communication"
      },
      "geometry": {
        "type": "Point",
        "coordinates": [
          4.9416902,
          52.3978693
        ]
      },
      "id": "node/599590388"
    },
    {
      "type": "Feature",
      "properties": {
        "@id": "node/599590389",
        "height": "55",
        "man_made": "tower",
        "technology": "GSM 1800",
        "tower:type": "communication"
      },
      "geometry": {
        "type": "Point",
        "coordinates": [
          4.9417234,
          52.3978903
        ]
      },
      "id": "node/599590389"
    },
    {
      "type": "Feature",
      "properties": {
        "@id": "node/599590390",
        "height": "24",
        "man_made": "tower",
        "technology": "UMTS",
        "tower:type": "communication"
      },
      "geometry": {
        "type": "Point",
        "coordinates": [
          4.9409343,
          52.3593417
        ]
      },
      "id": "node/599590390"
    },
    {
      "type": "Feature",
      "properties": {
        "@id": "node/599590391",
        "height": "23",
        "man_made": "tower",
        "technology": "GSM 900",
        "tower:type": "communication"
      },
      "geometry": {
        "type": "Point",
        "coordinates": [
          4.9409368,
          52.3593423
        ]
      },
      "id": "node/599590391"
    },
    {
      "type": "Feature",
      "properties": {
        "@id": "node/599590392",
        "height": "17",
        "man_made": "tower",
        "technology": "UMTS",
        "tower:type": "communication"
      },
      "geometry": {
        "type": "Point",
        "coordinates": [
          4.9391676,
          52.3993488
        ]
      },
      "id": "node/599590392"
    },
    {
      "type": "Feature",
      "properties": {
        "@id": "node/599590393",
        "height": "34",
        "man_made": "tower",
        "technology": "UMTS",
        "tower:type": "communication"
      },
      "geometry": {
        "type": "Point",
        "coordinates": [
          4.93937,
          52.369133
        ]
      },
      "id": "node/599590393"
    },
    {
      "type": "Feature",
      "properties": {
        "@id": "node/599590397",
        "height": "33",
        "man_made": "tower",
        "technology": "GSM 900",
        "tower:type": "communication"
      },
      "geometry": {
        "type": "Point",
        "coordinates": [
          4.9393292,
          52.3691251
        ]
      },
      "id": "node/599590397"
    },
    {
      "type": "Feature",
      "properties": {
        "@id": "node/599590403",
        "height": "33",
        "man_made": "tower",
        "technology": "GSM 1800",
        "tower:type": "communication"
      },
      "geometry": {
        "type": "Point",
        "coordinates": [
          4.9393915,
          52.3691055
        ]
      },
      "id": "node/599590403"
    },
    {
      "type": "Feature",
      "properties": {
        "@id": "node/599590408",
        "height": "19",
        "man_made": "tower",
        "technology": "UMTS",
        "tower:type": "communication"
      },
      "geometry": {
        "type": "Point",
        "coordinates": [
          4.9369989,
          52.3568109
        ]
      },
      "id": "node/599590408"
    },
    {
      "type": "Feature",
      "properties": {
        "@id": "node/599590416",
        "height": "17",
        "man_made": "tower",
        "technology": "GSM 1800",
        "tower:type": "communication"
      },
      "geometry": {
        "type": "Point",
        "coordinates": [
          4.9364407,
          52.3568447
        ]
      },
      "id": "node/599590416"
    },
    {
      "type": "Feature",
      "properties": {
        "@id": "node/599590430",
        "height": "27",
        "man_made": "tower",
        "technology": "UMTS",
        "tower:type": "communication"
      },
      "geometry": {
        "type": "Point",
        "coordinates": [
          4.9362608,
          52.3356422
        ]
      },
      "id": "node/599590430"
    },
    {
      "type": "Feature",
      "properties": {
        "@id": "node/599590437",
        "height": "24",
        "man_made": "tower",
        "technology": "GSM 900",
        "tower:type": "communication"
      },
      "geometry": {
        "type": "Point",
        "coordinates": [
          4.936234,
          52.3356599
        ]
      },
      "id": "node/599590437"
    },
    {
      "type": "Feature",
      "properties": {
        "@id": "node/599590442",
        "height": "24",
        "man_made": "tower",
        "technology": "GSM 1800",
        "tower:type": "communication"
      },
      "geometry": {
        "type": "Point",
        "coordinates": [
          4.9362597,
          52.3356599
        ]
      },
      "id": "node/599590442"
    },
    {
      "type": "Feature",
      "properties": {
        "@id": "node/599590479",
        "height": "22",
        "man_made": "tower",
        "technology": "UMTS",
        "tower:type": "communication"
      },
      "geometry": {
        "type": "Point",
        "coordinates": [
          4.9333726,
          52.3602933
        ]
      },
      "id": "node/599590479"
    },
    {
      "type": "Feature",
      "properties": {
        "@id": "node/599590484",
        "height": "21",
        "man_made": "tower",
        "technology": "GSM 900",
        "tower:type": "communication"
      },
      "geometry": {
        "type": "Point",
        "coordinates": [
          4.9333866,
          52.360287
        ]
      },
      "id": "node/599590484"
    },
    {
      "type": "Feature",
      "properties": {
        "@id": "node/599590490",
        "height": "21",
        "man_made": "tower",
        "technology": "GSM 1800",
        "tower:type": "communication"
      },
      "geometry": {
        "type": "Point",
        "coordinates": [
          4.9333816,
          52.3602933
        ]
      },
      "id": "node/599590490"
    },
    {
      "type": "Feature",
      "properties": {
        "@id": "node/599590503",
        "height": "15",
        "man_made": "tower",
        "technology": "GSM 900",
        "tower:type": "communication"
      },
      "geometry": {
        "type": "Point",
        "coordinates": [
          4.9302099,
          52.3532347
        ]
      },
      "id": "node/599590503"
    },
    {
      "type": "Feature",
      "properties": {
        "@id": "node/599590509",
        "height": "4",
        "man_made": "tower",
        "technology": "UMTS",
        "tower:type": "communication"
      },
      "geometry": {
        "type": "Point",
        "coordinates": [
          4.9299131,
          52.3549772
        ]
      },
      "id": "node/599590509"
    },
    {
      "type": "Feature",
      "properties": {
        "@id": "node/599590516",
        "height": "25",
        "man_made": "tower",
        "technology": "UMTS",
        "tower:type": "communication"
      },
      "geometry": {
        "type": "Point",
        "coordinates": [
          4.9291891,
          52.3606637
        ]
      },
      "id": "node/599590516"
    },
    {
      "type": "Feature",
      "properties": {
        "@id": "node/599590520",
        "height": "25",
        "man_made": "tower",
        "technology": "GSM 1800",
        "tower:type": "communication"
      },
      "geometry": {
        "type": "Point",
        "coordinates": [
          4.9292085,
          52.3606637
        ]
      },
      "id": "node/599590520"
    },
    {
      "type": "Feature",
      "properties": {
        "@id": "node/599590521",
        "height": "20",
        "man_made": "tower",
        "technology": "UMTS",
        "tower:type": "communication"
      },
      "geometry": {
        "type": "Point",
        "coordinates": [
          4.9289785,
          52.3545062
        ]
      },
      "id": "node/599590521"
    },
    {
      "type": "Feature",
      "properties": {
        "@id": "node/599590523",
        "height": "28",
        "man_made": "tower",
        "technology": "GSM 1800; UMTS",
        "tower:type": "communication"
      },
      "geometry": {
        "type": "Point",
        "coordinates": [
          4.9285582,
          52.3369425
        ]
      },
      "id": "node/599590523"
    },
    {
      "type": "Feature",
      "properties": {
        "@id": "node/599590530",
        "height": "25",
        "man_made": "tower",
        "technology": "UMTS",
        "tower:type": "communication"
      },
      "geometry": {
        "type": "Point",
        "coordinates": [
          4.9255553,
          52.3891489
        ]
      },
      "id": "node/599590530"
    },
    {
      "type": "Feature",
      "properties": {
        "@id": "node/599590537",
        "height": "24",
        "man_made": "tower",
        "technology": "GSM 900",
        "tower:type": "communication"
      },
      "geometry": {
        "type": "Point",
        "coordinates": [
          4.9255094,
          52.3891434
        ]
      },
      "id": "node/599590537"
    },
    {
      "type": "Feature",
      "properties": {
        "@id": "node/599590546",
        "height": "27",
        "man_made": "tower",
        "technology": "UMTS",
        "tower:type": "communication"
      },
      "geometry": {
        "type": "Point",
        "coordinates": [
          4.9255229,
          52.3889606
        ]
      },
      "id": "node/599590546"
    },
    {
      "type": "Feature",
      "properties": {
        "@id": "node/599590561",
        "height": "27",
        "man_made": "tower",
        "technology": "GSM 900",
        "tower:type": "communication"
      },
      "geometry": {
        "type": "Point",
        "coordinates": [
          4.925491,
          52.3889388
        ]
      },
      "id": "node/599590561"
    },
    {
      "type": "Feature",
      "properties": {
        "@id": "node/599590562",
        "height": "27",
        "man_made": "tower",
        "technology": "GSM 1800",
        "tower:type": "communication"
      },
      "geometry": {
        "type": "Point",
        "coordinates": [
          4.9255063,
          52.3889871
        ]
      },
      "id": "node/599590562"
    },
    {
      "type": "Feature",
      "properties": {
        "@id": "node/599590563",
        "height": "24",
        "man_made": "tower",
        "technology": "UMTS",
        "tower:type": "communication"
      },
      "geometry": {
        "type": "Point",
        "coordinates": [
          4.9224175,
          52.3825133
        ]
      },
      "id": "node/599590563"
    },
    {
      "type": "Feature",
      "properties": {
        "@id": "node/599590569",
        "height": "44",
        "man_made": "tower",
        "technology": "UMTS",
        "tower:type": "communication"
      },
      "geometry": {
        "type": "Point",
        "coordinates": [
          4.9225013,
          52.3617385
        ]
      },
      "id": "node/599590569"
    },
    {
      "type": "Feature",
      "properties": {
        "@id": "node/599590573",
        "height": "43",
        "man_made": "tower",
        "technology": "GSM 900",
        "tower:type": "communication"
      },
      "geometry": {
        "type": "Point",
        "coordinates": [
          4.922402,
          52.361659
        ]
      },
      "id": "node/599590573"
    },
    {
      "type": "Feature",
      "properties": {
        "@id": "node/599590576",
        "height": "43",
        "man_made": "tower",
        "technology": "GSM 1800",
        "tower:type": "communication"
      },
      "geometry": {
        "type": "Point",
        "coordinates": [
          4.9223719,
          52.3617024
        ]
      },
      "id": "node/599590576"
    },
    {
      "type": "Feature",
      "properties": {
        "@id": "node/599590577",
        "height": "40",
        "man_made": "tower",
        "technology": "UMTS",
        "tower:type": "communication"
      },
      "geometry": {
        "type": "Point",
        "coordinates": [
          4.9225361,
          52.3616941
        ]
      },
      "id": "node/599590577"
    },
    {
      "type": "Feature",
      "properties": {
        "@id": "node/599590579",
        "height": "29",
        "man_made": "tower",
        "technology": "UMTS",
        "tower:type": "communication"
      },
      "geometry": {
        "type": "Point",
        "coordinates": [
          4.9213327,
          52.3669333
        ]
      },
      "id": "node/599590579"
    },
    {
      "type": "Feature",
      "properties": {
        "@id": "node/599590587",
        "height": "33",
        "man_made": "tower",
        "technology": "GSM 1800",
        "tower:type": "communication"
      },
      "geometry": {
        "type": "Point",
        "coordinates": [
          4.9213437,
          52.3669342
        ]
      },
      "id": "node/599590587"
    },
    {
      "type": "Feature",
      "properties": {
        "@id": "node/599590588",
        "height": "31",
        "man_made": "tower",
        "technology": "UMTS",
        "tower:type": "communication"
      },
      "geometry": {
        "type": "Point",
        "coordinates": [
          4.9212826,
          52.3668799
        ]
      },
      "id": "node/599590588"
    },
    {
      "type": "Feature",
      "properties": {
        "@id": "node/599590600",
        "height": "29",
        "man_made": "tower",
        "technology": "GSM 900",
        "tower:type": "communication"
      },
      "geometry": {
        "type": "Point",
        "coordinates": [
          4.9212746,
          52.3668792
        ]
      },
      "id": "node/599590600"
    },
    {
      "type": "Feature",
      "properties": {
        "@id": "node/599590604",
        "height": "16",
        "man_made": "tower",
        "technology": "GSM 1800",
        "tower:type": "communication"
      },
      "geometry": {
        "type": "Point",
        "coordinates": [
          4.9206325,
          52.413963
        ]
      },
      "id": "node/599590604"
    },
    {
      "type": "Feature",
      "properties": {
        "@id": "node/599590605",
        "height": "23",
        "man_made": "tower",
        "technology": "UMTS",
        "tower:type": "communication"
      },
      "geometry": {
        "type": "Point",
        "coordinates": [
          4.9211437,
          52.3583673
        ]
      },
      "id": "node/599590605"
    },
    {
      "type": "Feature",
      "properties": {
        "@id": "node/599590606",
        "height": "21",
        "man_made": "tower",
        "technology": "UMTS",
        "tower:type": "communication"
      },
      "geometry": {
        "type": "Point",
        "coordinates": [
          4.9206538,
          52.3353419
        ]
      },
      "id": "node/599590606"
    },
    {
      "type": "Feature",
      "properties": {
        "@id": "node/599590608",
        "height": "20",
        "man_made": "tower",
        "technology": "GSM 900",
        "tower:type": "communication"
      },
      "geometry": {
        "type": "Point",
        "coordinates": [
          4.9206921,
          52.335336
        ]
      },
      "id": "node/599590608"
    },
    {
      "type": "Feature",
      "properties": {
        "@id": "node/599590609",
        "height": "20",
        "man_made": "tower",
        "technology": "GSM 1800",
        "tower:type": "communication"
      },
      "geometry": {
        "type": "Point",
        "coordinates": [
          4.9206666,
          52.3353298
        ]
      },
      "id": "node/599590609"
    },
    {
      "type": "Feature",
      "properties": {
        "@id": "node/599590612",
        "height": "43",
        "man_made": "tower",
        "technology": "UMTS",
        "tower:type": "communication"
      },
      "geometry": {
        "type": "Point",
        "coordinates": [
          4.919907,
          52.3489523
        ]
      },
      "id": "node/599590612"
    },
    {
      "type": "Feature",
      "properties": {
        "@id": "node/599590614",
        "height": "30",
        "man_made": "tower",
        "technology": "GSM 1800",
        "tower:type": "communication"
      },
      "geometry": {
        "type": "Point",
        "coordinates": [
          4.9192409,
          52.4054497
        ]
      },
      "id": "node/599590614"
    },
    {
      "type": "Feature",
      "properties": {
        "@id": "node/599590615",
        "height": "42",
        "man_made": "tower",
        "technology": "UMTS;GSM 1800;GSM 900",
        "tower:type": "communication"
      },
      "geometry": {
        "type": "Point",
        "coordinates": [
          4.919771,
          52.3479361
        ]
      },
      "id": "node/599590615"
    },
    {
      "type": "Feature",
      "properties": {
        "@id": "node/599590618",
        "height": "20",
        "man_made": "tower",
        "technology": "UMTS",
        "tower:type": "communication"
      },
      "geometry": {
        "type": "Point",
        "coordinates": [
          4.9190578,
          52.3726448
        ]
      },
      "id": "node/599590618"
    },
    {
      "type": "Feature",
      "properties": {
        "@id": "node/599590619",
        "height": "19",
        "man_made": "tower",
        "technology": "GSM 1800",
        "tower:type": "communication"
      },
      "geometry": {
        "type": "Point",
        "coordinates": [
          4.9190746,
          52.3726545
        ]
      },
      "id": "node/599590619"
    },
    {
      "type": "Feature",
      "properties": {
        "@id": "node/599590621",
        "height": "20",
        "man_made": "tower",
        "technology": "UMTS",
        "tower:type": "communication"
      },
      "geometry": {
        "type": "Point",
        "coordinates": [
          4.9189929,
          52.3531276
        ]
      },
      "id": "node/599590621"
    },
    {
      "type": "Feature",
      "properties": {
        "@id": "node/599590622",
        "height": "20",
        "man_made": "tower",
        "technology": "GSM 900",
        "tower:type": "communication"
      },
      "geometry": {
        "type": "Point",
        "coordinates": [
          4.9189575,
          52.3531348
        ]
      },
      "id": "node/599590622"
    },
    {
      "type": "Feature",
      "properties": {
        "@id": "node/599590623",
        "height": "20",
        "man_made": "tower",
        "technology": "GSM 1800",
        "tower:type": "communication"
      },
      "geometry": {
        "type": "Point",
        "coordinates": [
          4.9189822,
          52.3531459
        ]
      },
      "id": "node/599590623"
    },
    {
      "type": "Feature",
      "properties": {
        "@id": "node/599590624",
        "height": "21",
        "man_made": "tower",
        "technology": "GSM 1800",
        "tower:type": "communication"
      },
      "geometry": {
        "type": "Point",
        "coordinates": [
          4.9179708,
          52.3641249
        ]
      },
      "id": "node/599590624"
    },
    {
      "type": "Feature",
      "properties": {
        "@id": "node/599590625",
        "height": "35",
        "man_made": "tower",
        "technology": "GSM 900",
        "tower:type": "communication"
      },
      "geometry": {
        "type": "Point",
        "coordinates": [
          4.9179864,
          52.3432105
        ]
      },
      "id": "node/599590625"
    },
    {
      "type": "Feature",
      "properties": {
        "@id": "node/599590626",
        "height": "63",
        "man_made": "tower",
        "technology": "GSM 900",
        "tower:type": "communication"
      },
      "geometry": {
        "type": "Point",
        "coordinates": [
          4.9166551,
          52.3458302
        ]
      },
      "id": "node/599590626"
    },
    {
      "type": "Feature",
      "properties": {
        "@id": "node/599590627",
        "height": "95",
        "man_made": "tower",
        "technology": "GSM 900",
        "tower:type": "communication"
      },
      "geometry": {
        "type": "Point",
        "coordinates": [
          4.9166009,
          52.344304
        ]
      },
      "id": "node/599590627"
    },
    {
      "type": "Feature",
      "properties": {
        "@id": "node/599590629",
        "height": "24",
        "man_made": "tower",
        "technology": "UMTS",
        "tower:type": "communication"
      },
      "geometry": {
        "type": "Point",
        "coordinates": [
          4.9150907,
          52.3326929
        ]
      },
      "id": "node/599590629"
    },
    {
      "type": "Feature",
      "properties": {
        "@id": "node/599590630",
        "height": "24",
        "man_made": "tower",
        "technology": "GSM 1800",
        "tower:type": "communication"
      },
      "geometry": {
        "type": "Point",
        "coordinates": [
          4.9150607,
          52.3326832
        ]
      },
      "id": "node/599590630"
    },
    {
      "type": "Feature",
      "properties": {
        "@id": "node/599590631",
        "height": "15",
        "man_made": "tower",
        "technology": "GSM 1800",
        "tower:type": "communication"
      },
      "geometry": {
        "type": "Point",
        "coordinates": [
          4.9137589,
          52.3914756
        ]
      },
      "id": "node/599590631"
    },
    {
      "type": "Feature",
      "properties": {
        "@id": "node/599590634",
        "height": "41",
        "man_made": "tower",
        "technology": "UMTS",
        "tower:type": "communication"
      },
      "geometry": {
        "type": "Point",
        "coordinates": [
          4.9121638,
          52.3442748
        ]
      },
      "id": "node/599590634"
    },
    {
      "type": "Feature",
      "properties": {
        "@id": "node/599590635",
        "height": "41",
        "man_made": "tower",
        "technology": "GSM 1800",
        "tower:type": "communication"
      },
      "geometry": {
        "type": "Point",
        "coordinates": [
          4.9121289,
          52.3442859
        ]
      },
      "id": "node/599590635"
    },
    {
      "type": "Feature",
      "properties": {
        "@id": "node/599590639",
        "height": "31",
        "man_made": "tower",
        "technology": "UMTS",
        "tower:type": "communication"
      },
      "geometry": {
        "type": "Point",
        "coordinates": [
          4.9113151,
          52.3922158
        ]
      },
      "id": "node/599590639"
    },
    {
      "type": "Feature",
      "properties": {
        "@id": "node/599590647",
        "height": "39",
        "man_made": "tower",
        "technology": "UMTS",
        "tower:type": "communication"
      },
      "geometry": {
        "type": "Point",
        "coordinates": [
          4.9112902,
          52.3922195
        ]
      },
      "id": "node/599590647"
    },
    {
      "type": "Feature",
      "properties": {
        "@id": "node/599590662",
        "height": "30",
        "man_made": "tower",
        "technology": "GSM 900",
        "tower:type": "communication"
      },
      "geometry": {
        "type": "Point",
        "coordinates": [
          4.9112753,
          52.3922212
        ]
      },
      "id": "node/599590662"
    },
    {
      "type": "Feature",
      "properties": {
        "@id": "node/599590664",
        "height": "30",
        "man_made": "tower",
        "technology": "GSM 1800",
        "tower:type": "communication"
      },
      "geometry": {
        "type": "Point",
        "coordinates": [
          4.9113011,
          52.3922178
        ]
      },
      "id": "node/599590664"
    },
    {
      "type": "Feature",
      "properties": {
        "@id": "node/599590665",
        "height": "0",
        "man_made": "tower",
        "technology": "GSM 900",
        "tower:type": "communication"
      },
      "geometry": {
        "type": "Point",
        "coordinates": [
          4.9116199,
          52.3553185
        ]
      },
      "id": "node/599590665"
    },
    {
      "type": "Feature",
      "properties": {
        "@id": "node/599590666",
        "height": "37",
        "man_made": "tower",
        "technology": "GSM 900",
        "tower:type": "communication"
      },
      "geometry": {
        "type": "Point",
        "coordinates": [
          4.911706,
          52.3442858
        ]
      },
      "id": "node/599590666"
    },
    {
      "type": "Feature",
      "properties": {
        "@id": "node/599590667",
        "height": "37",
        "man_made": "tower",
        "technology": "GSM 1800",
        "tower:type": "communication"
      },
      "geometry": {
        "type": "Point",
        "coordinates": [
          4.9117379,
          52.344309
        ]
      },
      "id": "node/599590667"
    },
    {
      "type": "Feature",
      "properties": {
        "@id": "node/599590670",
        "height": "21",
        "man_made": "tower",
        "technology": "UMTS",
        "tower:type": "communication"
      },
      "geometry": {
        "type": "Point",
        "coordinates": [
          4.9112906,
          52.3668664
        ]
      },
      "id": "node/599590670"
    },
    {
      "type": "Feature",
      "properties": {
        "@id": "node/599590671",
        "height": "19",
        "man_made": "tower",
        "technology": "UMTS",
        "tower:type": "communication"
      },
      "geometry": {
        "type": "Point",
        "coordinates": [
          4.9111495,
          52.3668651
        ]
      },
      "id": "node/599590671"
    },
    {
      "type": "Feature",
      "properties": {
        "@id": "node/599590696",
        "height": "19",
        "man_made": "tower",
        "technology": "GSM 1800",
        "tower:type": "communication"
      },
      "geometry": {
        "type": "Point",
        "coordinates": [
          4.9111291,
          52.3668658
        ]
      },
      "id": "node/599590696"
    },
    {
      "type": "Feature",
      "properties": {
        "@id": "node/599590705",
        "height": "27",
        "man_made": "tower",
        "technology": "UMTS",
        "tower:type": "communication"
      },
      "geometry": {
        "type": "Point",
        "coordinates": [
          4.9111476,
          52.3549211
        ]
      },
      "id": "node/599590705"
    },
    {
      "type": "Feature",
      "properties": {
        "@id": "node/599590706",
        "height": "25",
        "man_made": "tower",
        "technology": "GSM 1800",
        "tower:type": "communication"
      },
      "geometry": {
        "type": "Point",
        "coordinates": [
          4.9111251,
          52.3549211
        ]
      },
      "id": "node/599590706"
    },
    {
      "type": "Feature",
      "properties": {
        "@id": "node/599590712",
        "height": "20",
        "man_made": "tower",
        "technology": "UMTS",
        "tower:type": "communication"
      },
      "geometry": {
        "type": "Point",
        "coordinates": [
          4.9081449,
          52.3513
        ]
      },
      "id": "node/599590712"
    },
    {
      "type": "Feature",
      "properties": {
        "@id": "node/599590713",
        "height": "20",
        "man_made": "tower",
        "technology": "GSM 1800",
        "tower:type": "communication"
      },
      "geometry": {
        "type": "Point",
        "coordinates": [
          4.9081698,
          52.3512961
        ]
      },
      "id": "node/599590713"
    },
    {
      "type": "Feature",
      "properties": {
        "@id": "node/599590714",
        "height": "31",
        "man_made": "tower",
        "technology": "GSM 900",
        "tower:type": "communication"
      },
      "geometry": {
        "type": "Point",
        "coordinates": [
          4.9074308,
          52.4047159
        ]
      },
      "id": "node/599590714"
    },
    {
      "type": "Feature",
      "properties": {
        "@id": "node/599590715",
        "height": "32",
        "man_made": "tower",
        "technology": "UMTS",
        "tower:type": "communication"
      },
      "geometry": {
        "type": "Point",
        "coordinates": [
          4.9073734,
          52.4045899
        ]
      },
      "id": "node/599590715"
    },
    {
      "type": "Feature",
      "properties": {
        "@id": "node/599590716",
        "height": "32",
        "man_made": "tower",
        "technology": "GSM 1800",
        "tower:type": "communication"
      },
      "geometry": {
        "type": "Point",
        "coordinates": [
          4.9073734,
          52.4045899
        ]
      },
      "id": "node/599590716"
    },
    {
      "type": "Feature",
      "properties": {
        "@id": "node/599590720",
        "height": "23",
        "man_made": "tower",
        "technology": "UMTS",
        "tower:type": "communication"
      },
      "geometry": {
        "type": "Point",
        "coordinates": [
          4.9050821,
          52.3476961
        ]
      },
      "id": "node/599590720"
    },
    {
      "type": "Feature",
      "properties": {
        "@id": "node/599590721",
        "height": "23",
        "man_made": "tower",
        "technology": "GSM 900",
        "tower:type": "communication"
      },
      "geometry": {
        "type": "Point",
        "coordinates": [
          4.9050973,
          52.3476975
        ]
      },
      "id": "node/599590721"
    },
    {
      "type": "Feature",
      "properties": {
        "@id": "node/599590722",
        "height": "23",
        "man_made": "tower",
        "technology": "GSM 1800",
        "tower:type": "communication"
      },
      "geometry": {
        "type": "Point",
        "coordinates": [
          4.9051117,
          52.3476966
        ]
      },
      "id": "node/599590722"
    },
    {
      "type": "Feature",
      "properties": {
        "@id": "node/599590723",
        "height": "26",
        "man_made": "tower",
        "technology": "UMTS",
        "tower:type": "communication"
      },
      "geometry": {
        "type": "Point",
        "coordinates": [
          4.905114,
          52.3475088
        ]
      },
      "id": "node/599590723"
    },
    {
      "type": "Feature",
      "properties": {
        "@id": "node/599590730",
        "height": "22",
        "man_made": "tower",
        "technology": "GSM 1800",
        "tower:type": "communication"
      },
      "geometry": {
        "type": "Point",
        "coordinates": [
          4.9048596,
          52.3459277
        ]
      },
      "id": "node/599590730"
    },
    {
      "type": "Feature",
      "properties": {
        "@id": "node/599590764",
        "height": "22",
        "man_made": "tower",
        "technology": "UMTS",
        "tower:type": "communication"
      },
      "geometry": {
        "type": "Point",
        "coordinates": [
          4.9038696,
          52.371492
        ]
      },
      "id": "node/599590764"
    },
    {
      "type": "Feature",
      "properties": {
        "@id": "node/599590765",
        "height": "21",
        "man_made": "tower",
        "technology": "UMTS",
        "tower:type": "communication"
      },
      "geometry": {
        "type": "Point",
        "coordinates": [
          4.90333,
          52.4088425
        ]
      },
      "id": "node/599590765"
    },
    {
      "type": "Feature",
      "properties": {
        "@id": "node/599590766",
        "height": "0",
        "man_made": "tower",
        "technology": "GSM 900",
        "tower:type": "communication"
      },
      "geometry": {
        "type": "Point",
        "coordinates": [
          4.9026733,
          52.3680897
        ]
      },
      "id": "node/599590766"
    },
    {
      "type": "Feature",
      "properties": {
        "@id": "node/599590767",
        "height": "26",
        "man_made": "tower",
        "technology": "UMTS",
        "tower:type": "communication"
      },
      "geometry": {
        "type": "Point",
        "coordinates": [
          4.902769,
          52.3671623
        ]
      },
      "id": "node/599590767"
    },
    {
      "type": "Feature",
      "properties": {
        "@id": "node/599590768",
        "height": "23",
        "man_made": "tower",
        "technology": "GSM 900",
        "tower:type": "communication"
      },
      "geometry": {
        "type": "Point",
        "coordinates": [
          4.902683,
          52.3672
        ]
      },
      "id": "node/599590768"
    },
    {
      "type": "Feature",
      "properties": {
        "@id": "node/599590769",
        "height": "34",
        "man_made": "tower",
        "technology": "GSM 1800",
        "tower:type": "communication"
      },
      "geometry": {
        "type": "Point",
        "coordinates": [
          4.9020194,
          52.3688061
        ]
      },
      "id": "node/599590769"
    },
    {
      "type": "Feature",
      "properties": {
        "@id": "node/599590770",
        "height": "23",
        "man_made": "tower",
        "technology": "UMTS",
        "tower:type": "communication"
      },
      "geometry": {
        "type": "Point",
        "coordinates": [
          4.9016321,
          52.3757074
        ]
      },
      "id": "node/599590770"
    },
    {
      "type": "Feature",
      "properties": {
        "@id": "node/599590771",
        "height": "18",
        "man_made": "tower",
        "technology": "GSM 1800",
        "tower:type": "communication"
      },
      "geometry": {
        "type": "Point",
        "coordinates": [
          4.9017951,
          52.34266
        ]
      },
      "id": "node/599590771"
    },
    {
      "type": "Feature",
      "properties": {
        "@id": "node/599590891",
        "height": "7",
        "man_made": "tower",
        "technology": "GSM 900",
        "tower:type": "communication"
      },
      "geometry": {
        "type": "Point",
        "coordinates": [
          4.900533,
          52.3758104
        ]
      },
      "id": "node/599590891"
    },
    {
      "type": "Feature",
      "properties": {
        "@id": "node/599590892",
        "height": "7",
        "man_made": "tower",
        "technology": "GSM 900",
        "tower:type": "communication"
      },
      "geometry": {
        "type": "Point",
        "coordinates": [
          4.9005488,
          52.3743724
        ]
      },
      "id": "node/599590892"
    },
    {
      "type": "Feature",
      "properties": {
        "@id": "node/599590893",
        "height": "0",
        "man_made": "tower",
        "technology": "GSM 900",
        "tower:type": "communication"
      },
      "geometry": {
        "type": "Point",
        "coordinates": [
          4.9004266,
          52.372125
        ]
      },
      "id": "node/599590893"
    },
    {
      "type": "Feature",
      "properties": {
        "@id": "node/599590894",
        "height": "7",
        "man_made": "tower",
        "technology": "GSM 900",
        "tower:type": "communication"
      },
      "geometry": {
        "type": "Point",
        "coordinates": [
          4.899958,
          52.3706671
        ]
      },
      "id": "node/599590894"
    },
    {
      "type": "Feature",
      "properties": {
        "@id": "node/599590895",
        "height": "23",
        "man_made": "tower",
        "technology": "UMTS",
        "tower:type": "communication"
      },
      "geometry": {
        "type": "Point",
        "coordinates": [
          4.8998844,
          52.3612106
        ]
      },
      "id": "node/599590895"
    },
    {
      "type": "Feature",
      "properties": {
        "@id": "node/599590896",
        "height": "22",
        "man_made": "tower",
        "technology": "GSM 1800",
        "tower:type": "communication"
      },
      "geometry": {
        "type": "Point",
        "coordinates": [
          4.8998875,
          52.3612103
        ]
      },
      "id": "node/599590896"
    },
    {
      "type": "Feature",
      "properties": {
        "@id": "node/599590898",
        "height": "23",
        "man_made": "tower",
        "technology": "UMTS",
        "tower:type": "communication"
      },
      "geometry": {
        "type": "Point",
        "coordinates": [
          4.8998333,
          52.3472715
        ]
      },
      "id": "node/599590898"
    },
    {
      "type": "Feature",
      "properties": {
        "@id": "node/599590899",
        "height": "23",
        "man_made": "tower",
        "technology": "GSM 1800",
        "tower:type": "communication"
      },
      "geometry": {
        "type": "Point",
        "coordinates": [
          4.8998151,
          52.3472729
        ]
      },
      "id": "node/599590899"
    },
    {
      "type": "Feature",
      "properties": {
        "@id": "node/599590900",
        "height": "5",
        "man_made": "tower",
        "technology": "GSM 900",
        "tower:type": "communication"
      },
      "geometry": {
        "type": "Point",
        "coordinates": [
          4.8995099,
          52.3676816
        ]
      },
      "id": "node/599590900"
    },
    {
      "type": "Feature",
      "properties": {
        "@id": "node/599590901",
        "height": "7",
        "man_made": "tower",
        "technology": "GSM 900",
        "tower:type": "communication"
      },
      "geometry": {
        "type": "Point",
        "coordinates": [
          4.8989434,
          52.3734671
        ]
      },
      "id": "node/599590901"
    },
    {
      "type": "Feature",
      "properties": {
        "@id": "node/599590903",
        "height": "25",
        "man_made": "tower",
        "technology": "UMTS;GSM 1800",
        "tower:type": "communication"
      },
      "geometry": {
        "type": "Point",
        "coordinates": [
          4.8985734,
          52.3735818
        ]
      },
      "id": "node/599590903"
    },
    {
      "type": "Feature",
      "properties": {
        "@id": "node/599590998",
        "height": "22",
        "man_made": "tower",
        "technology": "UMTS",
        "tower:type": "communication"
      },
      "geometry": {
        "type": "Point",
        "coordinates": [
          4.8976816,
          52.358731
        ]
      },
      "id": "node/599590998"
    },
    {
      "type": "Feature",
      "properties": {
        "@id": "node/599590999",
        "height": "7",
        "man_made": "tower",
        "technology": "GSM 900",
        "tower:type": "communication"
      },
      "geometry": {
        "type": "Point",
        "coordinates": [
          4.8974899,
          52.3721129
        ]
      },
      "id": "node/599590999"
    },
    {
      "type": "Feature",
      "properties": {
        "@id": "node/599591000",
        "height": "24",
        "man_made": "tower",
        "technology": "UMTS",
        "tower:type": "communication"
      },
      "geometry": {
        "type": "Point",
        "coordinates": [
          4.8975483,
          52.3588383
        ]
      },
      "id": "node/599591000"
    },
    {
      "type": "Feature",
      "properties": {
        "@id": "node/599591001",
        "height": "24",
        "man_made": "tower",
        "technology": "GSM 900",
        "tower:type": "communication"
      },
      "geometry": {
        "type": "Point",
        "coordinates": [
          4.8975563,
          52.3588383
        ]
      },
      "id": "node/599591001"
    },
    {
      "type": "Feature",
      "properties": {
        "@id": "node/599591002",
        "height": "24",
        "man_made": "tower",
        "technology": "GSM 1800",
        "tower:type": "communication"
      },
      "geometry": {
        "type": "Point",
        "coordinates": [
          4.89754,
          52.3588363
        ]
      },
      "id": "node/599591002"
    },
    {
      "type": "Feature",
      "properties": {
        "@id": "node/599591003",
        "height": "27",
        "man_made": "tower",
        "technology": "UMTS",
        "tower:type": "communication"
      },
      "geometry": {
        "type": "Point",
        "coordinates": [
          4.8970377,
          52.3701596
        ]
      },
      "id": "node/599591003"
    },
    {
      "type": "Feature",
      "properties": {
        "@id": "node/599591004",
        "height": "27",
        "man_made": "tower",
        "technology": "GSM 1800",
        "tower:type": "communication"
      },
      "geometry": {
        "type": "Point",
        "coordinates": [
          4.8970415,
          52.3701607
        ]
      },
      "id": "node/599591004"
    },
    {
      "type": "Feature",
      "properties": {
        "@id": "node/599591005",
        "height": "19",
        "man_made": "tower",
        "technology": "UMTS",
        "tower:type": "communication"
      },
      "geometry": {
        "type": "Point",
        "coordinates": [
          4.8968452,
          52.3566419
        ]
      },
      "id": "node/599591005"
    },
    {
      "type": "Feature",
      "properties": {
        "@id": "node/599591006",
        "height": "19",
        "man_made": "tower",
        "technology": "GSM 1800",
        "tower:type": "communication"
      },
      "geometry": {
        "type": "Point",
        "coordinates": [
          4.8968532,
          52.3566424
        ]
      },
      "id": "node/599591006"
    },
    {
      "type": "Feature",
      "properties": {
        "@id": "node/599591009",
        "height": "7",
        "man_made": "tower",
        "technology": "GSM 900",
        "tower:type": "communication"
      },
      "geometry": {
        "type": "Point",
        "coordinates": [
          4.8965825,
          52.3744909
        ]
      },
      "id": "node/599591009"
    },
    {
      "type": "Feature",
      "properties": {
        "@id": "node/599591010",
        "height": "7",
        "man_made": "tower",
        "technology": "GSM 900",
        "tower:type": "communication"
      },
      "geometry": {
        "type": "Point",
        "coordinates": [
          4.8961713,
          52.3718378
        ]
      },
      "id": "node/599591010"
    },
    {
      "type": "Feature",
      "properties": {
        "@id": "node/599591011",
        "height": "17",
        "man_made": "mast",
        "technology": "GSM 1800",
        "tower:type": "communication"
      },
      "geometry": {
        "type": "Point",
        "coordinates": [
          4.8961042,
          52.3381065
        ]
      },
      "id": "node/599591011"
    },
    {
      "type": "Feature",
      "properties": {
        "@id": "node/599591013",
        "height": "8",
        "man_made": "tower",
        "technology": "GSM 900",
        "tower:type": "communication"
      },
      "geometry": {
        "type": "Point",
        "coordinates": [
          4.8956457,
          52.3662632
        ]
      },
      "id": "node/599591013"
    },
    {
      "type": "Feature",
      "properties": {
        "@id": "node/599591014",
        "height": "21",
        "man_made": "mast",
        "technology": "UMTS",
        "tower:type": "communication"
      },
      "geometry": {
        "type": "Point",
        "coordinates": [
          4.8958922,
          52.340029
        ]
      },
      "id": "node/599591014"
    },
    {
      "type": "Feature",
      "properties": {
        "@id": "node/599591018",
        "height": "31",
        "man_made": "tower",
        "technology": "GSM 1800",
        "tower:type": "communication"
      },
      "geometry": {
        "type": "Point",
        "coordinates": [
          4.8949404,
          52.4139399
        ]
      },
      "id": "node/599591018"
    },
    {
      "type": "Feature",
      "properties": {
        "@id": "node/599591151",
        "height": "5",
        "man_made": "tower",
        "technology": "GSM 900",
        "tower:type": "communication"
      },
      "geometry": {
        "type": "Point",
        "coordinates": [
          4.8934385,
          52.3667034
        ]
      },
      "id": "node/599591151"
    },
    {
      "type": "Feature",
      "properties": {
        "@id": "node/599591159",
        "height": "36",
        "man_made": "tower",
        "technology": "UMTS",
        "tower:type": "communication"
      },
      "geometry": {
        "type": "Point",
        "coordinates": [
          4.8928142,
          52.3660717
        ]
      },
      "id": "node/599591159"
    },
    {
      "type": "Feature",
      "properties": {
        "@id": "node/599591160",
        "height": "33",
        "man_made": "tower",
        "technology": "GSM 900",
        "tower:type": "communication"
      },
      "geometry": {
        "type": "Point",
        "coordinates": [
          4.8928074,
          52.366071
        ]
      },
      "id": "node/599591160"
    },
    {
      "type": "Feature",
      "properties": {
        "@id": "node/599591161",
        "height": "33",
        "man_made": "tower",
        "technology": "GSM 1800",
        "tower:type": "communication"
      },
      "geometry": {
        "type": "Point",
        "coordinates": [
          4.892821,
          52.3660705
        ]
      },
      "id": "node/599591161"
    },
    {
      "type": "Feature",
      "properties": {
        "@id": "node/599591162",
        "height": "38",
        "man_made": "tower",
        "technology": "UMTS",
        "tower:type": "communication"
      },
      "geometry": {
        "type": "Point",
        "coordinates": [
          4.8922835,
          52.4057411
        ]
      },
      "id": "node/599591162"
    },
    {
      "type": "Feature",
      "properties": {
        "@id": "node/599591163",
        "height": "38",
        "man_made": "tower",
        "technology": "GSM 900",
        "tower:type": "communication"
      },
      "geometry": {
        "type": "Point",
        "coordinates": [
          4.8922835,
          52.4057411
        ]
      },
      "id": "node/599591163"
    },
    {
      "type": "Feature",
      "properties": {
        "@id": "node/599591164",
        "height": "38",
        "man_made": "tower",
        "technology": "GSM 1800",
        "tower:type": "communication"
      },
      "geometry": {
        "type": "Point",
        "coordinates": [
          4.8922835,
          52.4057411
        ]
      },
      "id": "node/599591164"
    },
    {
      "type": "Feature",
      "properties": {
        "@id": "node/599591165",
        "height": "8",
        "man_made": "tower",
        "technology": "GSM 900",
        "tower:type": "communication"
      },
      "geometry": {
        "type": "Point",
        "coordinates": [
          4.8925063,
          52.3713013
        ]
      },
      "id": "node/599591165"
    },
    {
      "type": "Feature",
      "properties": {
        "@id": "node/599591166",
        "height": "17",
        "man_made": "tower",
        "technology": "GSM 1800",
        "tower:type": "communication"
      },
      "geometry": {
        "type": "Point",
        "coordinates": [
          4.8926072,
          52.3635633
        ]
      },
      "id": "node/599591166"
    },
    {
      "type": "Feature",
      "properties": {
        "@id": "node/599591167",
        "height": "32",
        "man_made": "tower",
        "technology": "UMTS",
        "tower:type": "communication"
      },
      "geometry": {
        "type": "Point",
        "coordinates": [
          4.8925406,
          52.357685
        ]
      },
      "id": "node/599591167"
    },
    {
      "type": "Feature",
      "properties": {
        "@id": "node/599591168",
        "height": "32",
        "man_made": "tower",
        "technology": "GSM 1800",
        "tower:type": "communication"
      },
      "geometry": {
        "type": "Point",
        "coordinates": [
          4.8925561,
          52.357685
        ]
      },
      "id": "node/599591168"
    },
    {
      "type": "Feature",
      "properties": {
        "@id": "node/599591184",
        "height": "23",
        "man_made": "tower",
        "technology": "UMTS",
        "tower:type": "communication"
      },
      "geometry": {
        "type": "Point",
        "coordinates": [
          4.8918628,
          52.4039328
        ]
      },
      "id": "node/599591184"
    },
    {
      "type": "Feature",
      "properties": {
        "@id": "node/599591185",
        "height": "28",
        "man_made": "tower",
        "technology": "UMTS",
        "tower:type": "communication"
      },
      "geometry": {
        "type": "Point",
        "coordinates": [
          4.8921495,
          52.3664284
        ]
      },
      "id": "node/599591185"
    },
    {
      "type": "Feature",
      "properties": {
        "@id": "node/599591186",
        "height": "28",
        "man_made": "tower",
        "technology": "GSM 1800",
        "tower:type": "communication"
      },
      "geometry": {
        "type": "Point",
        "coordinates": [
          4.8921432,
          52.3664284
        ]
      },
      "id": "node/599591186"
    },
    {
      "type": "Feature",
      "properties": {
        "@id": "node/599591187",
        "height": "8",
        "man_made": "tower",
        "technology": "GSM 900",
        "tower:type": "communication"
      },
      "geometry": {
        "type": "Point",
        "coordinates": [
          4.8921307,
          52.3716492
        ]
      },
      "id": "node/599591187"
    },
    {
      "type": "Feature",
      "properties": {
        "@id": "node/599591192",
        "height": "26",
        "man_made": "mast",
        "technology": "UMTS",
        "tower:type": "communication"
      },
      "geometry": {
        "type": "Point",
        "coordinates": [
          4.8918517,
          52.349533
        ]
      },
      "id": "node/599591192"
    },
    {
      "type": "Feature",
      "properties": {
        "@id": "node/599591193",
        "height": "26",
        "man_made": "mast",
        "technology": "GSM 900",
        "tower:type": "communication"
      },
      "geometry": {
        "type": "Point",
        "coordinates": [
          4.8918874,
          52.3495389
        ]
      },
      "id": "node/599591193"
    },
    {
      "type": "Feature",
      "properties": {
        "@id": "node/599591194",
        "height": "26",
        "man_made": "mast",
        "technology": "GSM 1800",
        "tower:type": "communication"
      },
      "geometry": {
        "type": "Point",
        "coordinates": [
          4.8918683,
          52.3495303
        ]
      },
      "id": "node/599591194"
    },
    {
      "type": "Feature",
      "properties": {
        "@id": "node/599591195",
        "height": "22",
        "man_made": "tower",
        "technology": "UMTS",
        "tower:type": "communication"
      },
      "geometry": {
        "type": "Point",
        "coordinates": [
          4.8917101,
          52.3597577
        ]
      },
      "id": "node/599591195"
    },
    {
      "type": "Feature",
      "properties": {
        "@id": "node/599591196",
        "height": "21",
        "man_made": "tower",
        "technology": "GSM 900",
        "tower:type": "communication"
      },
      "geometry": {
        "type": "Point",
        "coordinates": [
          4.8917139,
          52.3597575
        ]
      },
      "id": "node/599591196"
    },
    {
      "type": "Feature",
      "properties": {
        "@id": "node/599591197",
        "height": "21",
        "man_made": "tower",
        "technology": "GSM 1800",
        "tower:type": "communication"
      },
      "geometry": {
        "type": "Point",
        "coordinates": [
          4.8917055,
          52.3597577
        ]
      },
      "id": "node/599591197"
    },
    {
      "type": "Feature",
      "properties": {
        "@id": "node/599591198",
        "height": "26",
        "man_made": "mast",
        "technology": "UMTS",
        "tower:type": "communication"
      },
      "geometry": {
        "type": "Point",
        "coordinates": [
          4.891578,
          52.3489121
        ]
      },
      "id": "node/599591198"
    },
    {
      "type": "Feature",
      "properties": {
        "@id": "node/599591201",
        "height": "25",
        "man_made": "mast",
        "technology": "GSM 900",
        "tower:type": "communication"
      },
      "geometry": {
        "type": "Point",
        "coordinates": [
          4.8915818,
          52.3489
        ]
      },
      "id": "node/599591201"
    },
    {
      "type": "Feature",
      "properties": {
        "@id": "node/599591209",
        "height": "25",
        "man_made": "mast",
        "technology": "GSM 1800",
        "tower:type": "communication"
      },
      "geometry": {
        "type": "Point",
        "coordinates": [
          4.8915697,
          52.3488906
        ]
      },
      "id": "node/599591209"
    },
    {
      "type": "Feature",
      "properties": {
        "@id": "node/599591230",
        "height": "8",
        "man_made": "tower",
        "technology": "GSM 900",
        "tower:type": "communication"
      },
      "geometry": {
        "type": "Point",
        "coordinates": [
          4.8909921,
          52.3688323
        ]
      },
      "id": "node/599591230"
    },
    {
      "type": "Feature",
      "properties": {
        "@id": "node/599591231",
        "height": "22",
        "man_made": "tower",
        "technology": "UMTS",
        "tower:type": "communication"
      },
      "geometry": {
        "type": "Point",
        "coordinates": [
          4.8909383,
          52.3539484
        ]
      },
      "id": "node/599591231"
    },
    {
      "type": "Feature",
      "properties": {
        "@id": "node/599591233",
        "height": "21",
        "man_made": "tower",
        "technology": "UMTS",
        "tower:type": "communication"
      },
      "geometry": {
        "type": "Point",
        "coordinates": [
          4.8909241,
          52.3539034
        ]
      },
      "id": "node/599591233"
    },
    {
      "type": "Feature",
      "properties": {
        "@id": "node/599591263",
        "height": "27",
        "man_made": "tower",
        "technology": "UMTS",
        "tower:type": "communication"
      },
      "geometry": {
        "type": "Point",
        "coordinates": [
          4.8906817,
          52.3690107
        ]
      },
      "id": "node/599591263"
    },
    {
      "type": "Feature",
      "properties": {
        "@id": "node/599591285",
        "height": "37",
        "man_made": "tower",
        "technology": "GSM 1800",
        "tower:type": "communication"
      },
      "geometry": {
        "type": "Point",
        "coordinates": [
          4.889683,
          52.4187803
        ]
      },
      "id": "node/599591285"
    },
    {
      "type": "Feature",
      "properties": {
        "@id": "node/599591335",
        "height": "5",
        "man_made": "tower",
        "technology": "GSM 900",
        "tower:type": "communication"
      },
      "geometry": {
        "type": "Point",
        "coordinates": [
          4.8902004,
          52.3674089
        ]
      },
      "id": "node/599591335"
    },
    {
      "type": "Feature",
      "properties": {
        "@id": "node/599591364",
        "height": "22",
        "man_made": "tower",
        "technology": "UMTS",
        "tower:type": "communication"
      },
      "geometry": {
        "type": "Point",
        "coordinates": [
          4.8894988,
          52.371055
        ]
      },
      "id": "node/599591364"
    },
    {
      "type": "Feature",
      "properties": {
        "@id": "node/599591495",
        "height": "24",
        "man_made": "tower",
        "technology": "GSM 1800",
        "tower:type": "communication"
      },
      "geometry": {
        "type": "Point",
        "coordinates": [
          4.8884948,
          52.3885228
        ]
      },
      "id": "node/599591495"
    },
    {
      "type": "Feature",
      "properties": {
        "@id": "node/599591583",
        "height": "34",
        "man_made": "tower",
        "technology": "GSM 900",
        "tower:type": "communication"
      },
      "geometry": {
        "type": "Point",
        "coordinates": [
          4.887913,
          52.4206153
        ]
      },
      "id": "node/599591583"
    },
    {
      "type": "Feature",
      "properties": {
        "@id": "node/599591639",
        "height": "21;22",
        "man_made": "tower",
        "technology": "GSM 900;UMTS",
        "tower:type": "communication"
      },
      "geometry": {
        "type": "Point",
        "coordinates": [
          4.8879384,
          52.3903584
        ]
      },
      "id": "node/599591639"
    },
    {
      "type": "Feature",
      "properties": {
        "@id": "node/599591681",
        "height": "10",
        "man_made": "tower",
        "technology": "GSM 900",
        "tower:type": "communication"
      },
      "geometry": {
        "type": "Point",
        "coordinates": [
          4.8881385,
          52.3666722
        ]
      },
      "id": "node/599591681"
    },
    {
      "type": "Feature",
      "properties": {
        "@id": "node/599591682",
        "height": "22",
        "man_made": "tower",
        "technology": "UMTS",
        "tower:type": "communication"
      },
      "geometry": {
        "type": "Point",
        "coordinates": [
          4.888114,
          52.3636253
        ]
      },
      "id": "node/599591682"
    },
    {
      "type": "Feature",
      "properties": {
        "@id": "node/599591685",
        "height": "29",
        "man_made": "tower",
        "technology": "UMTS",
        "tower:type": "communication"
      },
      "geometry": {
        "type": "Point",
        "coordinates": [
          4.8877125,
          52.3703464
        ]
      },
      "id": "node/599591685"
    },
    {
      "type": "Feature",
      "properties": {
        "@id": "node/599591686",
        "height": "26",
        "man_made": "tower",
        "technology": "GSM 900",
        "tower:type": "communication"
      },
      "geometry": {
        "type": "Point",
        "coordinates": [
          4.8876948,
          52.3703398
        ]
      },
      "id": "node/599591686"
    },
    {
      "type": "Feature",
      "properties": {
        "@id": "node/599591687",
        "height": "26",
        "man_made": "tower",
        "technology": "GSM 1800",
        "tower:type": "communication"
      },
      "geometry": {
        "type": "Point",
        "coordinates": [
          4.8877007,
          52.3703464
        ]
      },
      "id": "node/599591687"
    },
    {
      "type": "Feature",
      "properties": {
        "@id": "node/599591690",
        "height": "6",
        "man_made": "tower",
        "technology": "GSM 900",
        "tower:type": "communication"
      },
      "geometry": {
        "type": "Point",
        "coordinates": [
          4.8870531,
          52.3613649
        ]
      },
      "id": "node/599591690"
    },
    {
      "type": "Feature",
      "properties": {
        "@id": "node/599591691",
        "height": "21",
        "man_made": "tower",
        "technology": "UMTS",
        "tower:type": "communication"
      },
      "geometry": {
        "type": "Point",
        "coordinates": [
          4.8870542,
          52.361266
        ]
      },
      "id": "node/599591691"
    },
    {
      "type": "Feature",
      "properties": {
        "@id": "node/599591692",
        "height": "21",
        "man_made": "tower",
        "technology": "GSM 1800",
        "tower:type": "communication"
      },
      "geometry": {
        "type": "Point",
        "coordinates": [
          4.8870472,
          52.3612642
        ]
      },
      "id": "node/599591692"
    },
    {
      "type": "Feature",
      "properties": {
        "@id": "node/599591736",
        "height": "21",
        "man_made": "tower",
        "technology": "UMTS",
        "tower:type": "communication"
      },
      "geometry": {
        "type": "Point",
        "coordinates": [
          4.8866554,
          52.3719796
        ]
      },
      "id": "node/599591736"
    },
    {
      "type": "Feature",
      "properties": {
        "@id": "node/599591768",
        "height": "15",
        "man_made": "tower",
        "technology": "UMTS",
        "tower:type": "communication"
      },
      "geometry": {
        "type": "Point",
        "coordinates": [
          4.8859537,
          52.4079884
        ]
      },
      "id": "node/599591768"
    },
    {
      "type": "Feature",
      "properties": {
        "@id": "node/599591803",
        "height": "19",
        "man_made": "tower",
        "technology": "UMTS",
        "tower:type": "communication"
      },
      "geometry": {
        "type": "Point",
        "coordinates": [
          4.8861888,
          52.3546923
        ]
      },
      "id": "node/599591803"
    },
    {
      "type": "Feature",
      "properties": {
        "@id": "node/599591810",
        "height": "21",
        "man_made": "tower",
        "technology": "GSM 1800",
        "tower:type": "communication"
      },
      "geometry": {
        "type": "Point",
        "coordinates": [
          4.8861842,
          52.3546821
        ]
      },
      "id": "node/599591810"
    },
    {
      "type": "Feature",
      "properties": {
        "@id": "node/599591811",
        "height": "26",
        "man_made": "tower",
        "technology": "UMTS",
        "tower:type": "communication"
      },
      "geometry": {
        "type": "Point",
        "coordinates": [
          4.8855274,
          52.3872341
        ]
      },
      "id": "node/599591811"
    },
    {
      "type": "Feature",
      "properties": {
        "@id": "node/599591814",
        "height": "22",
        "man_made": "tower",
        "technology": "UMTS",
        "tower:type": "communication"
      },
      "geometry": {
        "type": "Point",
        "coordinates": [
          4.885697,
          52.3566496
        ]
      },
      "id": "node/599591814"
    },
    {
      "type": "Feature",
      "properties": {
        "@id": "node/599591821",
        "height": "19",
        "man_made": "tower",
        "technology": "GSM 900",
        "tower:type": "communication"
      },
      "geometry": {
        "type": "Point",
        "coordinates": [
          4.885672,
          52.3566399
        ]
      },
      "id": "node/599591821"
    },
    {
      "type": "Feature",
      "properties": {
        "@id": "node/599591825",
        "height": "19",
        "man_made": "tower",
        "technology": "GSM 1800",
        "tower:type": "communication"
      },
      "geometry": {
        "type": "Point",
        "coordinates": [
          4.8857008,
          52.3566362
        ]
      },
      "id": "node/599591825"
    },
    {
      "type": "Feature",
      "properties": {
        "@id": "node/599591833",
        "height": "25",
        "man_made": "mast",
        "technology": "UMTS",
        "tower:type": "communication"
      },
      "geometry": {
        "type": "Point",
        "coordinates": [
          4.8848878,
          52.3490582
        ]
      },
      "id": "node/599591833"
    },
    {
      "type": "Feature",
      "properties": {
        "@id": "node/599591841",
        "height": "25",
        "man_made": "mast",
        "technology": "GSM 1800",
        "tower:type": "communication"
      },
      "geometry": {
        "type": "Point",
        "coordinates": [
          4.8849022,
          52.3490605
        ]
      },
      "id": "node/599591841"
    },
    {
      "type": "Feature",
      "properties": {
        "@id": "node/599591850",
        "height": "6",
        "man_made": "tower",
        "technology": "GSM 900",
        "tower:type": "communication"
      },
      "geometry": {
        "type": "Point",
        "coordinates": [
          4.8841095,
          52.3626911
        ]
      },
      "id": "node/599591850"
    },
    {
      "type": "Feature",
      "properties": {
        "@id": "node/599591854",
        "height": "22",
        "man_made": "mast",
        "technology": "UMTS",
        "tower:type": "communication"
      },
      "geometry": {
        "type": "Point",
        "coordinates": [
          4.8843725,
          52.3452924
        ]
      },
      "id": "node/599591854"
    },
    {
      "type": "Feature",
      "properties": {
        "@id": "node/599591862",
        "height": "22",
        "man_made": "mast",
        "technology": "GSM 900",
        "tower:type": "communication"
      },
      "geometry": {
        "type": "Point",
        "coordinates": [
          4.8843581,
          52.3452933
        ]
      },
      "id": "node/599591862"
    },
    {
      "type": "Feature",
      "properties": {
        "@id": "node/599591869",
        "height": "24",
        "man_made": "tower",
        "technology": "GSM 900",
        "tower:type": "communication"
      },
      "geometry": {
        "type": "Point",
        "coordinates": [
          4.8835887,
          52.4091917
        ]
      },
      "id": "node/599591869"
    },
    {
      "type": "Feature",
      "properties": {
        "@id": "node/599591870",
        "height": "25",
        "man_made": "tower",
        "technology": "UMTS",
        "tower:type": "communication"
      },
      "geometry": {
        "type": "Point",
        "coordinates": [
          4.8839993,
          52.368265
        ]
      },
      "id": "node/599591870"
    },
    {
      "type": "Feature",
      "properties": {
        "@id": "node/599591871",
        "height": "25",
        "man_made": "tower",
        "technology": "GSM 1800",
        "tower:type": "communication"
      },
      "geometry": {
        "type": "Point",
        "coordinates": [
          4.88398,
          52.3682634
        ]
      },
      "id": "node/599591871"
    },
    {
      "type": "Feature",
      "properties": {
        "@id": "node/599591877",
        "height": "20",
        "man_made": "tower",
        "technology": "UMTS",
        "tower:type": "communication"
      },
      "geometry": {
        "type": "Point",
        "coordinates": [
          4.8834224,
          52.3708136
        ]
      },
      "id": "node/599591877"
    },
    {
      "type": "Feature",
      "properties": {
        "@id": "node/599591878",
        "height": "8",
        "man_made": "tower",
        "technology": "GSM 900",
        "tower:type": "communication"
      },
      "geometry": {
        "type": "Point",
        "coordinates": [
          4.8830537,
          52.3580553
        ]
      },
      "id": "node/599591878"
    },
    {
      "type": "Feature",
      "properties": {
        "@id": "node/599591880",
        "height": "8",
        "man_made": "tower",
        "technology": "GSM 1800",
        "tower:type": "communication"
      },
      "geometry": {
        "type": "Point",
        "coordinates": [
          4.8830681,
          52.3580585
        ]
      },
      "id": "node/599591880"
    },
    {
      "type": "Feature",
      "properties": {
        "@id": "node/599591881",
        "height": "6",
        "man_made": "tower",
        "technology": "GSM 900",
        "tower:type": "communication"
      },
      "geometry": {
        "type": "Point",
        "coordinates": [
          4.8826155,
          52.3658796
        ]
      },
      "id": "node/599591881"
    },
    {
      "type": "Feature",
      "properties": {
        "@id": "node/599591882",
        "height": "10",
        "man_made": "tower",
        "technology": "GSM 900",
        "tower:type": "communication"
      },
      "geometry": {
        "type": "Point",
        "coordinates": [
          4.8834156,
          52.3646633
        ]
      },
      "id": "node/599591882"
    },
    {
      "type": "Feature",
      "properties": {
        "@id": "node/599591883",
        "height": "12",
        "man_made": "tower",
        "technology": "GSM 900",
        "tower:type": "communication"
      },
      "geometry": {
        "type": "Point",
        "coordinates": [
          4.8826135,
          52.3621088
        ]
      },
      "id": "node/599591883"
    },
    {
      "type": "Feature",
      "properties": {
        "@id": "node/599591884",
        "height": "21",
        "man_made": "tower",
        "technology": "GSM 1800",
        "tower:type": "communication"
      },
      "geometry": {
        "type": "Point",
        "coordinates": [
          4.8823547,
          52.3704405
        ]
      },
      "id": "node/599591884"
    },
    {
      "type": "Feature",
      "properties": {
        "@id": "node/599591895",
        "height": "25",
        "man_made": "tower",
        "technology": "UMTS",
        "tower:type": "communication"
      },
      "geometry": {
        "type": "Point",
        "coordinates": [
          4.8821966,
          52.3732357
        ]
      },
      "id": "node/599591895"
    },
    {
      "type": "Feature",
      "properties": {
        "@id": "node/599591899",
        "height": "24",
        "man_made": "tower",
        "technology": "GSM 900",
        "tower:type": "communication"
      },
      "geometry": {
        "type": "Point",
        "coordinates": [
          4.8821908,
          52.373235
        ]
      },
      "id": "node/599591899"
    },
    {
      "type": "Feature",
      "properties": {
        "@id": "node/599591903",
        "height": "30",
        "man_made": "mast",
        "technology": "GSM 900",
        "tower:type": "communication"
      },
      "geometry": {
        "type": "Point",
        "coordinates": [
          4.8823381,
          52.3486811
        ]
      },
      "id": "node/599591903"
    },
    {
      "type": "Feature",
      "properties": {
        "@id": "node/599591906",
        "height": "21",
        "man_made": "tower",
        "technology": "GSM 1800",
        "tower:type": "communication"
      },
      "geometry": {
        "type": "Point",
        "coordinates": [
          4.8815923,
          52.3591302
        ]
      },
      "id": "node/599591906"
    },
    {
      "type": "Feature",
      "properties": {
        "@id": "node/599591908",
        "height": "34",
        "man_made": "tower",
        "technology": "UMTS",
        "tower:type": "communication"
      },
      "geometry": {
        "type": "Point",
        "coordinates": [
          4.8811357,
          52.363746
        ]
      },
      "id": "node/599591908"
    },
    {
      "type": "Feature",
      "properties": {
        "@id": "node/599591909",
        "height": "31",
        "man_made": "tower",
        "technology": "GSM 900;GSM 1800",
        "tower:type": "communication"
      },
      "geometry": {
        "type": "Point",
        "coordinates": [
          4.8812551,
          52.3638568
        ]
      },
      "id": "node/599591909"
    },
    {
      "type": "Feature",
      "properties": {
        "@id": "node/599591913",
        "height": "26",
        "man_made": "tower",
        "technology": "GSM 900",
        "tower:type": "communication"
      },
      "geometry": {
        "type": "Point",
        "coordinates": [
          4.8807261,
          52.3848901
        ]
      },
      "id": "node/599591913"
    },
    {
      "type": "Feature",
      "properties": {
        "@id": "node/599591914",
        "height": "26",
        "man_made": "tower",
        "technology": "GSM 1800",
        "tower:type": "communication"
      },
      "geometry": {
        "type": "Point",
        "coordinates": [
          4.8807213,
          52.3848948
        ]
      },
      "id": "node/599591914"
    },
    {
      "type": "Feature",
      "properties": {
        "@id": "node/599591957",
        "height": "24",
        "man_made": "tower",
        "technology": "UMTS",
        "tower:type": "communication"
      },
      "geometry": {
        "type": "Point",
        "coordinates": [
          4.8797145,
          52.3586373
        ]
      },
      "id": "node/599591957"
    },
    {
      "type": "Feature",
      "properties": {
        "@id": "node/599592034",
        "height": "20",
        "man_made": "tower",
        "technology": "GSM 1800",
        "tower:type": "communication"
      },
      "geometry": {
        "type": "Point",
        "coordinates": [
          4.8792549,
          52.38307
        ]
      },
      "id": "node/599592034"
    },
    {
      "type": "Feature",
      "properties": {
        "@id": "node/599592052",
        "height": "20",
        "man_made": "tower",
        "technology": "GSM 1800",
        "tower:type": "communication"
      },
      "geometry": {
        "type": "Point",
        "coordinates": [
          4.8796332,
          52.349065
        ]
      },
      "id": "node/599592052"
    },
    {
      "type": "Feature",
      "properties": {
        "@id": "node/599592080",
        "height": "32",
        "man_made": "tower",
        "technology": "GSM 1800",
        "tower:type": "communication"
      },
      "geometry": {
        "type": "Point",
        "coordinates": [
          4.8798708,
          52.3257068
        ]
      },
      "id": "node/599592080"
    },
    {
      "type": "Feature",
      "properties": {
        "@id": "node/599592100",
        "height": "26",
        "man_made": "tower",
        "technology": "UMTS",
        "tower:type": "communication"
      },
      "geometry": {
        "type": "Point",
        "coordinates": [
          4.8789224,
          52.3726818
        ]
      },
      "id": "node/599592100"
    },
    {
      "type": "Feature",
      "properties": {
        "@id": "node/599592224",
        "height": "14",
        "man_made": "tower",
        "technology": "UMTS",
        "tower:type": "communication"
      },
      "geometry": {
        "type": "Point",
        "coordinates": [
          4.8773766,
          52.4126254
        ]
      },
      "id": "node/599592224"
    },
    {
      "type": "Feature",
      "properties": {
        "@id": "node/599592262",
        "height": "19",
        "man_made": "tower",
        "technology": "UMTS",
        "tower:type": "communication"
      },
      "geometry": {
        "type": "Point",
        "coordinates": [
          4.8779594,
          52.354603
        ]
      },
      "id": "node/599592262"
    },
    {
      "type": "Feature",
      "properties": {
        "@id": "node/599592284",
        "height": "19",
        "man_made": "tower",
        "technology": "GSM 1800",
        "tower:type": "communication"
      },
      "geometry": {
        "type": "Point",
        "coordinates": [
          4.8779552,
          52.3546033
        ]
      },
      "id": "node/599592284"
    },
    {
      "type": "Feature",
      "properties": {
        "@id": "node/599592295",
        "height": "4",
        "man_made": "tower",
        "technology": "UMTS",
        "tower:type": "communication"
      },
      "geometry": {
        "type": "Point",
        "coordinates": [
          4.877249,
          52.3598581
        ]
      },
      "id": "node/599592295"
    },
    {
      "type": "Feature",
      "properties": {
        "@id": "node/599592323",
        "height": "6",
        "man_made": "tower",
        "technology": "GSM 900",
        "tower:type": "communication"
      },
      "geometry": {
        "type": "Point",
        "coordinates": [
          4.8772524,
          52.359858
        ]
      },
      "id": "node/599592323"
    },
    {
      "type": "Feature",
      "properties": {
        "@id": "node/599592338",
        "height": "26",
        "man_made": "tower",
        "technology": "GSM 900;UMTS",
        "tower:type": "communication"
      },
      "geometry": {
        "type": "Point",
        "coordinates": [
          4.8764107,
          52.3318735
        ]
      },
      "id": "node/599592338"
    },
    {
      "type": "Feature",
      "properties": {
        "@id": "node/599592530",
        "access": "yes",
        "barrier": "block",
        "bicycle": "yes",
        "foot": "yes",
        "height": "18",
        "man_made": "tower",
        "material": "concrete",
        "motor_vehicle": "no",
        "technology": "UMTS",
        "tower:type": "communication"
      },
      "geometry": {
        "type": "Point",
        "coordinates": [
          4.8752297,
          52.4002084
        ]
      },
      "id": "node/599592530"
    },
    {
      "type": "Feature",
      "properties": {
        "@id": "node/599592558",
        "height": "20",
        "man_made": "tower",
        "technology": "GSM 1800",
        "tower:type": "communication"
      },
      "geometry": {
        "type": "Point",
        "coordinates": [
          4.875229,
          52.4002075
        ]
      },
      "id": "node/599592558"
    },
    {
      "type": "Feature",
      "properties": {
        "@id": "node/599592676",
        "height": "27",
        "man_made": "tower",
        "technology": "UMTS",
        "tower:type": "communication"
      },
      "geometry": {
        "type": "Point",
        "coordinates": [
          4.8747281,
          52.3623639
        ]
      },
      "id": "node/599592676"
    },
    {
      "type": "Feature",
      "properties": {
        "@id": "node/599592735",
        "height": "22",
        "man_made": "tower",
        "technology": "UMTS",
        "tower:type": "communication"
      },
      "geometry": {
        "type": "Point",
        "coordinates": [
          4.8744037,
          52.3672517
        ]
      },
      "id": "node/599592735"
    },
    {
      "type": "Feature",
      "properties": {
        "@id": "node/599592758",
        "height": "22",
        "man_made": "tower",
        "technology": "GSM 1800",
        "tower:type": "communication"
      },
      "geometry": {
        "type": "Point",
        "coordinates": [
          4.8744019,
          52.3672518
        ]
      },
      "id": "node/599592758"
    },
    {
      "type": "Feature",
      "properties": {
        "@id": "node/599592782",
        "height": "19",
        "man_made": "tower",
        "technology": "GSM 1800",
        "tower:type": "communication"
      },
      "geometry": {
        "type": "Point",
        "coordinates": [
          4.8739812,
          52.3555388
        ]
      },
      "id": "node/599592782"
    },
    {
      "type": "Feature",
      "properties": {
        "@id": "node/599592806",
        "height": "29",
        "man_made": "tower",
        "technology": "UMTS",
        "tower:type": "communication"
      },
      "geometry": {
        "type": "Point",
        "coordinates": [
          4.8737299,
          52.3734233
        ]
      },
      "id": "node/599592806"
    },
    {
      "type": "Feature",
      "properties": {
        "@id": "node/599592849",
        "height": "28",
        "man_made": "tower",
        "technology": "GSM 900",
        "tower:type": "communication"
      },
      "geometry": {
        "type": "Point",
        "coordinates": [
          4.8737324,
          52.3734204
        ]
      },
      "id": "node/599592849"
    },
    {
      "type": "Feature",
      "properties": {
        "@id": "node/599592881",
        "height": "28",
        "man_made": "tower",
        "technology": "GSM 1800",
        "tower:type": "communication"
      },
      "geometry": {
        "type": "Point",
        "coordinates": [
          4.8737247,
          52.3734212
        ]
      },
      "id": "node/599592881"
    },
    {
      "type": "Feature",
      "properties": {
        "@id": "node/599592953",
        "height": "20",
        "man_made": "tower",
        "technology": "UMTS",
        "tower:type": "communication"
      },
      "geometry": {
        "type": "Point",
        "coordinates": [
          4.8727601,
          52.3760345
        ]
      },
      "id": "node/599592953"
    },
    {
      "type": "Feature",
      "properties": {
        "@id": "node/599592992",
        "man_made": "mast",
        "tower:type": "communication"
      },
      "geometry": {
        "type": "Point",
        "coordinates": [
          4.8723925,
          52.3962703
        ]
      },
      "id": "node/599592992"
    },
    {
      "type": "Feature",
      "properties": {
        "@id": "node/599593094",
        "height": "46",
        "man_made": "tower",
        "technology": "UMTS",
        "tower:type": "communication"
      },
      "geometry": {
        "type": "Point",
        "coordinates": [
          4.8727644,
          52.3516059
        ]
      },
      "id": "node/599593094"
    },
    {
      "type": "Feature",
      "properties": {
        "@id": "node/599593160",
        "height": "46",
        "man_made": "tower",
        "technology": "GSM 1800",
        "tower:type": "communication"
      },
      "geometry": {
        "type": "Point",
        "coordinates": [
          4.8727394,
          52.3516059
        ]
      },
      "id": "node/599593160"
    },
    {
      "type": "Feature",
      "properties": {
        "@id": "node/599593229",
        "height": "28",
        "man_made": "tower",
        "technology": "GSM 900, UMTS",
        "tower:type": "communication"
      },
      "geometry": {
        "type": "Point",
        "coordinates": [
          4.8722272,
          52.3788852
        ]
      },
      "id": "node/599593229"
    },
    {
      "type": "Feature",
      "properties": {
        "@id": "node/599593302",
        "height": "75",
        "man_made": "tower",
        "technology": "UMTS",
        "tower:type": "communication"
      },
      "geometry": {
        "type": "Point",
        "coordinates": [
          4.8725242,
          52.3399023
        ]
      },
      "id": "node/599593302"
    },
    {
      "type": "Feature",
      "properties": {
        "@id": "node/599593339",
        "height": "75",
        "man_made": "tower",
        "technology": "GSM 900",
        "tower:type": "communication"
      },
      "geometry": {
        "type": "Point",
        "coordinates": [
          4.8725185,
          52.3399027
        ]
      },
      "id": "node/599593339"
    },
    {
      "type": "Feature",
      "properties": {
        "@id": "node/599593454",
        "height": "26",
        "man_made": "tower",
        "technology": "GSM 1800, 900, UMTS",
        "tower:type": "communication"
      },
      "geometry": {
        "type": "Point",
        "coordinates": [
          4.8718411,
          52.3790783
        ]
      },
      "id": "node/599593454"
    },
    {
      "type": "Feature",
      "properties": {
        "@id": "node/599593507",
        "height": "16",
        "man_made": "tower",
        "technology": "UMTS",
        "tower:type": "communication"
      },
      "geometry": {
        "type": "Point",
        "coordinates": [
          4.8724024,
          52.3321997
        ]
      },
      "id": "node/599593507"
    },
    {
      "type": "Feature",
      "properties": {
        "@id": "node/599593541",
        "height": "21",
        "man_made": "tower",
        "technology": "UMTS",
        "tower:type": "communication"
      },
      "geometry": {
        "type": "Point",
        "coordinates": [
          4.8709072,
          52.371209
        ]
      },
      "id": "node/599593541"
    },
    {
      "type": "Feature",
      "properties": {
        "@id": "node/599593586",
        "height": "24",
        "man_made": "tower",
        "technology": "UMTS",
        "tower:type": "communication"
      },
      "geometry": {
        "type": "Point",
        "coordinates": [
          4.8708373,
          52.3661126
        ]
      },
      "id": "node/599593586"
    },
    {
      "type": "Feature",
      "properties": {
        "@id": "node/599593606",
        "height": "23",
        "man_made": "tower",
        "technology": "GSM 900",
        "tower:type": "communication"
      },
      "geometry": {
        "type": "Point",
        "coordinates": [
          4.8708344,
          52.3661127
        ]
      },
      "id": "node/599593606"
    },
    {
      "type": "Feature",
      "properties": {
        "@id": "node/599593626",
        "height": "23",
        "man_made": "tower",
        "technology": "GSM 1800",
        "tower:type": "communication"
      },
      "geometry": {
        "type": "Point",
        "coordinates": [
          4.8708353,
          52.3661114
        ]
      },
      "id": "node/599593626"
    },
    {
      "type": "Feature",
      "properties": {
        "@id": "node/599593653",
        "height": "21",
        "man_made": "mast",
        "technology": "UMTS",
        "tower:type": "communication"
      },
      "geometry": {
        "type": "Point",
        "coordinates": [
          4.8707079,
          52.3499868
        ]
      },
      "id": "node/599593653"
    },
    {
      "type": "Feature",
      "properties": {
        "@id": "node/599593671",
        "height": "22",
        "man_made": "mast",
        "technology": "GSM 1800",
        "tower:type": "communication"
      },
      "geometry": {
        "type": "Point",
        "coordinates": [
          4.8707284,
          52.3499882
        ]
      },
      "id": "node/599593671"
    },
    {
      "type": "Feature",
      "properties": {
        "@id": "node/599593693",
        "height": "30",
        "man_made": "tower",
        "technology": "UMTS",
        "tower:type": "communication"
      },
      "geometry": {
        "type": "Point",
        "coordinates": [
          4.8701097,
          52.3275071
        ]
      },
      "id": "node/599593693"
    },
    {
      "type": "Feature",
      "properties": {
        "@id": "node/599593715",
        "height": "31",
        "man_made": "tower",
        "technology": "GSM 1800",
        "tower:type": "communication"
      },
      "geometry": {
        "type": "Point",
        "coordinates": [
          4.8701097,
          52.3275071
        ]
      },
      "id": "node/599593715"
    },
    {
      "type": "Feature",
      "properties": {
        "@id": "node/599593736",
        "height": "31",
        "man_made": "tower",
        "technology": "UMTS",
        "tower:type": "communication"
      },
      "geometry": {
        "type": "Point",
        "coordinates": [
          4.8695042,
          52.3741947
        ]
      },
      "id": "node/599593736"
    },
    {
      "type": "Feature",
      "properties": {
        "@id": "node/599593867",
        "height": "31",
        "man_made": "tower",
        "technology": "GSM 900",
        "tower:type": "communication"
      },
      "geometry": {
        "type": "Point",
        "coordinates": [
          4.8685725,
          52.3640072
        ]
      },
      "id": "node/599593867"
    },
    {
      "type": "Feature",
      "properties": {
        "@id": "node/599593925",
        "height": "31",
        "man_made": "tower",
        "technology": "GSM 1800",
        "tower:type": "communication"
      },
      "geometry": {
        "type": "Point",
        "coordinates": [
          4.8685832,
          52.3640087
        ]
      },
      "id": "node/599593925"
    },
    {
      "type": "Feature",
      "properties": {
        "@id": "node/599594009",
        "height": "39",
        "man_made": "tower",
        "technology": "UMTS",
        "tower:type": "communication"
      },
      "geometry": {
        "type": "Point",
        "coordinates": [
          4.8687686,
          52.343113
        ]
      },
      "id": "node/599594009"
    },
    {
      "type": "Feature",
      "properties": {
        "@id": "node/599594054",
        "height": "23",
        "man_made": "tower",
        "technology": "UMTS",
        "tower:type": "communication"
      },
      "geometry": {
        "type": "Point",
        "coordinates": [
          4.8665653,
          52.3601083
        ]
      },
      "id": "node/599594054"
    },
    {
      "type": "Feature",
      "properties": {
        "@id": "node/599594056",
        "height": "22",
        "man_made": "tower",
        "technology": "GSM 1800",
        "tower:type": "communication"
      },
      "geometry": {
        "type": "Point",
        "coordinates": [
          4.8665589,
          52.3601081
        ]
      },
      "id": "node/599594056"
    },
    {
      "type": "Feature",
      "properties": {
        "@id": "node/599594061",
        "height": "22",
        "man_made": "tower",
        "technology": "GSM 1800",
        "tower:type": "communication"
      },
      "geometry": {
        "type": "Point",
        "coordinates": [
          4.8664868,
          52.3543341
        ]
      },
      "id": "node/599594061"
    },
    {
      "type": "Feature",
      "properties": {
        "@id": "node/599594078",
        "height": "22",
        "man_made": "tower",
        "technology": "UMTS",
        "tower:type": "communication"
      },
      "geometry": {
        "type": "Point",
        "coordinates": [
          4.8659857,
          52.3601595
        ]
      },
      "id": "node/599594078"
    },
    {
      "type": "Feature",
      "properties": {
        "@id": "node/599594083",
        "height": "20",
        "man_made": "tower",
        "technology": "GSM 900",
        "tower:type": "communication"
      },
      "geometry": {
        "type": "Point",
        "coordinates": [
          4.8659768,
          52.3601544
        ]
      },
      "id": "node/599594083"
    },
    {
      "type": "Feature",
      "properties": {
        "@id": "node/599594088",
        "height": "20",
        "man_made": "tower",
        "technology": "GSM 1800",
        "tower:type": "communication"
      },
      "geometry": {
        "type": "Point",
        "coordinates": [
          4.865986,
          52.3601535
        ]
      },
      "id": "node/599594088"
    },
    {
      "type": "Feature",
      "properties": {
        "@id": "node/599594090",
        "height": "25",
        "man_made": "tower",
        "technology": "GSM 900",
        "tower:type": "communication"
      },
      "geometry": {
        "type": "Point",
        "coordinates": [
          4.8658347,
          52.3542719
        ]
      },
      "id": "node/599594090"
    },
    {
      "type": "Feature",
      "properties": {
        "@id": "node/599594093",
        "height": "31",
        "man_made": "tower",
        "technology": "UMTS",
        "tower:type": "communication"
      },
      "geometry": {
        "type": "Point",
        "coordinates": [
          4.8652053,
          52.3803246
        ]
      },
      "id": "node/599594093"
    },
    {
      "type": "Feature",
      "properties": {
        "@id": "node/599594096",
        "height": "25",
        "man_made": "tower",
        "technology": "GSM 1800",
        "tower:type": "communication"
      },
      "geometry": {
        "type": "Point",
        "coordinates": [
          4.8652153,
          52.3707437
        ]
      },
      "id": "node/599594096"
    },
    {
      "type": "Feature",
      "properties": {
        "@id": "node/599594097",
        "height": "19",
        "man_made": "tower",
        "technology": "UMTS",
        "tower:type": "communication"
      },
      "geometry": {
        "type": "Point",
        "coordinates": [
          4.8652752,
          52.3656479
        ]
      },
      "id": "node/599594097"
    },
    {
      "type": "Feature",
      "properties": {
        "@id": "node/599594105",
        "height": "31",
        "man_made": "tower",
        "technology": "UMTS",
        "tower:type": "communication"
      },
      "geometry": {
        "type": "Point",
        "coordinates": [
          4.862357,
          52.4034353
        ]
      },
      "id": "node/599594105"
    },
    {
      "type": "Feature",
      "properties": {
        "@id": "node/599594106",
        "height": "28",
        "man_made": "tower",
        "technology": "GSM 900",
        "tower:type": "communication"
      },
      "geometry": {
        "type": "Point",
        "coordinates": [
          4.8623489,
          52.4034293
        ]
      },
      "id": "node/599594106"
    },
    {
      "type": "Feature",
      "properties": {
        "@id": "node/599594125",
        "height": "26",
        "man_made": "tower",
        "technology": "UMTS",
        "tower:type": "communication"
      },
      "geometry": {
        "type": "Point",
        "coordinates": [
          4.8623689,
          52.4034345
        ]
      },
      "id": "node/599594125"
    },
    {
      "type": "Feature",
      "properties": {
        "@id": "node/599594168",
        "height": "22",
        "man_made": "tower",
        "technology": "UMTS",
        "tower:type": "communication"
      },
      "geometry": {
        "type": "Point",
        "coordinates": [
          4.8619636,
          52.3712955
        ]
      },
      "id": "node/599594168"
    },
    {
      "type": "Feature",
      "properties": {
        "@id": "node/599594193",
        "height": "14",
        "man_made": "tower",
        "technology": "GSM 900",
        "tower:type": "communication"
      },
      "geometry": {
        "type": "Point",
        "coordinates": [
          4.8614752,
          52.3815304
        ]
      },
      "id": "node/599594193"
    },
    {
      "type": "Feature",
      "properties": {
        "@id": "node/599594211",
        "height": "20",
        "man_made": "tower",
        "technology": "GSM 1800",
        "tower:type": "communication"
      },
      "geometry": {
        "type": "Point",
        "coordinates": [
          4.8608455,
          52.3640465
        ]
      },
      "id": "node/599594211"
    },
    {
      "type": "Feature",
      "properties": {
        "@id": "node/599594212",
        "height": "19",
        "man_made": "tower",
        "technology": "UMTS",
        "tower:type": "communication"
      },
      "geometry": {
        "type": "Point",
        "coordinates": [
          4.8598526,
          52.3586494
        ]
      },
      "id": "node/599594212"
    },
    {
      "type": "Feature",
      "properties": {
        "@id": "node/599594218",
        "height": "24",
        "man_made": "tower",
        "technology": "UMTS",
        "tower:type": "communication"
      },
      "geometry": {
        "type": "Point",
        "coordinates": [
          4.8589673,
          52.3503947
        ]
      },
      "id": "node/599594218"
    },
    {
      "type": "Feature",
      "properties": {
        "@id": "node/599594219",
        "height": "24",
        "man_made": "tower",
        "technology": "GSM 1800",
        "tower:type": "communication"
      },
      "geometry": {
        "type": "Point",
        "coordinates": [
          4.8589555,
          52.3503954
        ]
      },
      "id": "node/599594219"
    },
    {
      "type": "Feature",
      "properties": {
        "@id": "node/599594223",
        "height": "20",
        "man_made": "tower",
        "technology": "UMTS",
        "tower:type": "communication"
      },
      "geometry": {
        "type": "Point",
        "coordinates": [
          4.8585999,
          52.3696988
        ]
      },
      "id": "node/599594223"
    },
    {
      "type": "Feature",
      "properties": {
        "@id": "node/599594225",
        "height": "20",
        "man_made": "tower",
        "technology": "GSM 900",
        "tower:type": "communication"
      },
      "geometry": {
        "type": "Point",
        "coordinates": [
          4.858606,
          52.3696925
        ]
      },
      "id": "node/599594225"
    },
    {
      "type": "Feature",
      "properties": {
        "@id": "node/599594226",
        "height": "20",
        "man_made": "tower",
        "technology": "GSM 1800",
        "tower:type": "communication"
      },
      "geometry": {
        "type": "Point",
        "coordinates": [
          4.8586053,
          52.3696987
        ]
      },
      "id": "node/599594226"
    },
    {
      "type": "Feature",
      "properties": {
        "@id": "node/599594230",
        "height": "20",
        "man_made": "tower",
        "technology": "UMTS",
        "tower:type": "communication"
      },
      "geometry": {
        "type": "Point",
        "coordinates": [
          4.8582607,
          52.3715127
        ]
      },
      "id": "node/599594230"
    },
    {
      "type": "Feature",
      "properties": {
        "@id": "node/599594247",
        "height": "35",
        "man_made": "tower",
        "technology": "GSM 900",
        "tower:type": "communication"
      },
      "geometry": {
        "type": "Point",
        "coordinates": [
          4.8582291,
          52.3273647
        ]
      },
      "id": "node/599594247"
    },
    {
      "type": "Feature",
      "properties": {
        "@id": "node/599594279",
        "height": "26.25",
        "man_made": "tower",
        "technology": "UMTS;GSM 900",
        "tower:type": "communication"
      },
      "geometry": {
        "type": "Point",
        "coordinates": [
          4.8565652,
          52.3578585
        ]
      },
      "id": "node/599594279"
    },
    {
      "type": "Feature",
      "properties": {
        "@id": "node/599594351",
        "height": "35",
        "man_made": "tower",
        "technology": "GSM 1800",
        "tower:type": "communication"
      },
      "geometry": {
        "type": "Point",
        "coordinates": [
          4.855764,
          52.357475
        ]
      },
      "id": "node/599594351"
    },
    {
      "type": "Feature",
      "properties": {
        "@id": "node/599594363",
        "height": "25",
        "man_made": "tower",
        "technology": "UMTS",
        "tower:type": "communication"
      },
      "geometry": {
        "type": "Point",
        "coordinates": [
          4.8546837,
          52.3783543
        ]
      },
      "id": "node/599594363"
    },
    {
      "type": "Feature",
      "properties": {
        "@id": "node/599594411",
        "height": "23",
        "man_made": "tower",
        "technology": "GSM 900",
        "tower:type": "communication"
      },
      "geometry": {
        "type": "Point",
        "coordinates": [
          4.8546837,
          52.3783543
        ]
      },
      "id": "node/599594411"
    },
    {
      "type": "Feature",
      "properties": {
        "@id": "node/599594438",
        "height": "23",
        "man_made": "tower",
        "technology": "GSM 1800",
        "tower:type": "communication"
      },
      "geometry": {
        "type": "Point",
        "coordinates": [
          4.8546837,
          52.3783543
        ]
      },
      "id": "node/599594438"
    },
    {
      "type": "Feature",
      "properties": {
        "@id": "node/599594478",
        "height": "21",
        "man_made": "tower",
        "technology": "GSM 1800",
        "tower:type": "communication"
      },
      "geometry": {
        "type": "Point",
        "coordinates": [
          4.8543819,
          52.3729154
        ]
      },
      "id": "node/599594478"
    },
    {
      "type": "Feature",
      "properties": {
        "@id": "node/599594504",
        "height": "20",
        "man_made": "tower",
        "technology": "UMTS",
        "tower:type": "communication"
      },
      "geometry": {
        "type": "Point",
        "coordinates": [
          4.853473,
          52.3679051
        ]
      },
      "id": "node/599594504"
    },
    {
      "type": "Feature",
      "properties": {
        "@id": "node/599594550",
        "height": "22",
        "man_made": "tower",
        "technology": "UMTS",
        "tower:type": "communication"
      },
      "geometry": {
        "type": "Point",
        "coordinates": [
          4.8530874,
          52.3499279
        ]
      },
      "id": "node/599594550"
    },
    {
      "type": "Feature",
      "properties": {
        "@id": "node/599594592",
        "height": "20",
        "man_made": "tower",
        "technology": "GSM 1800",
        "tower:type": "communication"
      },
      "geometry": {
        "type": "Point",
        "coordinates": [
          4.8528833,
          52.3644422
        ]
      },
      "id": "node/599594592"
    },
    {
      "type": "Feature",
      "properties": {
        "@id": "node/599594735",
        "height": "33",
        "man_made": "tower",
        "technology": "UMTS",
        "tower:type": "communication"
      },
      "geometry": {
        "type": "Point",
        "coordinates": [
          4.850794,
          52.3476259
        ]
      },
      "id": "node/599594735"
    },
    {
      "type": "Feature",
      "properties": {
        "@id": "node/599594740",
        "height": "38",
        "man_made": "tower",
        "technology": "GSM 900",
        "tower:type": "communication"
      },
      "geometry": {
        "type": "Point",
        "coordinates": [
          4.85081,
          52.3476528
        ]
      },
      "id": "node/599594740"
    },
    {
      "type": "Feature",
      "properties": {
        "@id": "node/599594746",
        "height": "38",
        "man_made": "tower",
        "technology": "GSM 1800",
        "tower:type": "communication"
      },
      "geometry": {
        "type": "Point",
        "coordinates": [
          4.8507961,
          52.3476436
        ]
      },
      "id": "node/599594746"
    },
    {
      "type": "Feature",
      "properties": {
        "@id": "node/599594750",
        "height": "31",
        "man_made": "tower",
        "technology": "UMTS",
        "tower:type": "communication"
      },
      "geometry": {
        "type": "Point",
        "coordinates": [
          4.850434,
          52.3474946
        ]
      },
      "id": "node/599594750"
    },
    {
      "type": "Feature",
      "properties": {
        "@id": "node/599594751",
        "height": "31",
        "man_made": "tower",
        "technology": "GSM 1800",
        "tower:type": "communication"
      },
      "geometry": {
        "type": "Point",
        "coordinates": [
          4.8504458,
          52.3474802
        ]
      },
      "id": "node/599594751"
    },
    {
      "type": "Feature",
      "properties": {
        "@id": "node/599594753",
        "height": "21",
        "man_made": "tower",
        "technology": "UMTS",
        "tower:type": "communication"
      },
      "geometry": {
        "type": "Point",
        "coordinates": [
          4.8483919,
          52.3728074
        ]
      },
      "id": "node/599594753"
    },
    {
      "type": "Feature",
      "properties": {
        "@id": "node/599594754",
        "height": "21",
        "man_made": "tower",
        "technology": "GSM 1800",
        "tower:type": "communication"
      },
      "geometry": {
        "type": "Point",
        "coordinates": [
          4.8483919,
          52.3728074
        ]
      },
      "id": "node/599594754"
    },
    {
      "type": "Feature",
      "properties": {
        "@id": "node/599594755",
        "height": "23",
        "man_made": "tower",
        "technology": "UMTS",
        "tower:type": "communication"
      },
      "geometry": {
        "type": "Point",
        "coordinates": [
          4.8483471,
          52.3523151
        ]
      },
      "id": "node/599594755"
    },
    {
      "type": "Feature",
      "properties": {
        "@id": "node/599594773",
        "height": "26",
        "man_made": "tower",
        "technology": "UMTS",
        "tower:type": "communication"
      },
      "geometry": {
        "type": "Point",
        "coordinates": [
          4.8473738,
          52.3539015
        ]
      },
      "id": "node/599594773"
    },
    {
      "type": "Feature",
      "properties": {
        "@id": "node/599594774",
        "height": "23",
        "man_made": "tower",
        "technology": "GSM 900",
        "tower:type": "communication"
      },
      "geometry": {
        "type": "Point",
        "coordinates": [
          4.8473098,
          52.3538665
        ]
      },
      "id": "node/599594774"
    },
    {
      "type": "Feature",
      "properties": {
        "@id": "node/599594785",
        "height": "23",
        "man_made": "tower",
        "technology": "UMTS",
        "tower:type": "communication"
      },
      "geometry": {
        "type": "Point",
        "coordinates": [
          4.8466346,
          52.376026
        ]
      },
      "id": "node/599594785"
    },
    {
      "type": "Feature",
      "properties": {
        "@id": "node/599594794",
        "height": "21",
        "man_made": "tower",
        "technology": "GSM 900",
        "tower:type": "communication"
      },
      "geometry": {
        "type": "Point",
        "coordinates": [
          4.8466346,
          52.376026
        ]
      },
      "id": "node/599594794"
    },
    {
      "type": "Feature",
      "properties": {
        "@id": "node/599594795",
        "height": "21",
        "man_made": "tower",
        "technology": "GSM 1800",
        "tower:type": "communication"
      },
      "geometry": {
        "type": "Point",
        "coordinates": [
          4.8466346,
          52.376026
        ]
      },
      "id": "node/599594795"
    },
    {
      "type": "Feature",
      "properties": {
        "@id": "node/599594799",
        "height": "38",
        "man_made": "tower",
        "technology": "UMTS",
        "tower:type": "communication"
      },
      "geometry": {
        "type": "Point",
        "coordinates": [
          4.8448485,
          52.3504033
        ]
      },
      "id": "node/599594799"
    },
    {
      "type": "Feature",
      "properties": {
        "@id": "node/599594804",
        "height": "38",
        "man_made": "tower",
        "technology": "GSM 1800",
        "tower:type": "communication"
      },
      "geometry": {
        "type": "Point",
        "coordinates": [
          4.8448474,
          52.3504387
        ]
      },
      "id": "node/599594804"
    },
    {
      "type": "Feature",
      "properties": {
        "@id": "node/599594809",
        "height": "40",
        "man_made": "tower",
        "technology": "GSM 900",
        "tower:type": "communication"
      },
      "geometry": {
        "type": "Point",
        "coordinates": [
          4.8445252,
          52.3503833
        ]
      },
      "id": "node/599594809"
    },
    {
      "type": "Feature",
      "properties": {
        "@id": "node/599594816",
        "height": "40",
        "man_made": "tower",
        "technology": "GSM 1800",
        "tower:type": "communication"
      },
      "geometry": {
        "type": "Point",
        "coordinates": [
          4.8445499,
          52.3503872
        ]
      },
      "id": "node/599594816"
    },
    {
      "type": "Feature",
      "properties": {
        "@id": "node/599594835",
        "height": "56",
        "man_made": "tower",
        "technology": "UMTS",
        "tower:type": "communication"
      },
      "geometry": {
        "type": "Point",
        "coordinates": [
          4.843443,
          52.3656395
        ]
      },
      "id": "node/599594835"
    },
    {
      "type": "Feature",
      "properties": {
        "@id": "node/599594851",
        "height": "16",
        "man_made": "tower",
        "technology": "GSM 900",
        "tower:type": "communication"
      },
      "geometry": {
        "type": "Point",
        "coordinates": [
          4.8429456,
          52.3698407
        ]
      },
      "id": "node/599594851"
    },
    {
      "type": "Feature",
      "properties": {
        "@id": "node/599594864",
        "height": "16",
        "man_made": "tower",
        "technology": "GSM 900",
        "tower:type": "communication"
      },
      "geometry": {
        "type": "Point",
        "coordinates": [
          4.8419765,
          52.3547486
        ]
      },
      "id": "node/599594864"
    },
    {
      "type": "Feature",
      "properties": {
        "@id": "node/599594879",
        "height": "28",
        "man_made": "tower",
        "technology": "UMTS",
        "tower:type": "communication"
      },
      "geometry": {
        "type": "Point",
        "coordinates": [
          4.8401923,
          52.3589736
        ]
      },
      "id": "node/599594879"
    },
    {
      "type": "Feature",
      "properties": {
        "@id": "node/599594886",
        "height": "27",
        "man_made": "tower",
        "technology": "GSM 1800",
        "tower:type": "communication"
      },
      "geometry": {
        "type": "Point",
        "coordinates": [
          4.8401846,
          52.3589502
        ]
      },
      "id": "node/599594886"
    },
    {
      "type": "Feature",
      "properties": {
        "@id": "node/599594892",
        "height": "26",
        "man_made": "tower",
        "technology": "UMTS",
        "tower:type": "communication"
      },
      "geometry": {
        "type": "Point",
        "coordinates": [
          4.8400163,
          52.3589638
        ]
      },
      "id": "node/599594892"
    },
    {
      "type": "Feature",
      "properties": {
        "@id": "node/599594898",
        "height": "25",
        "man_made": "tower",
        "technology": "GSM 900",
        "tower:type": "communication"
      },
      "geometry": {
        "type": "Point",
        "coordinates": [
          4.8401031,
          52.3589513
        ]
      },
      "id": "node/599594898"
    },
    {
      "type": "Feature",
      "properties": {
        "@id": "node/599594904",
        "height": "19",
        "man_made": "tower",
        "technology": "UMTS",
        "tower:type": "communication"
      },
      "geometry": {
        "type": "Point",
        "coordinates": [
          4.8396359,
          52.3767039
        ]
      },
      "id": "node/599594904"
    },
    {
      "type": "Feature",
      "properties": {
        "@id": "node/599594910",
        "height": "19",
        "man_made": "tower",
        "technology": "GSM 1800",
        "tower:type": "communication"
      },
      "geometry": {
        "type": "Point",
        "coordinates": [
          4.8396359,
          52.3767039
        ]
      },
      "id": "node/599594910"
    },
    {
      "type": "Feature",
      "properties": {
        "@id": "node/599594948",
        "height": "34",
        "man_made": "tower",
        "technology": "UMTS",
        "tower:type": "communication"
      },
      "geometry": {
        "type": "Point",
        "coordinates": [
          4.8375832,
          52.368138
        ]
      },
      "id": "node/599594948"
    },
    {
      "type": "Feature",
      "properties": {
        "@id": "node/599594949",
        "height": "34",
        "man_made": "tower",
        "technology": "GSM 1800",
        "tower:type": "communication"
      },
      "geometry": {
        "type": "Point",
        "coordinates": [
          4.8375832,
          52.368138
        ]
      },
      "id": "node/599594949"
    },
    {
      "type": "Feature",
      "properties": {
        "@id": "node/599594951",
        "height": "38",
        "man_made": "tower",
        "technology": "UMTS",
        "tower:type": "communication"
      },
      "geometry": {
        "type": "Point",
        "coordinates": [
          4.837321,
          52.3682191
        ]
      },
      "id": "node/599594951"
    },
    {
      "type": "Feature",
      "properties": {
        "@id": "node/599594957",
        "height": "36",
        "man_made": "tower",
        "technology": "GSM 900",
        "tower:type": "communication"
      },
      "geometry": {
        "type": "Point",
        "coordinates": [
          4.837364,
          52.3682224
        ]
      },
      "id": "node/599594957"
    },
    {
      "type": "Feature",
      "properties": {
        "@id": "node/599594959",
        "height": "36",
        "man_made": "tower",
        "technology": "GSM 1800",
        "tower:type": "communication"
      },
      "geometry": {
        "type": "Point",
        "coordinates": [
          4.8372728,
          52.3682256
        ]
      },
      "id": "node/599594959"
    },
    {
      "type": "Feature",
      "properties": {
        "@id": "node/599595175",
        "height": "25",
        "man_made": "tower",
        "technology": "GSM 900",
        "tower:type": "communication"
      },
      "geometry": {
        "type": "Point",
        "coordinates": [
          4.8328189,
          52.351075
        ]
      },
      "id": "node/599595175"
    },
    {
      "type": "Feature",
      "properties": {
        "@id": "node/599595176",
        "height": "20",
        "man_made": "tower",
        "technology": "UMTS",
        "tower:type": "communication"
      },
      "geometry": {
        "type": "Point",
        "coordinates": [
          4.8308079,
          52.3557752
        ]
      },
      "id": "node/599595176"
    },
    {
      "type": "Feature",
      "properties": {
        "@id": "node/599595177",
        "height": "19",
        "man_made": "tower",
        "technology": "UMTS",
        "tower:type": "communication"
      },
      "geometry": {
        "type": "Point",
        "coordinates": [
          4.8305261,
          52.374729
        ]
      },
      "id": "node/599595177"
    },
    {
      "type": "Feature",
      "properties": {
        "@id": "node/599595178",
        "height": "19",
        "man_made": "tower",
        "technology": "GSM 1800",
        "tower:type": "communication"
      },
      "geometry": {
        "type": "Point",
        "coordinates": [
          4.830535,
          52.374743
        ]
      },
      "id": "node/599595178"
    },
    {
      "type": "Feature",
      "properties": {
        "@id": "node/599595179",
        "height": "21",
        "man_made": "tower",
        "technology": "UMTS",
        "tower:type": "communication"
      },
      "geometry": {
        "type": "Point",
        "coordinates": [
          4.8300265,
          52.4071453
        ]
      },
      "id": "node/599595179"
    },
    {
      "type": "Feature",
      "properties": {
        "@id": "node/599595180",
        "height": "21",
        "man_made": "tower",
        "technology": "GSM 1800",
        "tower:type": "communication"
      },
      "geometry": {
        "type": "Point",
        "coordinates": [
          4.830016,
          52.4071453
        ]
      },
      "id": "node/599595180"
    },
    {
      "type": "Feature",
      "properties": {
        "@id": "node/599595182",
        "height": "27",
        "man_made": "tower",
        "technology": "UMTS",
        "tower:type": "communication"
      },
      "geometry": {
        "type": "Point",
        "coordinates": [
          4.8281924,
          52.3512288
        ]
      },
      "id": "node/599595182"
    },
    {
      "type": "Feature",
      "properties": {
        "@id": "node/599595183",
        "height": "27",
        "man_made": "tower",
        "technology": "GSM 1800",
        "tower:type": "communication"
      },
      "geometry": {
        "type": "Point",
        "coordinates": [
          4.8282185,
          52.3512323
        ]
      },
      "id": "node/599595183"
    },
    {
      "type": "Feature",
      "properties": {
        "@id": "node/599595184",
        "man_made": "mast",
        "tower:type": "communication"
      },
      "geometry": {
        "type": "Point",
        "coordinates": [
          4.8273835,
          52.3881757
        ]
      },
      "id": "node/599595184"
    },
    {
      "type": "Feature",
      "properties": {
        "@id": "node/599595237",
        "height": "26",
        "man_made": "tower",
        "technology": "UMTS",
        "tower:type": "communication"
      },
      "geometry": {
        "type": "Point",
        "coordinates": [
          4.8224506,
          52.3550166
        ]
      },
      "id": "node/599595237"
    },
    {
      "type": "Feature",
      "properties": {
        "@id": "node/599595238",
        "height": "25",
        "man_made": "tower",
        "technology": "GSM 900",
        "tower:type": "communication"
      },
      "geometry": {
        "type": "Point",
        "coordinates": [
          4.8224506,
          52.3550166
        ]
      },
      "id": "node/599595238"
    },
    {
      "type": "Feature",
      "properties": {
        "@id": "node/599595239",
        "height": "41",
        "man_made": "tower",
        "technology": "UMTS",
        "tower:type": "communication"
      },
      "geometry": {
        "type": "Point",
        "coordinates": [
          4.8212356,
          52.3789182
        ]
      },
      "id": "node/599595239"
    },
    {
      "type": "Feature",
      "properties": {
        "@id": "node/599595240",
        "height": "43",
        "man_made": "tower",
        "technology": "GSM 1800",
        "tower:type": "communication"
      },
      "geometry": {
        "type": "Point",
        "coordinates": [
          4.821212,
          52.3789182
        ]
      },
      "id": "node/599595240"
    },
    {
      "type": "Feature",
      "properties": {
        "@id": "node/599595255",
        "height": "25",
        "man_made": "tower",
        "technology": "UMTS",
        "tower:type": "communication"
      },
      "geometry": {
        "type": "Point",
        "coordinates": [
          4.8181501,
          52.3745448
        ]
      },
      "id": "node/599595255"
    },
    {
      "type": "Feature",
      "properties": {
        "@id": "node/599595273",
        "height": "25",
        "man_made": "tower",
        "technology": "GSM 900",
        "tower:type": "communication"
      },
      "geometry": {
        "type": "Point",
        "coordinates": [
          4.8181635,
          52.3745444
        ]
      },
      "id": "node/599595273"
    },
    {
      "type": "Feature",
      "properties": {
        "@id": "node/599595299",
        "height": "25",
        "man_made": "tower",
        "technology": "GSM 1800",
        "tower:type": "communication"
      },
      "geometry": {
        "type": "Point",
        "coordinates": [
          4.8181775,
          52.3745444
        ]
      },
      "id": "node/599595299"
    },
    {
      "type": "Feature",
      "properties": {
        "@id": "node/599595324",
        "height": "29",
        "man_made": "tower",
        "technology": "UMTS",
        "tower:type": "communication"
      },
      "geometry": {
        "type": "Point",
        "coordinates": [
          4.817899,
          52.3837107
        ]
      },
      "id": "node/599595324"
    },
    {
      "type": "Feature",
      "properties": {
        "@id": "node/599595345",
        "height": "32",
        "man_made": "tower",
        "technology": "GSM 1800",
        "tower:type": "communication"
      },
      "geometry": {
        "type": "Point",
        "coordinates": [
          4.817899,
          52.3837107
        ]
      },
      "id": "node/599595345"
    },
    {
      "type": "Feature",
      "properties": {
        "@id": "node/599595370",
        "height": "29",
        "man_made": "tower",
        "technology": "UMTS",
        "tower:type": "communication"
      },
      "geometry": {
        "type": "Point",
        "coordinates": [
          4.8173115,
          52.3837078
        ]
      },
      "id": "node/599595370"
    },
    {
      "type": "Feature",
      "properties": {
        "@id": "node/599595393",
        "height": "26",
        "man_made": "tower",
        "technology": "GSM 900",
        "tower:type": "communication"
      },
      "geometry": {
        "type": "Point",
        "coordinates": [
          4.8173115,
          52.3837078
        ]
      },
      "id": "node/599595393"
    },
    {
      "type": "Feature",
      "properties": {
        "@id": "node/599595437",
        "height": "29",
        "man_made": "tower",
        "technology": "GSM 1800",
        "tower:type": "communication"
      },
      "geometry": {
        "type": "Point",
        "coordinates": [
          4.8116636,
          52.3978721
        ]
      },
      "id": "node/599595437"
    },
    {
      "type": "Feature",
      "properties": {
        "@id": "node/599595459",
        "height": "28",
        "man_made": "tower",
        "technology": "UMTS",
        "tower:type": "communication"
      },
      "geometry": {
        "type": "Point",
        "coordinates": [
          4.8120018,
          52.3427666
        ]
      },
      "id": "node/599595459"
    },
    {
      "type": "Feature",
      "properties": {
        "@id": "node/599595484",
        "height": "27",
        "man_made": "tower",
        "technology": "GSM 900",
        "tower:type": "communication"
      },
      "geometry": {
        "type": "Point",
        "coordinates": [
          4.8120113,
          52.3427698
        ]
      },
      "id": "node/599595484"
    },
    {
      "type": "Feature",
      "properties": {
        "@id": "node/599595506",
        "height": "20",
        "man_made": "tower",
        "technology": "UMTS",
        "tower:type": "communication"
      },
      "geometry": {
        "type": "Point",
        "coordinates": [
          4.8115809,
          52.349931
        ]
      },
      "id": "node/599595506"
    },
    {
      "type": "Feature",
      "properties": {
        "@id": "node/599595525",
        "height": "20",
        "man_made": "tower",
        "technology": "GSM 900",
        "tower:type": "communication"
      },
      "geometry": {
        "type": "Point",
        "coordinates": [
          4.811567,
          52.349931
        ]
      },
      "id": "node/599595525"
    },
    {
      "type": "Feature",
      "properties": {
        "@id": "node/599595545",
        "height": "34",
        "man_made": "tower",
        "technology": "UMTS",
        "tower:type": "communication"
      },
      "geometry": {
        "type": "Point",
        "coordinates": [
          4.8095926,
          52.3769923
        ]
      },
      "id": "node/599595545"
    },
    {
      "type": "Feature",
      "properties": {
        "@id": "node/599595571",
        "height": "34",
        "man_made": "tower",
        "technology": "GSM 1800",
        "tower:type": "communication"
      },
      "geometry": {
        "type": "Point",
        "coordinates": [
          4.8095996,
          52.3769926
        ]
      },
      "id": "node/599595571"
    },
    {
      "type": "Feature",
      "properties": {
        "@id": "node/599595590",
        "height": "30",
        "man_made": "tower",
        "technology": "GSM 1800",
        "tower:type": "communication"
      },
      "geometry": {
        "type": "Point",
        "coordinates": [
          4.8094447,
          52.3550616
        ]
      },
      "id": "node/599595590"
    },
    {
      "type": "Feature",
      "properties": {
        "@id": "node/599595617",
        "height": "32",
        "man_made": "tower",
        "technology": "UMTS",
        "tower:type": "communication"
      },
      "geometry": {
        "type": "Point",
        "coordinates": [
          4.8094653,
          52.3376883
        ]
      },
      "id": "node/599595617"
    },
    {
      "type": "Feature",
      "properties": {
        "@id": "node/599595622",
        "height": "32",
        "man_made": "tower",
        "technology": "GSM 1800",
        "tower:type": "communication"
      },
      "geometry": {
        "type": "Point",
        "coordinates": [
          4.8094664,
          52.3377152
        ]
      },
      "id": "node/599595622"
    },
    {
      "type": "Feature",
      "properties": {
        "@id": "node/599595623",
        "height": "27",
        "man_made": "tower",
        "technology": "UMTS",
        "tower:type": "communication"
      },
      "geometry": {
        "type": "Point",
        "coordinates": [
          4.8093693,
          52.3376877
        ]
      },
      "id": "node/599595623"
    },
    {
      "type": "Feature",
      "properties": {
        "@id": "node/599595624",
        "height": "27",
        "man_made": "tower",
        "technology": "GSM 900",
        "tower:type": "communication"
      },
      "geometry": {
        "type": "Point",
        "coordinates": [
          4.8093918,
          52.3376969
        ]
      },
      "id": "node/599595624"
    },
    {
      "type": "Feature",
      "properties": {
        "@id": "node/599595625",
        "height": "27",
        "man_made": "tower",
        "technology": "GSM 1800",
        "tower:type": "communication"
      },
      "geometry": {
        "type": "Point",
        "coordinates": [
          4.8094218,
          52.3377061
        ]
      },
      "id": "node/599595625"
    },
    {
      "type": "Feature",
      "properties": {
        "@id": "node/599595629",
        "height": "16",
        "man_made": "tower",
        "technology": "UMTS",
        "tower:type": "communication"
      },
      "geometry": {
        "type": "Point",
        "coordinates": [
          4.8081048,
          52.4149764
        ]
      },
      "id": "node/599595629"
    },
    {
      "type": "Feature",
      "properties": {
        "@id": "node/599595631",
        "height": "5",
        "man_made": "tower",
        "technology": "UMTS",
        "tower:type": "communication"
      },
      "geometry": {
        "type": "Point",
        "coordinates": [
          4.8061698,
          52.4148408
        ]
      },
      "id": "node/599595631"
    },
    {
      "type": "Feature",
      "properties": {
        "@id": "node/599595632",
        "height": "3",
        "man_made": "tower",
        "technology": "GSM 900",
        "tower:type": "communication"
      },
      "geometry": {
        "type": "Point",
        "coordinates": [
          4.8061811,
          52.4148411
        ]
      },
      "id": "node/599595632"
    },
    {
      "type": "Feature",
      "properties": {
        "@id": "node/599595633",
        "height": "32",
        "man_made": "tower",
        "technology": "UMTS",
        "tower:type": "communication"
      },
      "geometry": {
        "type": "Point",
        "coordinates": [
          4.8068689,
          52.3593139
        ]
      },
      "id": "node/599595633"
    },
    {
      "type": "Feature",
      "properties": {
        "@id": "node/599595634",
        "height": "32",
        "man_made": "tower",
        "technology": "GSM 1800",
        "tower:type": "communication"
      },
      "geometry": {
        "type": "Point",
        "coordinates": [
          4.8068791,
          52.3593093
        ]
      },
      "id": "node/599595634"
    },
    {
      "type": "Feature",
      "properties": {
        "@id": "node/599595635",
        "height": "27",
        "man_made": "tower",
        "technology": "UMTS",
        "tower:type": "communication"
      },
      "geometry": {
        "type": "Point",
        "coordinates": [
          4.8059194,
          52.4011785
        ]
      },
      "id": "node/599595635"
    },
    {
      "type": "Feature",
      "properties": {
        "@id": "node/599595636",
        "height": "25",
        "man_made": "tower",
        "technology": "GSM 900",
        "tower:type": "communication"
      },
      "geometry": {
        "type": "Point",
        "coordinates": [
          4.8059194,
          52.4011785
        ]
      },
      "id": "node/599595636"
    },
    {
      "type": "Feature",
      "properties": {
        "@id": "node/599595637",
        "height": "28",
        "man_made": "tower",
        "technology": "UMTS",
        "tower:type": "communication"
      },
      "geometry": {
        "type": "Point",
        "coordinates": [
          4.8028027,
          52.3590764
        ]
      },
      "id": "node/599595637"
    },
    {
      "type": "Feature",
      "properties": {
        "@id": "node/599595638",
        "height": "28",
        "man_made": "tower",
        "technology": "GSM 900",
        "tower:type": "communication"
      },
      "geometry": {
        "type": "Point",
        "coordinates": [
          4.8028247,
          52.3590592
        ]
      },
      "id": "node/599595638"
    },
    {
      "type": "Feature",
      "properties": {
        "@id": "node/599595639",
        "height": "28",
        "man_made": "tower",
        "technology": "GSM 1800",
        "tower:type": "communication"
      },
      "geometry": {
        "type": "Point",
        "coordinates": [
          4.8028452,
          52.3590648
        ]
      },
      "id": "node/599595639"
    },
    {
      "type": "Feature",
      "properties": {
        "@id": "node/599595640",
        "height": "29",
        "man_made": "tower",
        "technology": "UMTS",
        "tower:type": "communication"
      },
      "geometry": {
        "type": "Point",
        "coordinates": [
          4.8007764,
          52.3783244
        ]
      },
      "id": "node/599595640"
    },
    {
      "type": "Feature",
      "properties": {
        "@id": "node/599595641",
        "height": "26",
        "man_made": "tower",
        "technology": "GSM 900",
        "tower:type": "communication"
      },
      "geometry": {
        "type": "Point",
        "coordinates": [
          4.800785,
          52.3783244
        ]
      },
      "id": "node/599595641"
    },
    {
      "type": "Feature",
      "properties": {
        "@id": "node/599595642",
        "height": "29",
        "man_made": "tower",
        "technology": "UMTS",
        "tower:type": "communication"
      },
      "geometry": {
        "type": "Point",
        "coordinates": [
          4.800798,
          52.3773448
        ]
      },
      "id": "node/599595642"
    },
    {
      "type": "Feature",
      "properties": {
        "@id": "node/599595643",
        "height": "26",
        "man_made": "tower",
        "technology": "GSM 1800",
        "tower:type": "communication"
      },
      "geometry": {
        "type": "Point",
        "coordinates": [
          4.7965086,
          52.3818353
        ]
      },
      "id": "node/599595643"
    },
    {
      "type": "Feature",
      "properties": {
        "@id": "node/599595644",
        "height": "21",
        "man_made": "tower",
        "technology": "UMTS",
        "tower:type": "communication"
      },
      "geometry": {
        "type": "Point",
        "coordinates": [
          4.7961007,
          52.3959081
        ]
      },
      "id": "node/599595644"
    },
    {
      "type": "Feature",
      "properties": {
        "@id": "node/599595645",
        "height": "14",
        "man_made": "tower",
        "technology": "UMTS",
        "tower:type": "communication"
      },
      "geometry": {
        "type": "Point",
        "coordinates": [
          4.7966874,
          52.3419304
        ]
      },
      "id": "node/599595645"
    },
    {
      "type": "Feature",
      "properties": {
        "@id": "node/599595646",
        "height": "14",
        "man_made": "tower",
        "technology": "GSM 1800",
        "tower:type": "communication"
      },
      "geometry": {
        "type": "Point",
        "coordinates": [
          4.7966639,
          52.3419299
        ]
      },
      "id": "node/599595646"
    },
    {
      "type": "Feature",
      "properties": {
        "@id": "node/599595647",
        "height": "25",
        "man_made": "tower",
        "technology": "GSM 1800",
        "tower:type": "communication"
      },
      "geometry": {
        "type": "Point",
        "coordinates": [
          4.7956655,
          52.3547509
        ]
      },
      "id": "node/599595647"
    },
    {
      "type": "Feature",
      "properties": {
        "@id": "node/599595648",
        "height": "25",
        "man_made": "tower",
        "technology": "GSM 900",
        "tower:type": "communication"
      },
      "geometry": {
        "type": "Point",
        "coordinates": [
          4.791965,
          52.3898746
        ]
      },
      "id": "node/599595648"
    },
    {
      "type": "Feature",
      "properties": {
        "@id": "node/599595649",
        "height": "38",
        "man_made": "tower",
        "technology": "UMTS",
        "tower:type": "communication"
      },
      "geometry": {
        "type": "Point",
        "coordinates": [
          4.7894841,
          52.4071814
        ]
      },
      "id": "node/599595649"
    },
    {
      "type": "Feature",
      "properties": {
        "@id": "node/599595650",
        "height": "38",
        "man_made": "tower",
        "technology": "GSM 1800",
        "tower:type": "communication"
      },
      "geometry": {
        "type": "Point",
        "coordinates": [
          4.7894841,
          52.4071814
        ]
      },
      "id": "node/599595650"
    },
    {
      "type": "Feature",
      "properties": {
        "@id": "node/599595651",
        "height": "16",
        "man_made": "tower",
        "technology": "GSM 1800;GSM 900;UMTS",
        "tower:type": "communication"
      },
      "geometry": {
        "type": "Point",
        "coordinates": [
          4.788898,
          52.3896344
        ]
      },
      "id": "node/599595651"
    },
    {
      "type": "Feature",
      "properties": {
        "@id": "node/599595653",
        "height": "34",
        "man_made": "tower",
        "technology": "UMTS",
        "tower:type": "communication"
      },
      "geometry": {
        "type": "Point",
        "coordinates": [
          4.7883205,
          52.362435
        ]
      },
      "id": "node/599595653"
    },
    {
      "type": "Feature",
      "properties": {
        "@id": "node/599595655",
        "height": "23",
        "man_made": "tower",
        "technology": "UMTS",
        "tower:type": "communication"
      },
      "geometry": {
        "type": "Point",
        "coordinates": [
          4.7853283,
          52.3539258
        ]
      },
      "id": "node/599595655"
    },
    {
      "type": "Feature",
      "properties": {
        "@id": "node/599595656",
        "height": "28",
        "man_made": "tower",
        "technology": "UMTS",
        "tower:type": "communication"
      },
      "geometry": {
        "type": "Point",
        "coordinates": [
          4.7851526,
          52.353889
        ]
      },
      "id": "node/599595656"
    },
    {
      "type": "Feature",
      "properties": {
        "@id": "node/599595657",
        "height": "46",
        "man_made": "tower",
        "technology": "GSM 900",
        "tower:type": "communication"
      },
      "geometry": {
        "type": "Point",
        "coordinates": [
          4.7827578,
          52.3540566
        ]
      },
      "id": "node/599595657"
    },
    {
      "type": "Feature",
      "properties": {
        "@id": "node/599595658",
        "height": "46",
        "man_made": "tower",
        "technology": "GSM 1800",
        "tower:type": "communication"
      },
      "geometry": {
        "type": "Point",
        "coordinates": [
          4.7827578,
          52.3540205
        ]
      },
      "id": "node/599595658"
    },
    {
      "type": "Feature",
      "properties": {
        "@id": "node/599595659",
        "height": "20",
        "man_made": "tower",
        "technology": "UMTS",
        "tower:type": "communication"
      },
      "geometry": {
        "type": "Point",
        "coordinates": [
          4.7810081,
          52.3961733
        ]
      },
      "id": "node/599595659"
    },
    {
      "type": "Feature",
      "properties": {
        "@id": "node/599595660",
        "height": "39",
        "man_made": "tower",
        "technology": "GSM 1800",
        "tower:type": "communication"
      },
      "geometry": {
        "type": "Point",
        "coordinates": [
          4.7809867,
          52.3547665
        ]
      },
      "id": "node/599595660"
    },
    {
      "type": "Feature",
      "properties": {
        "@id": "node/599595946",
        "height": "35",
        "man_made": "tower",
        "technology": "GSM 1800",
        "tower:type": "communication"
      },
      "geometry": {
        "type": "Point",
        "coordinates": [
          4.9575228,
          52.3186443
        ]
      },
      "id": "node/599595946"
    },
    {
      "type": "Feature",
      "properties": {
        "@id": "node/599611324",
        "height": "35",
        "man_made": "tower",
        "technology": "UMTS",
        "tower:type": "communication"
      },
      "geometry": {
        "type": "Point",
        "coordinates": [
          4.9575107,
          52.3186445
        ]
      },
      "id": "node/599611324"
    },
    {
      "type": "Feature",
      "properties": {
        "@id": "node/599611593",
        "height": "26",
        "man_made": "tower",
        "technology": "GSM 1800",
        "tower:type": "communication"
      },
      "geometry": {
        "type": "Point",
        "coordinates": [
          4.8007922,
          52.3783248
        ]
      },
      "id": "node/599611593"
    },
    {
      "type": "Feature",
      "properties": {
        "@id": "node/599611655",
        "height": "28",
        "man_made": "tower",
        "technology": "GSM 1800",
        "tower:type": "communication"
      },
      "geometry": {
        "type": "Point",
        "coordinates": [
          4.8965624,
          52.3699039
        ]
      },
      "id": "node/599611655"
    },
    {
      "type": "Feature",
      "properties": {
        "@id": "node/599611689",
        "height": "31",
        "man_made": "tower",
        "technology": "GSM 1800",
        "tower:type": "communication"
      },
      "geometry": {
        "type": "Point",
        "coordinates": [
          4.9074308,
          52.4047159
        ]
      },
      "id": "node/599611689"
    },
    {
      "type": "Feature",
      "properties": {
        "@id": "node/599611728",
        "height": "42",
        "man_made": "tower",
        "technology": "GSM 1800",
        "tower:type": "communication"
      },
      "geometry": {
        "type": "Point",
        "coordinates": [
          4.9317836,
          52.3997464
        ]
      },
      "id": "node/599611728"
    },
    {
      "type": "Feature",
      "properties": {
        "@id": "node/599611896",
        "height": "18",
        "man_made": "tower",
        "technology": "GSM 900",
        "tower:type": "communication"
      },
      "geometry": {
        "type": "Point",
        "coordinates": [
          5.0004302,
          52.3542579
        ]
      },
      "id": "node/599611896"
    },
    {
      "type": "Feature",
      "properties": {
        "@id": "node/599611944",
        "height": "20",
        "man_made": "tower",
        "technology": "GSM 900",
        "tower:type": "communication"
      },
      "geometry": {
        "type": "Point",
        "coordinates": [
          4.9218179,
          52.3738737
        ]
      },
      "id": "node/599611944"
    },
    {
      "type": "Feature",
      "properties": {
        "@id": "node/599612095",
        "height": "28",
        "man_made": "tower",
        "technology": "GSM 900",
        "tower:type": "communication"
      },
      "geometry": {
        "type": "Point",
        "coordinates": [
          4.8965598,
          52.3699071
        ]
      },
      "id": "node/599612095"
    },
    {
      "type": "Feature",
      "properties": {
        "@id": "node/599612138",
        "height": "35",
        "man_made": "tower",
        "technology": "GSM 900",
        "tower:type": "communication"
      },
      "geometry": {
        "type": "Point",
        "coordinates": [
          4.9031267,
          52.3897789
        ]
      },
      "id": "node/599612138"
    },
    {
      "type": "Feature",
      "properties": {
        "@id": "node/599612179",
        "height": "42",
        "man_made": "tower",
        "technology": "GSM 900",
        "tower:type": "communication"
      },
      "geometry": {
        "type": "Point",
        "coordinates": [
          4.9317818,
          52.3997562
        ]
      },
      "id": "node/599612179"
    },
    {
      "type": "Feature",
      "properties": {
        "@id": "node/599612227",
        "height": "42",
        "man_made": "tower",
        "technology": "GSM 900",
        "tower:type": "communication"
      },
      "geometry": {
        "type": "Point",
        "coordinates": [
          4.9642943,
          52.3551912
        ]
      },
      "id": "node/599612227"
    },
    {
      "type": "Feature",
      "properties": {
        "@id": "node/599612273",
        "height": "54",
        "man_made": "tower",
        "technology": "GSM 900",
        "tower:type": "communication"
      },
      "geometry": {
        "type": "Point",
        "coordinates": [
          4.8439402,
          52.3681943
        ]
      },
      "id": "node/599612273"
    },
    {
      "type": "Feature",
      "properties": {
        "@id": "node/599612312",
        "height": "70",
        "man_made": "tower",
        "technology": "GSM 900",
        "tower:type": "communication"
      },
      "geometry": {
        "type": "Point",
        "coordinates": [
          4.8729027,
          52.3371362
        ]
      },
      "id": "node/599612312"
    },
    {
      "type": "Feature",
      "properties": {
        "@id": "node/599612359",
        "height": "22",
        "man_made": "tower",
        "technology": "UMTS",
        "tower:type": "communication"
      },
      "geometry": {
        "type": "Point",
        "coordinates": [
          4.9217988,
          52.373871
        ]
      },
      "id": "node/599612359"
    },
    {
      "type": "Feature",
      "properties": {
        "@id": "node/599612395",
        "height": "28",
        "man_made": "tower",
        "technology": "UMTS",
        "tower:type": "communication"
      },
      "geometry": {
        "type": "Point",
        "coordinates": [
          4.896556,
          52.3699069
        ]
      },
      "id": "node/599612395"
    },
    {
      "type": "Feature",
      "properties": {
        "@id": "node/599612443",
        "height": "45",
        "man_made": "tower",
        "technology": "UMTS",
        "tower:type": "communication"
      },
      "geometry": {
        "type": "Point",
        "coordinates": [
          4.9117698,
          52.3442951
        ]
      },
      "id": "node/599612443"
    },
    {
      "type": "Feature",
      "properties": {
        "@id": "node/599612465",
        "height": "100",
        "man_made": "tower",
        "technology": "DVBT",
        "tower:type": "communication"
      },
      "geometry": {
        "type": "Point",
        "coordinates": [
          4.9341637,
          52.3857764
        ]
      },
      "id": "node/599612465"
    },
    {
      "type": "Feature",
      "properties": {
        "@id": "node/599612537",
        "height": "5",
        "man_made": "tower",
        "technology": "GSM 1800",
        "tower:type": "communication"
      },
      "geometry": {
        "type": "Point",
        "coordinates": [
          4.8919237,
          52.3708764
        ]
      },
      "id": "node/599612537"
    },
    {
      "type": "Feature",
      "properties": {
        "@id": "node/599612571",
        "height": "8",
        "man_made": "tower",
        "technology": "GSM 1800",
        "tower:type": "communication"
      },
      "geometry": {
        "type": "Point",
        "coordinates": [
          4.8880956,
          52.3665642
        ]
      },
      "id": "node/599612571"
    },
    {
      "type": "Feature",
      "properties": {
        "@id": "node/599612593",
        "height": "12",
        "man_made": "tower",
        "technology": "GSM 1800;UMTS",
        "tower:type": "communication"
      },
      "geometry": {
        "type": "Point",
        "coordinates": [
          4.97378,
          52.3716904
        ]
      },
      "id": "node/599612593"
    },
    {
      "type": "Feature",
      "properties": {
        "@id": "node/599612615",
        "height": "13",
        "man_made": "tower",
        "technology": "GSM 1800",
        "tower:type": "communication"
      },
      "geometry": {
        "type": "Point",
        "coordinates": [
          4.8938538,
          52.3663277
        ]
      },
      "id": "node/599612615"
    },
    {
      "type": "Feature",
      "properties": {
        "@id": "node/599612627",
        "height": "17",
        "man_made": "tower",
        "technology": "GSM 1800",
        "tower:type": "communication"
      },
      "geometry": {
        "type": "Point",
        "coordinates": [
          4.8254239,
          52.3624816
        ]
      },
      "id": "node/599612627"
    },
    {
      "type": "Feature",
      "properties": {
        "@id": "node/599612673",
        "height": "18",
        "man_made": "tower",
        "technology": "GSM 1800",
        "tower:type": "communication"
      },
      "geometry": {
        "type": "Point",
        "coordinates": [
          4.8894945,
          52.3710619
        ]
      },
      "id": "node/599612673"
    },
    {
      "type": "Feature",
      "properties": {
        "@id": "node/599612696",
        "height": "19",
        "man_made": "tower",
        "technology": "GSM 1800",
        "tower:type": "communication"
      },
      "geometry": {
        "type": "Point",
        "coordinates": [
          4.859254,
          52.3754709
        ]
      },
      "id": "node/599612696"
    },
    {
      "type": "Feature",
      "properties": {
        "@id": "node/599612708",
        "height": "19",
        "man_made": "tower",
        "technology": "GSM 1800",
        "tower:type": "communication"
      },
      "geometry": {
        "type": "Point",
        "coordinates": [
          4.9270366,
          52.3450166
        ]
      },
      "id": "node/599612708"
    },
    {
      "type": "Feature",
      "properties": {
        "@id": "node/599612727",
        "height": "19",
        "man_made": "tower",
        "technology": "GSM 1800",
        "tower:type": "communication"
      },
      "geometry": {
        "type": "Point",
        "coordinates": [
          4.9279056,
          52.3525481
        ]
      },
      "id": "node/599612727"
    },
    {
      "type": "Feature",
      "properties": {
        "@id": "node/599612748",
        "height": "20",
        "man_made": "tower",
        "technology": "GSM 1800",
        "tower:type": "communication"
      },
      "geometry": {
        "type": "Point",
        "coordinates": [
          4.853473,
          52.3679051
        ]
      },
      "id": "node/599612748"
    },
    {
      "type": "Feature",
      "properties": {
        "@id": "node/599612768",
        "height": "22",
        "man_made": "tower",
        "technology": "GSM 1800",
        "tower:type": "communication"
      },
      "geometry": {
        "type": "Point",
        "coordinates": [
          4.8195324,
          52.3731489
        ]
      },
      "id": "node/599612768"
    },
    {
      "type": "Feature",
      "properties": {
        "@id": "node/599612809",
        "height": "23",
        "man_made": "tower",
        "technology": "GSM 1800",
        "tower:type": "communication"
      },
      "geometry": {
        "type": "Point",
        "coordinates": [
          4.8116388,
          52.3499942
        ]
      },
      "id": "node/599612809"
    },
    {
      "type": "Feature",
      "properties": {
        "@id": "node/599612831",
        "height": "23",
        "man_made": "tower",
        "technology": "GSM 1800",
        "tower:type": "communication"
      },
      "geometry": {
        "type": "Point",
        "coordinates": [
          4.896731,
          52.3663756
        ]
      },
      "id": "node/599612831"
    },
    {
      "type": "Feature",
      "properties": {
        "@id": "node/599612853",
        "height": "24",
        "man_made": "tower",
        "technology": "GSM 1800",
        "tower:type": "communication"
      },
      "geometry": {
        "type": "Point",
        "coordinates": [
          4.9255183,
          52.3891107
        ]
      },
      "id": "node/599612853"
    },
    {
      "type": "Feature",
      "properties": {
        "@id": "node/599612867",
        "height": "25",
        "man_made": "tower",
        "technology": "GSM 1800",
        "tower:type": "communication"
      },
      "geometry": {
        "type": "Point",
        "coordinates": [
          4.9016355,
          52.3757071
        ]
      },
      "id": "node/599612867"
    },
    {
      "type": "Feature",
      "properties": {
        "@id": "node/599612930",
        "height": "27",
        "man_made": "tower",
        "technology": "GSM 1800",
        "tower:type": "communication"
      },
      "geometry": {
        "type": "Point",
        "coordinates": [
          4.8747244,
          52.3623637
        ]
      },
      "id": "node/599612930"
    },
    {
      "type": "Feature",
      "properties": {
        "@id": "node/599612965",
        "height": "28",
        "man_made": "tower",
        "technology": "GSM 1800",
        "tower:type": "communication"
      },
      "geometry": {
        "type": "Point",
        "coordinates": [
          4.9211523,
          52.3583676
        ]
      },
      "id": "node/599612965"
    },
    {
      "type": "Feature",
      "properties": {
        "@id": "node/599613029",
        "height": "33",
        "man_made": "tower",
        "technology": "GSM 1800",
        "tower:type": "communication"
      },
      "geometry": {
        "type": "Point",
        "coordinates": [
          4.8016164,
          52.3654131
        ]
      },
      "id": "node/599613029"
    },
    {
      "type": "Feature",
      "properties": {
        "@id": "node/599613061",
        "height": "38",
        "man_made": "tower",
        "technology": "GSM 1800",
        "tower:type": "communication"
      },
      "geometry": {
        "type": "Point",
        "coordinates": [
          4.9380883,
          52.4033712
        ]
      },
      "id": "node/599613061"
    },
    {
      "type": "Feature",
      "properties": {
        "@id": "node/599613080",
        "height": "39",
        "man_made": "tower",
        "technology": "GSM 1800",
        "tower:type": "communication"
      },
      "geometry": {
        "type": "Point",
        "coordinates": [
          4.8687686,
          52.343113
        ]
      },
      "id": "node/599613080"
    },
    {
      "type": "Feature",
      "properties": {
        "@id": "node/599613107",
        "height": "48",
        "man_made": "tower",
        "technology": "GSM 1800",
        "tower:type": "communication"
      },
      "geometry": {
        "type": "Point",
        "coordinates": [
          4.9287973,
          52.3976284
        ]
      },
      "id": "node/599613107"
    },
    {
      "type": "Feature",
      "properties": {
        "@id": "node/599613137",
        "height": "18",
        "man_made": "tower",
        "technology": "GSM 900",
        "tower:type": "communication"
      },
      "geometry": {
        "type": "Point",
        "coordinates": [
          4.8592561,
          52.3754718
        ]
      },
      "id": "node/599613137"
    },
    {
      "type": "Feature",
      "properties": {
        "@id": "node/599613144",
        "height": "18",
        "man_made": "tower",
        "technology": "GSM 900",
        "tower:type": "communication"
      },
      "geometry": {
        "type": "Point",
        "coordinates": [
          4.9018209,
          52.34266
        ]
      },
      "id": "node/599613144"
    },
    {
      "type": "Feature",
      "properties": {
        "@id": "node/599613175",
        "height": "19",
        "man_made": "tower",
        "technology": "GSM 900",
        "tower:type": "communication"
      },
      "geometry": {
        "type": "Point",
        "coordinates": [
          4.8396359,
          52.3767039
        ]
      },
      "id": "node/599613175"
    },
    {
      "type": "Feature",
      "properties": {
        "@id": "node/599613207",
        "height": "19",
        "man_made": "tower",
        "technology": "GSM 900",
        "tower:type": "communication"
      },
      "geometry": {
        "type": "Point",
        "coordinates": [
          4.9190672,
          52.37265
        ]
      },
      "id": "node/599613207"
    },
    {
      "type": "Feature",
      "properties": {
        "@id": "node/599613234",
        "height": "19",
        "man_made": "tower",
        "technology": "GSM 900",
        "tower:type": "communication"
      },
      "geometry": {
        "type": "Point",
        "coordinates": [
          4.9278606,
          52.3525691
        ]
      },
      "id": "node/599613234"
    },
    {
      "type": "Feature",
      "properties": {
        "@id": "node/599613263",
        "height": "20",
        "man_made": "tower",
        "technology": "GSM 900",
        "tower:type": "communication"
      },
      "geometry": {
        "type": "Point",
        "coordinates": [
          4.8796376,
          52.349065
        ]
      },
      "id": "node/599613263"
    },
    {
      "type": "Feature",
      "properties": {
        "@id": "node/599613295",
        "height": "20",
        "man_made": "tower",
        "technology": "GSM 900",
        "tower:type": "communication"
      },
      "geometry": {
        "type": "Point",
        "coordinates": [
          4.9433209,
          52.347811
        ]
      },
      "id": "node/599613295"
    },
    {
      "type": "Feature",
      "properties": {
        "@id": "node/599613347",
        "height": "21",
        "man_made": "tower",
        "technology": "GSM 900",
        "tower:type": "communication"
      },
      "geometry": {
        "type": "Point",
        "coordinates": [
          4.9048672,
          52.345917
        ]
      },
      "id": "node/599613347"
    },
    {
      "type": "Feature",
      "properties": {
        "@id": "node/599613358",
        "height": "22",
        "man_made": "tower",
        "technology": "GSM 900",
        "tower:type": "communication"
      },
      "geometry": {
        "type": "Point",
        "coordinates": [
          4.8998852,
          52.3612123
        ]
      },
      "id": "node/599613358"
    },
    {
      "type": "Feature",
      "properties": {
        "@id": "node/599613359",
        "height": "24",
        "man_made": "tower",
        "technology": "GSM 900",
        "tower:type": "communication"
      },
      "geometry": {
        "type": "Point",
        "coordinates": [
          4.921127,
          52.3583651
        ]
      },
      "id": "node/599613359"
    },
    {
      "type": "Feature",
      "properties": {
        "@id": "node/599613360",
        "height": "25",
        "man_made": "tower",
        "technology": "GSM 900",
        "tower:type": "communication"
      },
      "geometry": {
        "type": "Point",
        "coordinates": [
          4.7956465,
          52.3547541
        ]
      },
      "id": "node/599613360"
    },
    {
      "type": "Feature",
      "properties": {
        "@id": "node/599613361",
        "height": "26",
        "man_made": "tower",
        "technology": "GSM 900",
        "tower:type": "communication"
      },
      "geometry": {
        "type": "Point",
        "coordinates": [
          4.8282083,
          52.3512241
        ]
      },
      "id": "node/599613361"
    },
    {
      "type": "Feature",
      "properties": {
        "@id": "node/599613364",
        "height": "30",
        "man_made": "tower",
        "technology": "GSM 900",
        "tower:type": "communication"
      },
      "geometry": {
        "type": "Point",
        "coordinates": [
          4.9192087,
          52.4054281
        ]
      },
      "id": "node/599613364"
    },
    {
      "type": "Feature",
      "properties": {
        "@id": "node/599613366",
        "height": "31",
        "man_made": "tower",
        "technology": "GSM 900",
        "tower:type": "communication"
      },
      "geometry": {
        "type": "Point",
        "coordinates": [
          4.817899,
          52.3837107
        ]
      },
      "id": "node/599613366"
    },
    {
      "type": "Feature",
      "properties": {
        "@id": "node/599613367",
        "height": "31",
        "man_made": "tower",
        "technology": "GSM 900",
        "tower:type": "communication"
      },
      "geometry": {
        "type": "Point",
        "coordinates": [
          4.8504694,
          52.3474743
        ]
      },
      "id": "node/599613367"
    },
    {
      "type": "Feature",
      "properties": {
        "@id": "node/599613368",
        "height": "31",
        "man_made": "tower",
        "technology": "GSM 900",
        "tower:type": "communication"
      },
      "geometry": {
        "type": "Point",
        "coordinates": [
          4.8695067,
          52.3741958
        ]
      },
      "id": "node/599613368"
    },
    {
      "type": "Feature",
      "properties": {
        "@id": "node/599613369",
        "height": "32",
        "man_made": "tower",
        "technology": "GSM 900",
        "tower:type": "communication"
      },
      "geometry": {
        "type": "Point",
        "coordinates": [
          4.809432,
          52.3376778
        ]
      },
      "id": "node/599613369"
    },
    {
      "type": "Feature",
      "properties": {
        "@id": "node/599613370",
        "height": "32",
        "man_made": "tower",
        "technology": "GSM 900",
        "tower:type": "communication"
      },
      "geometry": {
        "type": "Point",
        "coordinates": [
          4.855771,
          52.3574717
        ]
      },
      "id": "node/599613370"
    },
    {
      "type": "Feature",
      "properties": {
        "@id": "node/599613372",
        "height": "32",
        "man_made": "tower",
        "technology": "GSM 900",
        "tower:type": "communication"
      },
      "geometry": {
        "type": "Point",
        "coordinates": [
          4.9073734,
          52.4045899
        ]
      },
      "id": "node/599613372"
    },
    {
      "type": "Feature",
      "properties": {
        "@id": "node/599613376",
        "height": "33",
        "man_made": "tower",
        "technology": "GSM 900",
        "tower:type": "communication"
      },
      "geometry": {
        "type": "Point",
        "coordinates": [
          4.8016255,
          52.3654062
        ]
      },
      "id": "node/599613376"
    },
    {
      "type": "Feature",
      "properties": {
        "@id": "node/599613378",
        "height": "34",
        "man_made": "tower",
        "technology": "GSM 900",
        "tower:type": "communication"
      },
      "geometry": {
        "type": "Point",
        "coordinates": [
          4.8375832,
          52.368138
        ]
      },
      "id": "node/599613378"
    },
    {
      "type": "Feature",
      "properties": {
        "@id": "node/599613382",
        "height": "38",
        "man_made": "tower",
        "technology": "GSM 900",
        "tower:type": "communication"
      },
      "geometry": {
        "type": "Point",
        "coordinates": [
          4.7894841,
          52.4071814
        ]
      },
      "id": "node/599613382"
    },
    {
      "type": "Feature",
      "properties": {
        "@id": "node/599613383",
        "height": "38",
        "man_made": "tower",
        "technology": "GSM 900",
        "tower:type": "communication"
      },
      "geometry": {
        "type": "Point",
        "coordinates": [
          4.9381216,
          52.4033568
        ]
      },
      "id": "node/599613383"
    },
    {
      "type": "Feature",
      "properties": {
        "@id": "node/599613387",
        "height": "39",
        "man_made": "tower",
        "technology": "GSM 900",
        "tower:type": "communication"
      },
      "geometry": {
        "type": "Point",
        "coordinates": [
          4.7810155,
          52.3547535
        ]
      },
      "id": "node/599613387"
    },
    {
      "type": "Feature",
      "properties": {
        "@id": "node/599613388",
        "height": "40",
        "man_made": "tower",
        "technology": "GSM 900;GSM 1800",
        "tower:type": "communication"
      },
      "geometry": {
        "type": "Point",
        "coordinates": [
          4.9466572,
          52.365745
        ]
      },
      "id": "node/599613388"
    },
    {
      "type": "Feature",
      "properties": {
        "@id": "node/599613389",
        "height": "48",
        "man_made": "tower",
        "technology": "GSM 900",
        "tower:type": "communication"
      },
      "geometry": {
        "type": "Point",
        "coordinates": [
          4.9287858,
          52.3976276
        ]
      },
      "id": "node/599613389"
    },
    {
      "type": "Feature",
      "properties": {
        "@id": "node/599613391",
        "height": "52",
        "man_made": "tower",
        "technology": "GSM 900",
        "tower:type": "communication"
      },
      "geometry": {
        "type": "Point",
        "coordinates": [
          4.9542112,
          52.3920618
        ]
      },
      "id": "node/599613391"
    },
    {
      "type": "Feature",
      "properties": {
        "@id": "node/599613394",
        "height": "19",
        "man_made": "tower",
        "technology": "UMTS",
        "tower:type": "communication"
      },
      "geometry": {
        "type": "Point",
        "coordinates": [
          4.9270557,
          52.3450213
        ]
      },
      "id": "node/599613394"
    },
    {
      "type": "Feature",
      "properties": {
        "@id": "node/599613395",
        "height": "19",
        "man_made": "tower",
        "technology": "UMTS",
        "tower:type": "communication"
      },
      "geometry": {
        "type": "Point",
        "coordinates": [
          4.9278831,
          52.3525606
        ]
      },
      "id": "node/599613395"
    },
    {
      "type": "Feature",
      "properties": {
        "@id": "node/599613396",
        "height": "20",
        "man_made": "tower",
        "technology": "UMTS",
        "tower:type": "communication"
      },
      "geometry": {
        "type": "Point",
        "coordinates": [
          4.8535577,
          52.3645261
        ]
      },
      "id": "node/599613396"
    },
    {
      "type": "Feature",
      "properties": {
        "@id": "node/599613397",
        "height": "20",
        "man_made": "tower",
        "technology": "UMTS",
        "tower:type": "communication"
      },
      "geometry": {
        "type": "Point",
        "coordinates": [
          4.879633,
          52.3490619
        ]
      },
      "id": "node/599613397"
    },
    {
      "type": "Feature",
      "properties": {
        "@id": "node/599613404",
        "height": "22",
        "man_made": "tower",
        "technology": "UMTS",
        "tower:type": "communication"
      },
      "geometry": {
        "type": "Point",
        "coordinates": [
          4.8664945,
          52.3543377
        ]
      },
      "id": "node/599613404"
    },
    {
      "type": "Feature",
      "properties": {
        "@id": "node/599613408",
        "height": "24",
        "man_made": "tower",
        "technology": "UMTS",
        "tower:type": "communication"
      },
      "geometry": {
        "type": "Point",
        "coordinates": [
          4.8988043,
          52.3662737
        ]
      },
      "id": "node/599613408"
    },
    {
      "type": "Feature",
      "properties": {
        "@id": "node/599613410",
        "height": "26",
        "man_made": "tower",
        "technology": "UMTS",
        "tower:type": "communication"
      },
      "geometry": {
        "type": "Point",
        "coordinates": [
          4.8938457,
          52.366327
        ]
      },
      "id": "node/599613410"
    },
    {
      "type": "Feature",
      "properties": {
        "@id": "node/599613416",
        "height": "35",
        "man_made": "tower",
        "technology": "UMTS",
        "tower:type": "communication"
      },
      "geometry": {
        "type": "Point",
        "coordinates": [
          4.8557787,
          52.3574731
        ]
      },
      "id": "node/599613416"
    },
    {
      "type": "Feature",
      "properties": {
        "@id": "node/599613417",
        "height": "37",
        "man_made": "tower",
        "technology": "UMTS",
        "tower:type": "communication"
      },
      "geometry": {
        "type": "Point",
        "coordinates": [
          4.8799929,
          52.3625392
        ]
      },
      "id": "node/599613417"
    },
    {
      "type": "Feature",
      "properties": {
        "@id": "node/599613418",
        "height": "38",
        "man_made": "tower",
        "technology": "UMTS",
        "tower:type": "communication"
      },
      "geometry": {
        "type": "Point",
        "coordinates": [
          4.8015982,
          52.3654131
        ]
      },
      "id": "node/599613418"
    },
    {
      "type": "Feature",
      "properties": {
        "@id": "node/599613419",
        "height": "38",
        "man_made": "tower",
        "technology": "UMTS",
        "tower:type": "communication"
      },
      "geometry": {
        "type": "Point",
        "coordinates": [
          4.938113,
          52.4033712
        ]
      },
      "id": "node/599613419"
    },
    {
      "type": "Feature",
      "properties": {
        "@id": "node/599613426",
        "height": "10",
        "man_made": "tower",
        "technology": "GSM 900",
        "tower:type": "communication"
      },
      "geometry": {
        "type": "Point",
        "coordinates": [
          4.8915158,
          52.3679537
        ]
      },
      "id": "node/599613426"
    },
    {
      "type": "Feature",
      "properties": {
        "@id": "node/599613430",
        "height": "25",
        "man_made": "tower",
        "technology": "UMTS",
        "tower:type": "communication"
      },
      "geometry": {
        "type": "Point",
        "coordinates": [
          4.8467079,
          52.3760353
        ]
      },
      "id": "node/599613430"
    },
    {
      "type": "Feature",
      "properties": {
        "@id": "node/599613432",
        "height": "22",
        "man_made": "tower",
        "technology": "UMTS",
        "tower:type": "communication"
      },
      "geometry": {
        "type": "Point",
        "coordinates": [
          4.852824,
          52.3644959
        ]
      },
      "id": "node/599613432"
    },
    {
      "type": "Feature",
      "properties": {
        "@id": "node/599613434",
        "height": "29",
        "man_made": "tower",
        "technology": "UMTS",
        "tower:type": "communication"
      },
      "geometry": {
        "type": "Point",
        "coordinates": [
          4.8177364,
          52.3837908
        ]
      },
      "id": "node/599613434"
    },
    {
      "type": "Feature",
      "properties": {
        "@id": "node/599613439",
        "height": "31",
        "man_made": "tower",
        "technology": "UMTS",
        "tower:type": "communication"
      },
      "geometry": {
        "type": "Point",
        "coordinates": [
          4.8095114,
          52.3769921
        ]
      },
      "id": "node/599613439"
    },
    {
      "type": "Feature",
      "properties": {
        "@id": "node/599613449",
        "height": "35",
        "man_made": "tower",
        "technology": "GSM 900",
        "tower:type": "communication"
      },
      "geometry": {
        "type": "Point",
        "coordinates": [
          4.9031516,
          52.3897868
        ]
      },
      "id": "node/599613449"
    },
    {
      "type": "Feature",
      "properties": {
        "@id": "node/599613460",
        "height": "14",
        "man_made": "tower",
        "technology": "UMTS",
        "tower:type": "communication"
      },
      "geometry": {
        "type": "Point",
        "coordinates": [
          4.9250397,
          52.3874038
        ]
      },
      "id": "node/599613460"
    },
    {
      "type": "Feature",
      "properties": {
        "@id": "node/599613470",
        "height": "35",
        "man_made": "tower",
        "technology": "UMTS",
        "tower:type": "communication"
      },
      "geometry": {
        "type": "Point",
        "coordinates": [
          4.9031414,
          52.389779
        ]
      },
      "id": "node/599613470"
    },
    {
      "type": "Feature",
      "properties": {
        "@id": "node/599613506",
        "height": "32",
        "man_made": "tower",
        "technology": "GSM 900",
        "tower:type": "communication"
      },
      "geometry": {
        "type": "Point",
        "coordinates": [
          4.8012235,
          52.3718194
        ]
      },
      "id": "node/599613506"
    },
    {
      "type": "Feature",
      "properties": {
        "@id": "node/599613535",
        "height": "22",
        "man_made": "tower",
        "technology": "UMTS",
        "tower:type": "communication"
      },
      "geometry": {
        "type": "Point",
        "coordinates": [
          4.8665082,
          52.3542845
        ]
      },
      "id": "node/599613535"
    },
    {
      "type": "Feature",
      "properties": {
        "@id": "node/599613544",
        "height": "24",
        "man_made": "tower",
        "technology": "UMTS",
        "tower:type": "communication"
      },
      "geometry": {
        "type": "Point",
        "coordinates": [
          4.8969422,
          52.3565619
        ]
      },
      "id": "node/599613544"
    },
    {
      "type": "Feature",
      "properties": {
        "@id": "node/599613560",
        "height": "19",
        "man_made": "tower",
        "technology": "GSM 900",
        "tower:type": "communication"
      },
      "geometry": {
        "type": "Point",
        "coordinates": [
          4.8620251,
          52.4067243
        ]
      },
      "id": "node/599613560"
    },
    {
      "type": "Feature",
      "properties": {
        "@id": "node/599613562",
        "height": "20",
        "man_made": "tower",
        "technology": "UMTS",
        "tower:type": "communication"
      },
      "geometry": {
        "type": "Point",
        "coordinates": [
          4.7808605,
          52.3962265
        ]
      },
      "id": "node/599613562"
    },
    {
      "type": "Feature",
      "properties": {
        "@id": "node/599613563",
        "height": "21",
        "man_made": "tower",
        "technology": "UMTS",
        "tower:type": "communication"
      },
      "geometry": {
        "type": "Point",
        "coordinates": [
          4.8620287,
          52.4067253
        ]
      },
      "id": "node/599613563"
    },
    {
      "type": "Feature",
      "properties": {
        "@id": "node/599613566",
        "height": "20",
        "man_made": "tower",
        "technology": "UMTS",
        "tower:type": "communication"
      },
      "geometry": {
        "type": "Point",
        "coordinates": [
          5.0004203,
          52.3542579
        ]
      },
      "id": "node/599613566"
    },
    {
      "type": "Feature",
      "properties": {
        "@id": "node/599613567",
        "height": "3",
        "man_made": "tower",
        "technology": "GSM 900",
        "tower:type": "communication"
      },
      "geometry": {
        "type": "Point",
        "coordinates": [
          4.872858,
          52.3371989
        ]
      },
      "id": "node/599613567"
    },
    {
      "type": "Feature",
      "properties": {
        "@id": "node/599613634",
        "height": "32",
        "man_made": "tower",
        "technology": "GSM 900",
        "tower:type": "communication"
      },
      "geometry": {
        "type": "Point",
        "coordinates": [
          4.9451178,
          52.308038
        ]
      },
      "id": "node/599613634"
    },
    {
      "type": "Feature",
      "properties": {
        "@id": "node/599613635",
        "height": "50",
        "man_made": "tower",
        "technology": "GSM 900",
        "tower:type": "communication"
      },
      "geometry": {
        "type": "Point",
        "coordinates": [
          4.9548565,
          52.3002546
        ]
      },
      "id": "node/599613635"
    },
    {
      "type": "Feature",
      "properties": {
        "@id": "node/599613638",
        "height": "32",
        "man_made": "tower",
        "technology": "UMTS",
        "tower:type": "communication"
      },
      "geometry": {
        "type": "Point",
        "coordinates": [
          4.9451178,
          52.308038
        ]
      },
      "id": "node/599613638"
    },
    {
      "type": "Feature",
      "properties": {
        "@id": "node/599613639",
        "height": "31",
        "man_made": "tower",
        "technology": "GSM 1800",
        "tower:type": "communication"
      },
      "geometry": {
        "type": "Point",
        "coordinates": [
          4.9476022,
          52.3090229
        ]
      },
      "id": "node/599613639"
    },
    {
      "type": "Feature",
      "properties": {
        "@id": "node/599613651",
        "height": "26",
        "man_made": "tower",
        "technology": "GSM 900",
        "tower:type": "communication"
      },
      "geometry": {
        "type": "Point",
        "coordinates": [
          4.9520907,
          52.3147148
        ]
      },
      "id": "node/599613651"
    },
    {
      "type": "Feature",
      "properties": {
        "@id": "node/599613685",
        "height": "31",
        "man_made": "tower",
        "technology": "GSM 900",
        "tower:type": "communication"
      },
      "geometry": {
        "type": "Point",
        "coordinates": [
          4.9476007,
          52.3090359
        ]
      },
      "id": "node/599613685"
    },
    {
      "type": "Feature",
      "properties": {
        "@id": "node/599613712",
        "height": "35",
        "man_made": "tower",
        "technology": "GSM 900",
        "tower:type": "communication"
      },
      "geometry": {
        "type": "Point",
        "coordinates": [
          4.9504175,
          52.3208203
        ]
      },
      "id": "node/599613712"
    },
    {
      "type": "Feature",
      "properties": {
        "@id": "node/599613823",
        "height": "21",
        "man_made": "tower",
        "technology": "UMTS",
        "tower:type": "communication"
      },
      "geometry": {
        "type": "Point",
        "coordinates": [
          4.9445159,
          52.2978076
        ]
      },
      "id": "node/599613823"
    },
    {
      "type": "Feature",
      "properties": {
        "@id": "node/599613843",
        "height": "22",
        "man_made": "tower",
        "technology": "UMTS",
        "tower:type": "communication"
      },
      "geometry": {
        "type": "Point",
        "coordinates": [
          4.9858286,
          52.2976045
        ]
      },
      "id": "node/599613843"
    },
    {
      "type": "Feature",
      "properties": {
        "@id": "node/599613858",
        "height": "30",
        "man_made": "tower",
        "technology": "UMTS",
        "tower:type": "communication"
      },
      "geometry": {
        "type": "Point",
        "coordinates": [
          4.9476295,
          52.3090345
        ]
      },
      "id": "node/599613858"
    },
    {
      "type": "Feature",
      "properties": {
        "@id": "node/599613892",
        "height": "35",
        "man_made": "tower",
        "technology": "UMTS",
        "tower:type": "communication"
      },
      "geometry": {
        "type": "Point",
        "coordinates": [
          4.9504266,
          52.3208217
        ]
      },
      "id": "node/599613892"
    },
    {
      "type": "Feature",
      "properties": {
        "@id": "node/599613911",
        "height": "41",
        "man_made": "tower",
        "technology": "GSM 900;GSM 1800",
        "tower:type": "communication"
      },
      "geometry": {
        "type": "Point",
        "coordinates": [
          4.9760793,
          52.3214515
        ]
      },
      "id": "node/599613911"
    },
    {
      "type": "Feature",
      "properties": {
        "@id": "node/599613912",
        "height": "41",
        "man_made": "tower",
        "technology": "GSM 900",
        "tower:type": "communication"
      },
      "geometry": {
        "type": "Point",
        "coordinates": [
          4.9444784,
          52.3108707
        ]
      },
      "id": "node/599613912"
    },
    {
      "type": "Feature",
      "properties": {
        "@id": "node/599613914",
        "height": "41",
        "man_made": "tower",
        "technology": "UMTS",
        "tower:type": "communication"
      },
      "geometry": {
        "type": "Point",
        "coordinates": [
          4.9445031,
          52.3108668
        ]
      },
      "id": "node/599613914"
    },
    {
      "type": "Feature",
      "properties": {
        "@id": "node/695137000",
        "addr:city": "Amsterdam",
        "addr:country": "NL",
        "addr:street": "Burgerweeshuispad",
        "man_made": "tower",
        "name": "Tripolis 100",
        "note": "office building"
      },
      "geometry": {
        "type": "Point",
        "coordinates": [
          4.8555269,
          52.3398675
        ]
      },
      "id": "node/695137000"
    },
    {
      "type": "Feature",
      "properties": {
        "@id": "node/695137001",
        "addr:city": "Amsterdam",
        "addr:country": "NL",
        "addr:street": "Burgerweeshuispad",
        "man_made": "tower",
        "name": "Tripolis 200",
        "note": "office building"
      },
      "geometry": {
        "type": "Point",
        "coordinates": [
          4.8566856,
          52.3392513
        ]
      },
      "id": "node/695137001"
    },
    {
      "type": "Feature",
      "properties": {
        "@id": "node/717740190",
        "addr:city": "Amsterdam",
        "addr:housenumber": "13",
        "addr:postcode": "1101AE",
        "addr:street": "Kuiperbergweg",
        "name": "Equinix AM7",
        "office": "company",
        "operator": "Equinix",
        "operator:wikidata": "Q851641",
        "ref": "AM7",
        "source": "BAG",
        "source:date": "2014-05-07",
        "telecom": "data_center",
        "website": "https://www.equinix.nl/data-centers/europe-colocation/netherlands-colocation/amsterdam-data-centers/am7"
      },
      "geometry": {
        "type": "Point",
        "coordinates": [
          4.9379392,
          52.3030586
        ]
      },
      "id": "node/717740190"
    },
    {
      "type": "Feature",
      "properties": {
        "@id": "node/1103570441",
        "communication:television": "yes",
        "height": "116",
        "man_made": "mast",
        "tower:construction": "lattice",
        "tower:type": "communication"
      },
      "geometry": {
        "type": "Point",
        "coordinates": [
          4.8632487,
          52.3945976
        ]
      },
      "id": "node/1103570441"
    },
    {
      "type": "Feature",
      "properties": {
        "@id": "node/1125265884",
        "man_made": "tower"
      },
      "geometry": {
        "type": "Point",
        "coordinates": [
          4.9393233,
          52.3155373
        ]
      },
      "id": "node/1125265884"
    },
    {
      "type": "Feature",
      "properties": {
        "@id": "node/1192712605",
        "man_made": "tower",
        "tower:type": "bell_tower"
      },
      "geometry": {
        "type": "Point",
        "coordinates": [
          4.9687545,
          52.3188435
        ]
      },
      "id": "node/1192712605"
    },
    {
      "type": "Feature",
      "properties": {
        "@id": "node/1293223805",
        "man_made": "tower",
        "name": "Zuiderkerkstoren",
        "tourism": "attraction",
        "tower:type": "bell_tower",
        "wikidata": "Q1886733",
        "wikimedia_commons": "Category:Zuiderkerk (Amsterdam)",
        "wikipedia": "nl:Zuiderkerkstoren (Amsterdam)"
      },
      "geometry": {
        "type": "Point",
        "coordinates": [
          4.8995216,
          52.3702214
        ]
      },
      "id": "node/1293223805"
    },
    {
      "type": "Feature",
      "properties": {
        "@id": "node/1432277901",
        "description": "Used for digital communication between emergency services (national C2000 network)",
        "man_made": "mast",
        "tower:construction": "lattice",
        "tower:type": "communication",
        "website": "https://www.c2000.nl/"
      },
      "geometry": {
        "type": "Point",
        "coordinates": [
          4.8629721,
          52.385034
        ]
      },
      "id": "node/1432277901"
    },
    {
      "type": "Feature",
      "properties": {
        "@id": "node/1575247282",
        "height": "31",
        "man_made": "tower",
        "operator": "Ocean Outdoor",
        "tower:type": "advertising"
      },
      "geometry": {
        "type": "Point",
        "coordinates": [
          4.8423007,
          52.3454095
        ]
      },
      "id": "node/1575247282"
    },
    {
      "type": "Feature",
      "properties": {
        "@id": "node/1576727347",
        "description": "Communication tower Airtraffic Control Netherlands, Lucht Verkeersleiding Nederland",
        "man_made": "tower",
        "operator": "LVN",
        "tower:type": "communication"
      },
      "geometry": {
        "type": "Point",
        "coordinates": [
          4.8079161,
          52.3334413
        ]
      },
      "id": "node/1576727347"
    },
    {
      "type": "Feature",
      "properties": {
        "@id": "node/1576784706",
        "description": "Advertising tower",
        "height": "31",
        "man_made": "tower"
      },
      "geometry": {
        "type": "Point",
        "coordinates": [
          4.809394,
          52.3376718
        ]
      },
      "id": "node/1576784706"
    },
    {
      "type": "Feature",
      "properties": {
        "@id": "node/1578757561",
        "description": "Church bells in top of thin freestanding tower",
        "man_made": "tower"
      },
      "geometry": {
        "type": "Point",
        "coordinates": [
          4.8229183,
          52.3525134
        ]
      },
      "id": "node/1578757561"
    },
    {
      "type": "Feature",
      "properties": {
        "@id": "node/1582016011",
        "description": "Tuincentrum Osdorp adverising board",
        "man_made": "tower",
        "tower:type": "commercial"
      },
      "geometry": {
        "type": "Point",
        "coordinates": [
          4.7926233,
          52.3509894
        ]
      },
      "id": "node/1582016011"
    },
    {
      "type": "Feature",
      "properties": {
        "@id": "node/1683006209",
        "height": "3",
        "man_made": "tower",
        "name": "Advertising",
        "tower:type": "advertising"
      },
      "geometry": {
        "type": "Point",
        "coordinates": [
          4.8355903,
          52.3468582
        ]
      },
      "id": "node/1683006209"
    },
    {
      "type": "Feature",
      "properties": {
        "@id": "node/1692928965",
        "emergency": "siren",
        "man_made": "mast",
        "manufacturer": "Federal Signal",
        "siren:model": "Modulator 2008",
        "siren:purpose": "civil_defense",
        "siren:type": "electronic",
        "support": "pole",
        "tower:construction": "freestanding",
        "tower:type": "siren"
      },
      "geometry": {
        "type": "Point",
        "coordinates": [
          4.7858107,
          52.3597052
        ]
      },
      "id": "node/1692928965"
    },
    {
      "type": "Feature",
      "properties": {
        "@id": "node/1732181632",
        "man_made": "tower",
        "tower:type": "observation"
      },
      "geometry": {
        "type": "Point",
        "coordinates": [
          4.981211,
          52.305841
        ]
      },
      "id": "node/1732181632"
    },
    {
      "type": "Feature",
      "properties": {
        "@id": "node/1815018744",
        "height": "10",
        "man_made": "tower",
        "name": "Uitkijktoren Geuzenbos",
        "tourism": "viewpoint",
        "tower:type": "observation"
      },
      "geometry": {
        "type": "Point",
        "coordinates": [
          4.760136,
          52.397402
        ]
      },
      "id": "node/1815018744"
    },
    {
      "type": "Feature",
      "properties": {
        "@id": "node/1992463741",
        "access": "private",
        "man_made": "tower",
        "tower:construction": "lattice",
        "tower:type": "communication"
      },
      "geometry": {
        "type": "Point",
        "coordinates": [
          4.8123272,
          52.3390301
        ]
      },
      "id": "node/1992463741"
    },
    {
      "type": "Feature",
      "properties": {
        "@id": "node/2331917685",
        "height": "3",
        "man_made": "tower",
        "tower:type": "advertising"
      },
      "geometry": {
        "type": "Point",
        "coordinates": [
          4.8335523,
          52.3458319
        ]
      },
      "id": "node/2331917685"
    },
    {
      "type": "Feature",
      "properties": {
        "@id": "node/2388543368",
        "man_made": "tower",
        "tower:type": "bell_tower"
      },
      "geometry": {
        "type": "Point",
        "coordinates": [
          4.8586557,
          52.3221469
        ]
      },
      "id": "node/2388543368"
    },
    {
      "type": "Feature",
      "properties": {
        "@id": "node/2388550772",
        "man_made": "tower",
        "name": "Klokkentoren",
        "tower:type": "bell_tower"
      },
      "geometry": {
        "type": "Point",
        "coordinates": [
          4.8857544,
          52.3601272
        ]
      },
      "id": "node/2388550772"
    },
    {
      "type": "Feature",
      "properties": {
        "@id": "node/2388550778",
        "man_made": "tower",
        "name": "Vlaggentoren"
      },
      "geometry": {
        "type": "Point",
        "coordinates": [
          4.8853954,
          52.3603091
        ]
      },
      "id": "node/2388550778"
    },
    {
      "type": "Feature",
      "properties": {
        "@id": "node/2388550891",
        "man_made": "tower",
        "tower:type": "bell_tower"
      },
      "geometry": {
        "type": "Point",
        "coordinates": [
          4.9193126,
          52.3700108
        ]
      },
      "id": "node/2388550891"
    },
    {
      "type": "Feature",
      "properties": {
        "@id": "node/2388550923",
        "man_made": "tower"
      },
      "geometry": {
        "type": "Point",
        "coordinates": [
          4.8909954,
          52.371389
        ]
      },
      "id": "node/2388550923"
    },
    {
      "type": "Feature",
      "properties": {
        "@id": "node/2388550970",
        "man_made": "tower",
        "tower:type": "bell_tower"
      },
      "geometry": {
        "type": "Point",
        "coordinates": [
          4.8975495,
          52.3743608
        ]
      },
      "id": "node/2388550970"
    },
    {
      "type": "Feature",
      "properties": {
        "@id": "node/2738247230",
        "addr:city": "Amsterdam",
        "addr:housenumber": "35",
        "addr:postcode": "1014BV",
        "addr:street": "Zekeringstraat",
        "name": "Databarn Amsterdam",
        "office": "company",
        "operator": "Databarn Amsterdam B.V.",
        "source": "BAG",
        "source:date": "2014-02-11",
        "telecom": "data_center",
        "website": "https://www.databarn.nl/"
      },
      "geometry": {
        "type": "Point",
        "coordinates": [
          4.8511461,
          52.3964216
        ]
      },
      "id": "node/2738247230"
    },
    {
      "type": "Feature",
      "properties": {
        "@id": "node/2738247376",
        "addr:city": "Amsterdam",
        "addr:housenumber": "48",
        "addr:postcode": "1014BB",
        "addr:street": "Kabelweg",
        "name": "NorthC Datacenters Amsterdam",
        "operator": "NorthC",
        "operator:type": "business",
        "operator:website": "https://www.northcdatacenters.com/",
        "source": "BAG",
        "source:date": "2014-02-11",
        "telecom": "data_center",
        "website": "https://www.northcdatacenters.com/en/northc-datacenters/amsterdam/"
      },
      "geometry": {
        "type": "Point",
        "coordinates": [
          4.8494313,
          52.3934111
        ]
      },
      "id": "node/2738247376"
    },
    {
      "type": "Feature",
      "properties": {
        "@id": "node/2808423607",
        "addr:city": "Amsterdam",
        "addr:housenumber": "759",
        "addr:postcode": "1066VH",
        "addr:street": "Johan Huizingalaan",
        "name": "Global Switch Amsterdam",
        "office": "company",
        "operator": "Global Switch",
        "source": "BAG",
        "source:date": "2014-03-24",
        "telecom": "data_center",
        "website": "https://www.globalswitch.nl/locaties/amsterdam/"
      },
      "geometry": {
        "type": "Point",
        "coordinates": [
          4.8288651,
          52.34401
        ]
      },
      "id": "node/2808423607"
    },
    {
      "type": "Feature",
      "properties": {
        "@id": "node/2840442643",
        "addr:city": "Amsterdam",
        "addr:housenumber": "9",
        "addr:postcode": "1096BH",
        "addr:street": "Johann Siegerstraat",
        "name": "Digital Realty",
        "office": "company",
        "operator": "Digital Realty",
        "operator:wikidata": "Q5275969",
        "source": "BAG",
        "source:date": "2014-03-24",
        "telecom": "data_center"
      },
      "geometry": {
        "type": "Point",
        "coordinates": [
          4.9188641,
          52.3337319
        ]
      },
      "id": "node/2840442643"
    },
    {
      "type": "Feature",
      "properties": {
        "@id": "node/2842400539",
        "addr:city": "Amsterdam",
        "addr:housenumber": "961",
        "addr:postcode": "1087JB",
        "addr:street": "Maria Austriastraat",
        "source": "BAG",
        "source:date": "2014-05-07",
        "telecom": "exchange"
      },
      "geometry": {
        "type": "Point",
        "coordinates": [
          5.0004206,
          52.3542129
        ]
      },
      "id": "node/2842400539"
    },
    {
      "type": "Feature",
      "properties": {
        "@id": "node/2862652419",
        "addr:city": "Amsterdam",
        "addr:housenumber": "1",
        "addr:postcode": "1105AG",
        "addr:street": "Paalbergweg",
        "name": "KPN Amsterdam",
        "office": "company",
        "operator": "KPN",
        "operator:wikidata": "Q338633",
        "source": "BAG",
        "source:date": "2014-05-07",
        "telecom": "data_center"
      },
      "geometry": {
        "type": "Point",
        "coordinates": [
          4.9549587,
          52.3002909
        ]
      },
      "id": "node/2862652419"
    },
    {
      "type": "Feature",
      "properties": {
        "@id": "node/2862656047",
        "addr:city": "Amsterdam",
        "addr:housenumber": "4",
        "addr:postcode": "1105AJ",
        "addr:street": "Stekkenbergweg",
        "name": "Lumen Amsterdam",
        "office": "telecommunication",
        "operator": "Lumen Technologies",
        "operator:wikidata": "Q5063092",
        "source": "BAG",
        "source:date": "2014-05-07",
        "telecom": "data_center"
      },
      "geometry": {
        "type": "Point",
        "coordinates": [
          4.9486495,
          52.296358
        ]
      },
      "id": "node/2862656047"
    },
    {
      "type": "Feature",
      "properties": {
        "@id": "node/2862973887",
        "addr:city": "Amsterdam",
        "addr:housenumber": "13",
        "addr:postcode": "1101AR",
        "addr:street": "Kollenbergweg",
        "name": "Verizon 2",
        "office": "company",
        "source": "BAG",
        "source:date": "2014-05-07",
        "telecom": "data_center"
      },
      "geometry": {
        "type": "Point",
        "coordinates": [
          4.9354898,
          52.3049802
        ]
      },
      "id": "node/2862973887"
    },
    {
      "type": "Feature",
      "properties": {
        "@id": "node/2862978534",
        "addr:city": "Amsterdam",
        "addr:housenumber": "22",
        "addr:postcode": "1101GB",
        "addr:street": "Keienbergweg",
        "name": "Datacenter.com AMS1",
        "office": "telecommunication",
        "opening_hours": "24/7",
        "ref": "AMS1",
        "source": "BAG",
        "source:date": "2014-05-07",
        "telecom": "data_center",
        "website": "https://datacenter.com/datacenter/locations/data-center-amsterdam-ams1/",
        "wheelchair": "limited"
      },
      "geometry": {
        "type": "Point",
        "coordinates": [
          4.9360116,
          52.3095225
        ]
      },
      "id": "node/2862978534"
    },
    {
      "type": "Feature",
      "properties": {
        "@id": "node/2862978553",
        "addr:city": "Amsterdam",
        "addr:housenumber": "28",
        "addr:postcode": "1101AH",
        "addr:street": "Lemelerbergweg",
        "name": "Equinix AM11",
        "office": "company",
        "operator": "Equinix",
        "operator:wikidata": "Q851641",
        "ref": "AM11",
        "source": "BAG",
        "source:date": "2014-05-07",
        "telecom": "data_center",
        "website": "https://www.equinix.nl/data-centers/europe-colocation/netherlands-colocation/amsterdam-data-centers/am11"
      },
      "geometry": {
        "type": "Point",
        "coordinates": [
          4.9393076,
          52.3040255
        ]
      },
      "id": "node/2862978553"
    },
    {
      "type": "Feature",
      "properties": {
        "@id": "node/2862978569",
        "addr:city": "Amsterdam",
        "addr:housenumber": "32",
        "addr:postcode": "1101AR",
        "addr:street": "Kollenbergweg",
        "contact:facebook": "100093186252166",
        "contact:instagram": "business_center_rydo",
        "contact:twitter": "RydoWebshop",
        "name": "Rydo",
        "office": "telecommunication",
        "opening_hours": "Mo-Fr 08:00-16:00",
        "phone": "+31 20 697 3068",
        "source": "BAG",
        "source:date": "2014-05-07",
        "website": "https://www.rydotelecom.nl/"
      },
      "geometry": {
        "type": "Point",
        "coordinates": [
          4.9374284,
          52.3057261
        ]
      },
      "id": "node/2862978569"
    },
    {
      "type": "Feature",
      "properties": {
        "@id": "node/2862979348",
        "addr:city": "Amsterdam",
        "addr:housenumber": "57",
        "addr:postcode": "1101EB",
        "addr:street": "Laarderhoogtweg",
        "name": "Equinix AM2",
        "office": "company",
        "operator": "Equinix",
        "operator:wikidata": "Q851641",
        "ref": "AM2",
        "source": "BAG",
        "source:date": "2014-05-07",
        "telecom": "data_center"
      },
      "geometry": {
        "type": "Point",
        "coordinates": [
          4.9419808,
          52.3006292
        ]
      },
      "id": "node/2862979348"
    },
    {
      "type": "Feature",
      "properties": {
        "@id": "node/3010045965",
        "height": "31.6",
        "man_made": "tower",
        "technology": "UMTS",
        "tower:type": "communication"
      },
      "geometry": {
        "type": "Point",
        "coordinates": [
          4.9476935,
          52.3020714
        ]
      },
      "id": "node/3010045965"
    },
    {
      "type": "Feature",
      "properties": {
        "@id": "node/3650751765",
        "man_made": "mast",
        "mast": "bird_nest",
        "nest": "stork"
      },
      "geometry": {
        "type": "Point",
        "coordinates": [
          4.8650207,
          52.3570218
        ]
      },
      "id": "node/3650751765"
    },
    {
      "type": "Feature",
      "properties": {
        "@id": "node/4368071491",
        "height": "42",
        "man_made": "tower",
        "tower:construction": "concrete",
        "tower:type": "minaret"
      },
      "geometry": {
        "type": "Point",
        "coordinates": [
          4.8609329,
          52.3662563
        ]
      },
      "id": "node/4368071491"
    },
    {
      "type": "Feature",
      "properties": {
        "@id": "node/4761732352",
        "man_made": "mast",
        "mast": "bird_nest",
        "nest": "stork"
      },
      "geometry": {
        "type": "Point",
        "coordinates": [
          4.8661331,
          52.3224289
        ]
      },
      "id": "node/4761732352"
    },
    {
      "type": "Feature",
      "properties": {
        "@id": "node/5982332485",
        "height": "150",
        "man_made": "tower",
        "name": "Rembrandttoren",
        "name:en": "Rembrandt Tower",
        "wikidata": "Q2361620",
        "wikimedia_commons": "Category:Rembrandttoren",
        "wikipedia": "nl:Rembrandttoren"
      },
      "geometry": {
        "type": "Point",
        "coordinates": [
          4.9170599,
          52.3451244
        ]
      },
      "id": "node/5982332485"
    },
    {
      "type": "Feature",
      "properties": {
        "@id": "node/6069698147",
        "man_made": "tower",
        "tower:type": "bell_tower"
      },
      "geometry": {
        "type": "Point",
        "coordinates": [
          4.8929545,
          52.3769061
        ]
      },
      "id": "node/6069698147"
    },
    {
      "type": "Feature",
      "properties": {
        "@id": "node/6278658671",
        "height": "30",
        "man_made": "mast",
        "tower:type": "communication"
      },
      "geometry": {
        "type": "Point",
        "coordinates": [
          4.8333932,
          52.3395635
        ]
      },
      "id": "node/6278658671"
    },
    {
      "type": "Feature",
      "properties": {
        "@id": "node/6761981951",
        "man_made": "mast",
        "tower:type": "communication"
      },
      "geometry": {
        "type": "Point",
        "coordinates": [
          4.9177715,
          52.3796677
        ]
      },
      "id": "node/6761981951"
    },
    {
      "type": "Feature",
      "properties": {
        "@id": "node/7027039946",
        "man_made": "tower",
        "name": "Munttoren"
      },
      "geometry": {
        "type": "Point",
        "coordinates": [
          4.8932133,
          52.3670567
        ]
      },
      "id": "node/7027039946"
    },
    {
      "type": "Feature",
      "properties": {
        "@id": "node/7259622526",
        "man_made": "tower",
        "tower:type": "clock"
      },
      "geometry": {
        "type": "Point",
        "coordinates": [
          4.8857319,
          52.4142445
        ]
      },
      "id": "node/7259622526"
    },
    {
      "type": "Feature",
      "properties": {
        "@id": "node/8205609383",
        "emergency": "siren",
        "man_made": "mast",
        "manufacturer": "Federal Signal",
        "siren:model": "Modulator 2008",
        "siren:purpose": "civil_defense",
        "siren:type": "electronic",
        "support": "pole",
        "tower:construction": "freestanding",
        "tower:type": "siren"
      },
      "geometry": {
        "type": "Point",
        "coordinates": [
          4.8299536,
          52.393726
        ]
      },
      "id": "node/8205609383"
    },
    {
      "type": "Feature",
      "properties": {
        "@id": "node/8244811903",
        "man_made": "tower",
        "name": "Carillion",
        "tower:type": "bell_tower"
      },
      "geometry": {
        "type": "Point",
        "coordinates": [
          4.9811008,
          52.3080842
        ]
      },
      "id": "node/8244811903"
    },
    {
      "type": "Feature",
      "properties": {
        "@id": "node/8249947272",
        "communication:mobile_phone": "yes",
        "man_made": "mast",
        "material": "steel",
        "tower:construction": "lattice",
        "tower:type": "communication"
      },
      "geometry": {
        "type": "Point",
        "coordinates": [
          4.8404521,
          52.4036004
        ]
      },
      "id": "node/8249947272"
    },
    {
      "type": "Feature",
      "properties": {
        "@id": "node/8258474092",
        "man_made": "tower",
        "tower:type": "bell_tower"
      },
      "geometry": {
        "type": "Point",
        "coordinates": [
          4.9525169,
          52.3029195
        ]
      },
      "id": "node/8258474092"
    },
    {
      "type": "Feature",
      "properties": {
        "@id": "node/8303867129",
        "communication:radio": "yes",
        "frequency": "1332 kHz",
        "height": "11",
        "man_made": "mast",
        "operator": "Extra AM",
        "tower:construction": "freestanding",
        "tower:type": "communication"
      },
      "geometry": {
        "type": "Point",
        "coordinates": [
          4.7776038,
          52.3683146
        ]
      },
      "id": "node/8303867129"
    },
    {
      "type": "Feature",
      "properties": {
        "@id": "node/8443715319",
        "communication:microwave": "yes",
        "communication:mobile_phone": "yes",
        "communication:radio": "yes",
        "man_made": "tower",
        "material": "steel",
        "tower:construction": "freestanding",
        "tower:type": "communication"
      },
      "geometry": {
        "type": "Point",
        "coordinates": [
          4.8481887,
          52.3962464
        ]
      },
      "id": "node/8443715319"
    },
    {
      "type": "Feature",
      "properties": {
        "@id": "node/8617156554",
        "height": "12",
        "man_made": "mast",
        "material": "metal",
        "tower:construction": "freestanding",
        "tower:type": "lighting"
      },
      "geometry": {
        "type": "Point",
        "coordinates": [
          4.9635991,
          52.3135732
        ]
      },
      "id": "node/8617156554"
    },
    {
      "type": "Feature",
      "properties": {
        "@id": "node/8617156555",
        "height": "12",
        "man_made": "mast",
        "material": "metal",
        "tower:construction": "freestanding",
        "tower:type": "lighting"
      },
      "geometry": {
        "type": "Point",
        "coordinates": [
          4.962264,
          52.3131157
        ]
      },
      "id": "node/8617156555"
    },
    {
      "type": "Feature",
      "properties": {
        "@id": "node/8617156556",
        "height": "12",
        "man_made": "mast",
        "material": "metal",
        "tower:construction": "freestanding",
        "tower:type": "lighting"
      },
      "geometry": {
        "type": "Point",
        "coordinates": [
          4.9629322,
          52.3133453
        ]
      },
      "id": "node/8617156556"
    },
    {
      "type": "Feature",
      "properties": {
        "@id": "node/8617156557",
        "height": "12",
        "man_made": "mast",
        "material": "metal",
        "tower:construction": "freestanding",
        "tower:type": "lighting"
      },
      "geometry": {
        "type": "Point",
        "coordinates": [
          4.9639656,
          52.3122036
        ]
      },
      "id": "node/8617156557"
    },
    {
      "type": "Feature",
      "properties": {
        "@id": "node/8617156558",
        "height": "12",
        "man_made": "mast",
        "material": "metal",
        "name": "Veld 2",
        "tower:construction": "freestanding",
        "tower:type": "lighting"
      },
      "geometry": {
        "type": "Point",
        "coordinates": [
          4.9633007,
          52.311974
        ]
      },
      "id": "node/8617156558"
    },
    {
      "type": "Feature",
      "properties": {
        "@id": "node/8617156559",
        "height": "12",
        "man_made": "mast",
        "material": "metal",
        "tower:construction": "freestanding",
        "tower:type": "lighting"
      },
      "geometry": {
        "type": "Point",
        "coordinates": [
          4.9645329,
          52.3115899
        ]
      },
      "id": "node/8617156559"
    },
    {
      "type": "Feature",
      "properties": {
        "@id": "node/8617156560",
        "height": "12",
        "man_made": "mast",
        "material": "metal",
        "tower:construction": "freestanding",
        "tower:type": "lighting"
      },
      "geometry": {
        "type": "Point",
        "coordinates": [
          4.9646839,
          52.3123818
        ]
      },
      "id": "node/8617156560"
    },
    {
      "type": "Feature",
      "properties": {
        "@id": "node/8617156561",
        "height": "12",
        "man_made": "mast",
        "material": "metal",
        "tower:construction": "freestanding",
        "tower:type": "lighting"
      },
      "geometry": {
        "type": "Point",
        "coordinates": [
          4.9646348,
          52.3124343
        ]
      },
      "id": "node/8617156561"
    },
    {
      "type": "Feature",
      "properties": {
        "@id": "node/8617156562",
        "height": "12",
        "man_made": "mast",
        "material": "metal",
        "tower:construction": "freestanding",
        "tower:type": "lighting"
      },
      "geometry": {
        "type": "Point",
        "coordinates": [
          4.9640159,
          52.3121529
        ]
      },
      "id": "node/8617156562"
    },
    {
      "type": "Feature",
      "properties": {
        "@id": "node/8617156563",
        "height": "12",
        "man_made": "mast",
        "material": "metal",
        "tower:construction": "freestanding",
        "tower:type": "lighting"
      },
      "geometry": {
        "type": "Point",
        "coordinates": [
          4.9633483,
          52.3119303
        ]
      },
      "id": "node/8617156563"
    },
    {
      "type": "Feature",
      "properties": {
        "@id": "node/8617156564",
        "height": "12",
        "man_made": "mast",
        "material": "metal",
        "tower:construction": "freestanding",
        "tower:type": "lighting"
      },
      "geometry": {
        "type": "Point",
        "coordinates": [
          4.9651994,
          52.3118166
        ]
      },
      "id": "node/8617156564"
    },
    {
      "type": "Feature",
      "properties": {
        "@id": "node/8617156565",
        "height": "12",
        "man_made": "mast",
        "material": "metal",
        "tower:construction": "freestanding",
        "tower:type": "lighting"
      },
      "geometry": {
        "type": "Point",
        "coordinates": [
          4.9638677,
          52.3113558
        ]
      },
      "id": "node/8617156565"
    },
    {
      "type": "Feature",
      "properties": {
        "@id": "node/8617215099",
        "height": "12",
        "man_made": "mast",
        "material": "metal",
        "tower:construction": "freestanding",
        "tower:type": "lighting"
      },
      "geometry": {
        "type": "Point",
        "coordinates": [
          4.9641439,
          52.3130023
        ]
      },
      "id": "node/8617215099"
    },
    {
      "type": "Feature",
      "properties": {
        "@id": "node/8617215100",
        "height": "12",
        "man_made": "mast",
        "material": "metal",
        "tower:construction": "freestanding",
        "tower:type": "lighting"
      },
      "geometry": {
        "type": "Point",
        "coordinates": [
          4.9641235,
          52.3130243
        ]
      },
      "id": "node/8617215100"
    },
    {
      "type": "Feature",
      "properties": {
        "@id": "node/8617215101",
        "height": "12",
        "man_made": "mast",
        "material": "metal",
        "tower:construction": "freestanding",
        "tower:type": "lighting"
      },
      "geometry": {
        "type": "Point",
        "coordinates": [
          4.9627773,
          52.3125262
        ]
      },
      "id": "node/8617215101"
    },
    {
      "type": "Feature",
      "properties": {
        "@id": "node/8617215102",
        "height": "12",
        "man_made": "mast",
        "material": "metal",
        "tower:construction": "freestanding",
        "tower:type": "lighting"
      },
      "geometry": {
        "type": "Point",
        "coordinates": [
          4.9627589,
          52.3125459
        ]
      },
      "id": "node/8617215102"
    },
    {
      "type": "Feature",
      "properties": {
        "@id": "node/9274864482",
        "lamp_type": "floodlight",
        "man_made": "mast",
        "tower:type": "lighting"
      },
      "geometry": {
        "type": "Point",
        "coordinates": [
          4.9492309,
          52.3507419
        ]
      },
      "id": "node/9274864482"
    },
    {
      "type": "Feature",
      "properties": {
        "@id": "node/9274864483",
        "lamp_type": "floodlight",
        "man_made": "mast",
        "tower:type": "lighting"
      },
      "geometry": {
        "type": "Point",
        "coordinates": [
          4.9497591,
          52.3504123
        ]
      },
      "id": "node/9274864483"
    },
    {
      "type": "Feature",
      "properties": {
        "@id": "node/9274864484",
        "lamp_type": "floodlight",
        "man_made": "mast",
        "tower:type": "lighting"
      },
      "geometry": {
        "type": "Point",
        "coordinates": [
          4.9502515,
          52.3501073
        ]
      },
      "id": "node/9274864484"
    },
    {
      "type": "Feature",
      "properties": {
        "@id": "node/9274864485",
        "lamp_type": "floodlight",
        "man_made": "mast",
        "tower:type": "lighting"
      },
      "geometry": {
        "type": "Point",
        "coordinates": [
          4.9510594,
          52.3505349
        ]
      },
      "id": "node/9274864485"
    },
    {
      "type": "Feature",
      "properties": {
        "@id": "node/9274864486",
        "lamp_type": "floodlight",
        "man_made": "mast",
        "tower:type": "lighting"
      },
      "geometry": {
        "type": "Point",
        "coordinates": [
          4.9505328,
          52.3508662
        ]
      },
      "id": "node/9274864486"
    },
    {
      "type": "Feature",
      "properties": {
        "@id": "node/9274864487",
        "lamp_type": "floodlight",
        "man_made": "mast",
        "tower:type": "lighting"
      },
      "geometry": {
        "type": "Point",
        "coordinates": [
          4.9500041,
          52.3511999
        ]
      },
      "id": "node/9274864487"
    },
    {
      "type": "Feature",
      "properties": {
        "@id": "node/9275173741",
        "lamp_type": "floodlight",
        "man_made": "mast",
        "tower:type": "lighting"
      },
      "geometry": {
        "type": "Point",
        "coordinates": [
          4.9489942,
          52.3509726
        ]
      },
      "id": "node/9275173741"
    },
    {
      "type": "Feature",
      "properties": {
        "@id": "node/9275173742",
        "lamp_type": "floodlight",
        "man_made": "mast",
        "tower:type": "lighting"
      },
      "geometry": {
        "type": "Point",
        "coordinates": [
          4.9500982,
          52.351615
        ]
      },
      "id": "node/9275173742"
    },
    {
      "type": "Feature",
      "properties": {
        "@id": "node/9275173743",
        "lamp_type": "floodlight",
        "man_made": "mast",
        "tower:type": "lighting"
      },
      "geometry": {
        "type": "Point",
        "coordinates": [
          4.9497299,
          52.351401
        ]
      },
      "id": "node/9275173743"
    },
    {
      "type": "Feature",
      "properties": {
        "@id": "node/9275173744",
        "lamp_type": "floodlight",
        "man_made": "mast",
        "tower:type": "lighting"
      },
      "geometry": {
        "type": "Point",
        "coordinates": [
          4.949362,
          52.3511867
        ]
      },
      "id": "node/9275173744"
    },
    {
      "type": "Feature",
      "properties": {
        "@id": "node/9275535147",
        "lamp_type": "floodlight",
        "man_made": "mast",
        "tower:type": "lighting"
      },
      "geometry": {
        "type": "Point",
        "coordinates": [
          4.949363,
          52.3520892
        ]
      },
      "id": "node/9275535147"
    },
    {
      "type": "Feature",
      "properties": {
        "@id": "node/9275535148",
        "lamp_type": "floodlight",
        "man_made": "mast",
        "tower:type": "lighting"
      },
      "geometry": {
        "type": "Point",
        "coordinates": [
          4.9489932,
          52.3518752
        ]
      },
      "id": "node/9275535148"
    },
    {
      "type": "Feature",
      "properties": {
        "@id": "node/9275535149",
        "lamp_type": "floodlight",
        "man_made": "mast",
        "tower:type": "lighting"
      },
      "geometry": {
        "type": "Point",
        "coordinates": [
          4.9486259,
          52.3516606
        ]
      },
      "id": "node/9275535149"
    },
    {
      "type": "Feature",
      "properties": {
        "@id": "node/9275535150",
        "lamp_type": "floodlight",
        "man_made": "mast",
        "tower:type": "lighting"
      },
      "geometry": {
        "type": "Point",
        "coordinates": [
          4.9482547,
          52.3514442
        ]
      },
      "id": "node/9275535150"
    },
    {
      "type": "Feature",
      "properties": {
        "@id": "node/9340762390",
        "man_made": "tower",
        "material": "wood",
        "playground": "tower",
        "tower:type": "observation"
      },
      "geometry": {
        "type": "Point",
        "coordinates": [
          4.9532797,
          52.3436022
        ]
      },
      "id": "node/9340762390"
    },
    {
      "type": "Feature",
      "properties": {
        "@id": "node/9498481241",
        "communication:emergency_services": "yes",
        "communication:mobile_phone": "yes",
        "communication:radio": "yes",
        "height": "22",
        "man_made": "mast",
        "sources": "survey;https://bezoekerscentrum.rijkswaterstaat.nl/SchipholAmsterdamAlmere/news/zendmast-op-gaasperdammertunnel",
        "tower:construction": "lattice",
        "tower:type": "communication"
      },
      "geometry": {
        "type": "Point",
        "coordinates": [
          4.9705007,
          52.3081914
        ]
      },
      "id": "node/9498481241"
    },
    {
      "type": "Feature",
      "properties": {
        "@id": "node/9755728369",
        "name": "Digital Realty AMS17",
        "office": "company",
        "telecom": "data_center"
      },
      "geometry": {
        "type": "Point",
        "coordinates": [
          4.951095,
          52.3572282
        ]
      },
      "id": "node/9755728369"
    },
    {
      "type": "Feature",
      "properties": {
        "@id": "node/9759165517",
        "communication:radio": "yes",
        "man_made": "mast",
        "tower:type": "communication"
      },
      "geometry": {
        "type": "Point",
        "coordinates": [
          4.923475,
          52.3619029
        ]
      },
      "id": "node/9759165517"
    },
    {
      "type": "Feature",
      "properties": {
        "@id": "node/9817710378",
        "man_made": "mast",
        "tower:construction": "freestanding",
        "tower:type": "lighting"
      },
      "geometry": {
        "type": "Point",
        "coordinates": [
          4.8977522,
          52.3784189
        ]
      },
      "id": "node/9817710378"
    },
    {
      "type": "Feature",
      "properties": {
        "@id": "node/9817710381",
        "man_made": "mast",
        "tower:construction": "freestanding",
        "tower:type": "lighting"
      },
      "geometry": {
        "type": "Point",
        "coordinates": [
          4.8975429,
          52.3783602
        ]
      },
      "id": "node/9817710381"
    },
    {
      "type": "Feature",
      "properties": {
        "@id": "node/9878357654",
        "man_made": "tower",
        "tower:type": "bell_tower",
        "wikimedia_commons": "File:Amsterdam-Sloten, Sloterkerk (40).jpg"
      },
      "geometry": {
        "type": "Point",
        "coordinates": [
          4.797623,
          52.3421489
        ]
      },
      "id": "node/9878357654"
    },
    {
      "type": "Feature",
      "properties": {
        "@id": "node/9907271089",
        "man_made": "mast",
        "tower:type": "lighting"
      },
      "geometry": {
        "type": "Point",
        "coordinates": [
          4.9501294,
          52.3538058
        ]
      },
      "id": "node/9907271089"
    },
    {
      "type": "Feature",
      "properties": {
        "@id": "node/9937981964",
        "emergency": "siren",
        "man_made": "mast",
        "manufacturer": "Federal Signal",
        "siren:model": "Modulator 2008",
        "siren:purpose": "civil_defense",
        "siren:type": "electronic",
        "support": "pole",
        "tower:construction": "freestanding",
        "tower:type": "siren"
      },
      "geometry": {
        "type": "Point",
        "coordinates": [
          4.9612584,
          52.38224
        ]
      },
      "id": "node/9937981964"
    },
    {
      "type": "Feature",
      "properties": {
        "@id": "node/9937981965",
        "emergency": "siren",
        "man_made": "mast",
        "manufacturer": "Federal Signal",
        "siren:model": "Modulator 2008",
        "siren:purpose": "civil_defense",
        "siren:type": "electronic",
        "support": "pole",
        "tower:construction": "freestanding",
        "tower:type": "siren"
      },
      "geometry": {
        "type": "Point",
        "coordinates": [
          4.9961046,
          52.3907338
        ]
      },
      "id": "node/9937981965"
    },
    {
      "type": "Feature",
      "properties": {
        "@id": "node/9999759334",
        "emergency": "siren",
        "man_made": "mast",
        "manufacturer": "Federal Signal",
        "siren:model": "Modulator 2008",
        "siren:purpose": "civil_defense",
        "siren:type": "electronic",
        "support": "pole",
        "tower:construction": "freestanding",
        "tower:type": "siren"
      },
      "geometry": {
        "type": "Point",
        "coordinates": [
          4.950168,
          52.3539417
        ]
      },
      "id": "node/9999759334"
    },
    {
      "type": "Feature",
      "properties": {
        "@id": "node/10092496825",
        "man_made": "tower",
        "tower:type": "radar"
      },
      "geometry": {
        "type": "Point",
        "coordinates": [
          4.9618327,
          52.3574423
        ]
      },
      "id": "node/10092496825"
    },
    {
      "type": "Feature",
      "properties": {
        "@id": "node/10124590910",
        "man_made": "tower",
        "tower:construction": "freestanding",
        "tower:type": "radar"
      },
      "geometry": {
        "type": "Point",
        "coordinates": [
          4.9566367,
          52.3659996
        ]
      },
      "id": "node/10124590910"
    },
    {
      "type": "Feature",
      "properties": {
        "@id": "node/10740239453",
        "communication:mobile_phone": "yes",
        "man_made": "mast",
        "tower:type": "communication"
      },
      "geometry": {
        "type": "Point",
        "coordinates": [
          4.8271396,
          52.3471991
        ]
      },
      "id": "node/10740239453"
    },
    {
      "type": "Feature",
      "properties": {
        "@id": "node/10784567671",
        "emergency": "siren",
        "man_made": "mast",
        "manufacturer": "Federal Signal",
        "siren:model": "Modulator 2008",
        "siren:purpose": "civil_defense",
        "siren:type": "electronic",
        "support": "pole",
        "tower:construction": "freestanding",
        "tower:type": "siren"
      },
      "geometry": {
        "type": "Point",
        "coordinates": [
          4.8457558,
          52.3702928
        ]
      },
      "id": "node/10784567671"
    },
    {
      "type": "Feature",
      "properties": {
        "@id": "node/10826385578",
        "emergency": "siren",
        "man_made": "mast",
        "manufacturer": "Federal Signal",
        "siren:model": "Modulator 2008",
        "siren:purpose": "civil_defense",
        "siren:type": "electronic",
        "support": "pole",
        "tower:construction": "freestanding",
        "tower:type": "siren"
      },
      "geometry": {
        "type": "Point",
        "coordinates": [
          5.019476,
          52.3071715
        ]
      },
      "id": "node/10826385578"
    },
    {
      "type": "Feature",
      "properties": {
        "@id": "node/10826523722",
        "emergency": "siren",
        "man_made": "mast",
        "manufacturer": "Federal Signal",
        "siren:model": "Modulator 2008",
        "siren:purpose": "civil_defense",
        "siren:type": "electronic",
        "support": "pole",
        "tower:construction": "freestanding",
        "tower:type": "siren"
      },
      "geometry": {
        "type": "Point",
        "coordinates": [
          4.959171,
          52.2980487
        ]
      },
      "id": "node/10826523722"
    },
    {
      "type": "Feature",
      "properties": {
        "@id": "node/10852976678",
        "emergency": "siren",
        "man_made": "mast",
        "manufacturer": "Federal Signal",
        "siren:model": "Modulator 2008",
        "siren:purpose": "civil_defense",
        "siren:type": "electronic",
        "support": "pole",
        "tower:construction": "freestanding",
        "tower:type": "siren"
      },
      "geometry": {
        "type": "Point",
        "coordinates": [
          4.7825129,
          52.3494394
        ]
      },
      "id": "node/10852976678"
    },
    {
      "type": "Feature",
      "properties": {
        "@id": "node/10862308327",
        "emergency": "siren",
        "man_made": "mast",
        "manufacturer": "Federal Signal",
        "siren:model": "Modulator 2008",
        "siren:purpose": "civil_defense",
        "siren:type": "electronic",
        "support": "pole",
        "tower:construction": "freestanding",
        "tower:type": "siren"
      },
      "geometry": {
        "type": "Point",
        "coordinates": [
          4.9872326,
          52.378656
        ]
      },
      "id": "node/10862308327"
    },
    {
      "type": "Feature",
      "properties": {
        "@id": "node/10862308328",
        "emergency": "siren",
        "man_made": "mast",
        "manufacturer": "Federal Signal",
        "siren:model": "Modulator 2008",
        "siren:purpose": "civil_defense",
        "siren:type": "electronic",
        "support": "pole",
        "tower:construction": "freestanding",
        "tower:type": "siren"
      },
      "geometry": {
        "type": "Point",
        "coordinates": [
          5.0325461,
          52.4133359
        ]
      },
      "id": "node/10862308328"
    },
    {
      "type": "Feature",
      "properties": {
        "@id": "node/10862528376",
        "emergency": "siren",
        "man_made": "mast",
        "manufacturer": "Federal Signal",
        "siren:model": "Modulator 2008",
        "siren:purpose": "civil_defense",
        "siren:type": "electronic",
        "support": "pole",
        "tower:construction": "freestanding",
        "tower:type": "siren"
      },
      "geometry": {
        "type": "Point",
        "coordinates": [
          4.892877,
          52.4111929
        ]
      },
      "id": "node/10862528376"
    },
    {
      "type": "Feature",
      "properties": {
        "@id": "node/10862528377",
        "emergency": "siren",
        "man_made": "mast",
        "manufacturer": "Federal Signal",
        "siren:model": "Modulator 2008",
        "siren:purpose": "civil_defense",
        "siren:type": "electronic",
        "support": "pole",
        "tower:construction": "freestanding",
        "tower:type": "siren"
      },
      "geometry": {
        "type": "Point",
        "coordinates": [
          4.9086676,
          52.414922
        ]
      },
      "id": "node/10862528377"
    },
    {
      "type": "Feature",
      "properties": {
        "@id": "node/10862528378",
        "emergency": "siren",
        "man_made": "mast",
        "manufacturer": "Federal Signal",
        "siren:model": "Modulator 2008",
        "siren:purpose": "civil_defense",
        "siren:type": "electronic",
        "support": "pole",
        "tower:construction": "freestanding",
        "tower:type": "siren"
      },
      "geometry": {
        "type": "Point",
        "coordinates": [
          4.9100894,
          52.4037784
        ]
      },
      "id": "node/10862528378"
    },
    {
      "type": "Feature",
      "properties": {
        "@id": "node/10862528379",
        "emergency": "siren",
        "man_made": "mast",
        "manufacturer": "Federal Signal",
        "siren:model": "Modulator 2008",
        "siren:purpose": "civil_defense",
        "siren:type": "electronic",
        "support": "pole",
        "tower:construction": "freestanding",
        "tower:type": "siren"
      },
      "geometry": {
        "type": "Point",
        "coordinates": [
          4.907543,
          52.3954162
        ]
      },
      "id": "node/10862528379"
    },
    {
      "type": "Feature",
      "properties": {
        "@id": "node/10862528382",
        "emergency": "siren",
        "man_made": "mast",
        "manufacturer": "Federal Signal",
        "siren:model": "Modulator 2008",
        "siren:purpose": "civil_defense",
        "siren:type": "electronic",
        "support": "pole",
        "tower:construction": "freestanding",
        "tower:type": "siren"
      },
      "geometry": {
        "type": "Point",
        "coordinates": [
          4.9403757,
          52.3921627
        ]
      },
      "id": "node/10862528382"
    },
    {
      "type": "Feature",
      "properties": {
        "@id": "node/10862528385",
        "emergency": "siren",
        "man_made": "mast",
        "manufacturer": "Federal Signal",
        "siren:model": "Modulator 2008",
        "siren:purpose": "civil_defense",
        "siren:type": "electronic",
        "support": "pole",
        "tower:construction": "freestanding",
        "tower:type": "siren"
      },
      "geometry": {
        "type": "Point",
        "coordinates": [
          4.9603243,
          52.4010694
        ]
      },
      "id": "node/10862528385"
    },
    {
      "type": "Feature",
      "properties": {
        "@id": "node/10862788338",
        "emergency": "siren",
        "man_made": "mast",
        "manufacturer": "Federal Signal",
        "siren:model": "Modulator 2008",
        "siren:purpose": "civil_defense",
        "siren:type": "electronic",
        "support": "pole",
        "tower:construction": "freestanding",
        "tower:type": "siren"
      },
      "geometry": {
        "type": "Point",
        "coordinates": [
          4.9402464,
          52.3077248
        ]
      },
      "id": "node/10862788338"
    },
    {
      "type": "Feature",
      "properties": {
        "@id": "node/10862788351",
        "emergency": "siren",
        "man_made": "mast",
        "manufacturer": "Federal Signal",
        "siren:model": "Modulator 2008",
        "siren:purpose": "civil_defense",
        "siren:type": "electronic",
        "support": "pole",
        "tower:construction": "freestanding",
        "tower:type": "siren"
      },
      "geometry": {
        "type": "Point",
        "coordinates": [
          4.9516774,
          52.364988
        ]
      },
      "id": "node/10862788351"
    },
    {
      "type": "Feature",
      "properties": {
        "@id": "node/10862935997",
        "emergency": "siren",
        "man_made": "mast",
        "manufacturer": "Federal Signal",
        "siren:model": "Modulator 2008",
        "siren:purpose": "civil_defense",
        "siren:type": "electronic",
        "support": "pole",
        "tower:construction": "freestanding",
        "tower:type": "siren"
      },
      "geometry": {
        "type": "Point",
        "coordinates": [
          4.925263,
          52.3735812
        ]
      },
      "id": "node/10862935997"
    },
    {
      "type": "Feature",
      "properties": {
        "@id": "node/10863489734",
        "emergency": "siren",
        "man_made": "mast",
        "manufacturer": "Federal Signal",
        "siren:model": "Modulator 2008",
        "siren:purpose": "civil_defense",
        "siren:type": "electronic",
        "support": "pole",
        "tower:construction": "freestanding",
        "tower:type": "siren"
      },
      "geometry": {
        "type": "Point",
        "coordinates": [
          4.7816353,
          52.3911782
        ]
      },
      "id": "node/10863489734"
    },
    {
      "type": "Feature",
      "properties": {
        "@id": "node/10863489737",
        "emergency": "siren",
        "man_made": "mast",
        "manufacturer": "Federal Signal",
        "siren:model": "Modulator 2008",
        "siren:purpose": "civil_defense",
        "siren:type": "electronic",
        "support": "pole",
        "tower:construction": "freestanding",
        "tower:type": "siren"
      },
      "geometry": {
        "type": "Point",
        "coordinates": [
          4.8560355,
          52.3917715
        ]
      },
      "id": "node/10863489737"
    },
    {
      "type": "Feature",
      "properties": {
        "@id": "node/10863489740",
        "emergency": "siren",
        "man_made": "mast",
        "manufacturer": "Federal Signal",
        "siren:model": "Modulator 2008",
        "siren:purpose": "civil_defense",
        "siren:type": "electronic",
        "support": "pole",
        "tower:construction": "freestanding",
        "tower:type": "siren"
      },
      "geometry": {
        "type": "Point",
        "coordinates": [
          4.7939696,
          52.3793741
        ]
      },
      "id": "node/10863489740"
    },
    {
      "type": "Feature",
      "properties": {
        "@id": "node/10865279634",
        "emergency": "siren",
        "man_made": "mast",
        "manufacturer": "Federal Signal",
        "siren:model": "Modulator 2008",
        "siren:purpose": "civil_defense",
        "siren:type": "electronic",
        "support": "pole",
        "tower:construction": "freestanding",
        "tower:type": "siren"
      },
      "geometry": {
        "type": "Point",
        "coordinates": [
          4.8512482,
          52.3472224
        ]
      },
      "id": "node/10865279634"
    },
    {
      "type": "Feature",
      "properties": {
        "@id": "node/10865279638",
        "emergency": "siren",
        "man_made": "mast",
        "manufacturer": "Federal Signal",
        "siren:model": "Modulator 2008",
        "siren:purpose": "civil_defense",
        "siren:type": "electronic",
        "support": "pole",
        "tower:construction": "freestanding",
        "tower:type": "siren"
      },
      "geometry": {
        "type": "Point",
        "coordinates": [
          4.8553188,
          52.3349039
        ]
      },
      "id": "node/10865279638"
    },
    {
      "type": "Feature",
      "properties": {
        "@id": "node/10865462484",
        "emergency": "siren",
        "man_made": "mast",
        "manufacturer": "Federal Signal",
        "siren:model": "Modulator 2008",
        "siren:purpose": "civil_defense",
        "siren:type": "electronic",
        "support": "pole",
        "tower:construction": "freestanding",
        "tower:type": "siren"
      },
      "geometry": {
        "type": "Point",
        "coordinates": [
          4.8392343,
          52.3430511
        ]
      },
      "id": "node/10865462484"
    },
    {
      "type": "Feature",
      "properties": {
        "@id": "node/10865462486",
        "emergency": "siren",
        "man_made": "mast",
        "manufacturer": "Federal Signal",
        "siren:model": "Modulator 2008",
        "siren:purpose": "civil_defense",
        "siren:type": "electronic",
        "support": "pole",
        "tower:construction": "freestanding",
        "tower:type": "siren"
      },
      "geometry": {
        "type": "Point",
        "coordinates": [
          4.8179023,
          52.3554783
        ]
      },
      "id": "node/10865462486"
    },
    {
      "type": "Feature",
      "properties": {
        "@id": "node/10865462487",
        "emergency": "siren",
        "man_made": "mast",
        "manufacturer": "Federal Signal",
        "siren:model": "Modulator 2008",
        "siren:purpose": "civil_defense",
        "siren:type": "electronic",
        "support": "pole",
        "tower:construction": "freestanding",
        "tower:type": "siren"
      },
      "geometry": {
        "type": "Point",
        "coordinates": [
          4.8062431,
          52.3398019
        ]
      },
      "id": "node/10865462487"
    },
    {
      "type": "Feature",
      "properties": {
        "@id": "node/10976098956",
        "emergency": "siren",
        "man_made": "mast",
        "manufacturer": "Federal Signal",
        "siren:model": "Modulator 2008",
        "siren:purpose": "civil_defense",
        "siren:type": "electronic",
        "support": "pole",
        "tower:construction": "freestanding",
        "tower:type": "siren"
      },
      "geometry": {
        "type": "Point",
        "coordinates": [
          4.8024298,
          52.4110851
        ]
      },
      "id": "node/10976098956"
    },
    {
      "type": "Feature",
      "properties": {
        "@id": "node/11197263596",
        "addr:city": "Amsterdam",
        "addr:country": "NL",
        "addr:housenumber": "4",
        "addr:postcode": "1101EC",
        "addr:street": "Luttenbergweg",
        "name": "Equinix AM1",
        "office": "company",
        "operator": "Equinix",
        "operator:wikidata": "Q851641",
        "ref": "AM1",
        "telecom": "data_center"
      },
      "geometry": {
        "type": "Point",
        "coordinates": [
          4.9425946,
          52.2997754
        ]
      },
      "id": "node/11197263596"
    },
    {
      "type": "Feature",
      "properties": {
        "@id": "node/11293469413",
        "highway": "street_lamp",
        "lamp_mount": "straight_mast",
        "lamp_type": "floodlight",
        "man_made": "mast",
        "tower:type": "lighting"
      },
      "geometry": {
        "type": "Point",
        "coordinates": [
          4.9326246,
          52.3392573
        ]
      },
      "id": "node/11293469413"
    },
    {
      "type": "Feature",
      "properties": {
        "@id": "node/11293469414",
        "highway": "street_lamp",
        "lamp_mount": "straight_mast",
        "lamp_type": "floodlight",
        "man_made": "mast",
        "tower:type": "lighting"
      },
      "geometry": {
        "type": "Point",
        "coordinates": [
          4.9329568,
          52.3390471
        ]
      },
      "id": "node/11293469414"
    },
    {
      "type": "Feature",
      "properties": {
        "@id": "node/11293469415",
        "highway": "street_lamp",
        "lamp_mount": "straight_mast",
        "lamp_type": "floodlight",
        "man_made": "mast",
        "tower:type": "lighting"
      },
      "geometry": {
        "type": "Point",
        "coordinates": [
          4.9335113,
          52.3391329
        ]
      },
      "id": "node/11293469415"
    },
    {
      "type": "Feature",
      "properties": {
        "@id": "node/11293469416",
        "highway": "street_lamp",
        "lamp_mount": "straight_mast",
        "lamp_type": "floodlight",
        "man_made": "mast",
        "tower:type": "lighting"
      },
      "geometry": {
        "type": "Point",
        "coordinates": [
          4.9333692,
          52.3392974
        ]
      },
      "id": "node/11293469416"
    },
    {
      "type": "Feature",
      "properties": {
        "@id": "node/11293469417",
        "highway": "street_lamp",
        "lamp_mount": "straight_mast",
        "lamp_type": "floodlight",
        "man_made": "mast",
        "tower:type": "lighting"
      },
      "geometry": {
        "type": "Point",
        "coordinates": [
          4.9330417,
          52.3395018
        ]
      },
      "id": "node/11293469417"
    },
    {
      "type": "Feature",
      "properties": {
        "@id": "node/11293469418",
        "highway": "street_lamp",
        "lamp_mount": "straight_mast",
        "lamp_type": "floodlight",
        "man_made": "mast",
        "tower:type": "lighting"
      },
      "geometry": {
        "type": "Point",
        "coordinates": [
          4.9327116,
          52.3397077
        ]
      },
      "id": "node/11293469418"
    },
    {
      "type": "Feature",
      "properties": {
        "@id": "node/11293469419",
        "highway": "street_lamp",
        "lamp_mount": "straight_mast",
        "lamp_type": "floodlight",
        "man_made": "mast",
        "tower:type": "lighting"
      },
      "geometry": {
        "type": "Point",
        "coordinates": [
          4.9328102,
          52.3388732
        ]
      },
      "id": "node/11293469419"
    },
    {
      "type": "Feature",
      "properties": {
        "@id": "node/11293469420",
        "highway": "street_lamp",
        "lamp_mount": "straight_mast",
        "lamp_type": "floodlight",
        "man_made": "mast",
        "tower:type": "lighting"
      },
      "geometry": {
        "type": "Point",
        "coordinates": [
          4.9332384,
          52.3389631
        ]
      },
      "id": "node/11293469420"
    },
    {
      "type": "Feature",
      "properties": {
        "@id": "node/11293469421",
        "highway": "street_lamp",
        "lamp_mount": "straight_mast",
        "lamp_type": "floodlight",
        "man_made": "mast",
        "tower:type": "lighting"
      },
      "geometry": {
        "type": "Point",
        "coordinates": [
          4.9324504,
          52.3390932
        ]
      },
      "id": "node/11293469421"
    },
    {
      "type": "Feature",
      "properties": {
        "@id": "node/11293469422",
        "highway": "street_lamp",
        "lamp_mount": "straight_mast",
        "lamp_type": "floodlight",
        "man_made": "mast",
        "tower:type": "lighting"
      },
      "geometry": {
        "type": "Point",
        "coordinates": [
          4.9320897,
          52.3393357
        ]
      },
      "id": "node/11293469422"
    },
    {
      "type": "Feature",
      "properties": {
        "@id": "node/11293469423",
        "highway": "street_lamp",
        "lamp_mount": "straight_mast",
        "lamp_type": "floodlight",
        "man_made": "mast",
        "tower:type": "lighting"
      },
      "geometry": {
        "type": "Point",
        "coordinates": [
          4.9322935,
          52.3394582
        ]
      },
      "id": "node/11293469423"
    },
    {
      "type": "Feature",
      "properties": {
        "@id": "node/11293469424",
        "highway": "street_lamp",
        "lamp_mount": "straight_mast",
        "lamp_type": "floodlight",
        "man_made": "mast",
        "tower:type": "lighting"
      },
      "geometry": {
        "type": "Point",
        "coordinates": [
          4.931865,
          52.3395103
        ]
      },
      "id": "node/11293469424"
    },
    {
      "type": "Feature",
      "properties": {
        "@id": "node/11293469425",
        "highway": "street_lamp",
        "lamp_mount": "straight_mast",
        "lamp_type": "floodlight",
        "man_made": "mast",
        "tower:type": "lighting"
      },
      "geometry": {
        "type": "Point",
        "coordinates": [
          4.9322318,
          52.3397303
        ]
      },
      "id": "node/11293469425"
    },
    {
      "type": "Feature",
      "properties": {
        "@id": "node/11445705846",
        "man_made": "mast",
        "tower:type": "lighting"
      },
      "geometry": {
        "type": "Point",
        "coordinates": [
          4.9653831,
          52.3097888
        ]
      },
      "id": "node/11445705846"
    },
    {
      "type": "Feature",
      "properties": {
        "@id": "node/11445705847",
        "man_made": "mast",
        "tower:type": "lighting"
      },
      "geometry": {
        "type": "Point",
        "coordinates": [
          4.964755,
          52.3104753
        ]
      },
      "id": "node/11445705847"
    },
    {
      "type": "Feature",
      "properties": {
        "@id": "node/11445705848",
        "man_made": "mast",
        "tower:type": "lighting"
      },
      "geometry": {
        "type": "Point",
        "coordinates": [
          4.9651161,
          52.3110232
        ]
      },
      "id": "node/11445705848"
    },
    {
      "type": "Feature",
      "properties": {
        "@id": "node/11445705849",
        "man_made": "mast",
        "tower:type": "lighting"
      },
      "geometry": {
        "type": "Point",
        "coordinates": [
          4.9660372,
          52.3109138
        ]
      },
      "id": "node/11445705849"
    },
    {
      "type": "Feature",
      "properties": {
        "@id": "node/11445705850",
        "man_made": "mast",
        "tower:type": "lighting"
      },
      "geometry": {
        "type": "Point",
        "coordinates": [
          4.9663449,
          52.3105712
        ]
      },
      "id": "node/11445705850"
    },
    {
      "type": "Feature",
      "properties": {
        "@id": "node/11445705851",
        "man_made": "mast",
        "tower:type": "lighting"
      },
      "geometry": {
        "type": "Point",
        "coordinates": [
          4.9666586,
          52.3102275
        ]
      },
      "id": "node/11445705851"
    },
    {
      "type": "Feature",
      "properties": {
        "@id": "node/11445705852",
        "man_made": "mast",
        "tower:type": "lighting"
      },
      "geometry": {
        "type": "Point",
        "coordinates": [
          4.9663351,
          52.3096881
        ]
      },
      "id": "node/11445705852"
    },
    {
      "type": "Feature",
      "properties": {
        "@id": "node/11445705853",
        "man_made": "mast",
        "tower:type": "lighting"
      },
      "geometry": {
        "type": "Point",
        "coordinates": [
          4.9650718,
          52.3101321
        ]
      },
      "id": "node/11445705853"
    },
    {
      "type": "Feature",
      "properties": {
        "@id": "node/11522902955",
        "man_made": "mast",
        "tower:type": "lighting"
      },
      "geometry": {
        "type": "Point",
        "coordinates": [
          4.7989868,
          52.3726217
        ]
      },
      "id": "node/11522902955"
    },
    {
      "type": "Feature",
      "properties": {
        "@id": "node/11522902956",
        "man_made": "mast",
        "tower:type": "lighting"
      },
      "geometry": {
        "type": "Point",
        "coordinates": [
          4.798913,
          52.372319
        ]
      },
      "id": "node/11522902956"
    },
    {
      "type": "Feature",
      "properties": {
        "@id": "node/11522902957",
        "man_made": "mast",
        "tower:type": "lighting"
      },
      "geometry": {
        "type": "Point",
        "coordinates": [
          4.7990607,
          52.3729244
        ]
      },
      "id": "node/11522902957"
    },
    {
      "type": "Feature",
      "properties": {
        "@id": "node/11522902958",
        "man_made": "mast",
        "tower:type": "lighting"
      },
      "geometry": {
        "type": "Point",
        "coordinates": [
          4.800048,
          52.3725176
        ]
      },
      "id": "node/11522902958"
    },
    {
      "type": "Feature",
      "properties": {
        "@id": "node/11522902959",
        "man_made": "mast",
        "tower:type": "lighting"
      },
      "geometry": {
        "type": "Point",
        "coordinates": [
          4.7999784,
          52.372214
        ]
      },
      "id": "node/11522902959"
    },
    {
      "type": "Feature",
      "properties": {
        "@id": "node/11522902960",
        "man_made": "mast",
        "tower:type": "lighting"
      },
      "geometry": {
        "type": "Point",
        "coordinates": [
          4.8001311,
          52.372812
        ]
      },
      "id": "node/11522902960"
    },
    {
      "type": "Feature",
      "properties": {
        "@id": "node/11522902965",
        "man_made": "mast",
        "tower:type": "lighting"
      },
      "geometry": {
        "type": "Point",
        "coordinates": [
          4.7976143,
          52.3715912
        ]
      },
      "id": "node/11522902965"
    },
    {
      "type": "Feature",
      "properties": {
        "@id": "node/11522902966",
        "man_made": "mast",
        "tower:type": "lighting"
      },
      "geometry": {
        "type": "Point",
        "coordinates": [
          4.7976975,
          52.3720417
        ]
      },
      "id": "node/11522902966"
    },
    {
      "type": "Feature",
      "properties": {
        "@id": "node/11522902967",
        "man_made": "mast",
        "tower:type": "lighting"
      },
      "geometry": {
        "type": "Point",
        "coordinates": [
          4.7974847,
          52.3711503
        ]
      },
      "id": "node/11522902967"
    },
    {
      "type": "Feature",
      "properties": {
        "@id": "node/11522902968",
        "man_made": "mast",
        "tower:type": "lighting"
      },
      "geometry": {
        "type": "Point",
        "coordinates": [
          4.7985735,
          52.3710405
        ]
      },
      "id": "node/11522902968"
    },
    {
      "type": "Feature",
      "properties": {
        "@id": "node/11522906069",
        "man_made": "mast",
        "tower:type": "lighting"
      },
      "geometry": {
        "type": "Point",
        "coordinates": [
          4.7986886,
          52.3714861
        ]
      },
      "id": "node/11522906069"
    },
    {
      "type": "Feature",
      "properties": {
        "@id": "node/11522906070",
        "man_made": "mast",
        "tower:type": "lighting"
      },
      "geometry": {
        "type": "Point",
        "coordinates": [
          4.7988048,
          52.3719295
        ]
      },
      "id": "node/11522906070"
    },
    {
      "type": "Feature",
      "properties": {
        "@id": "node/11542332213",
        "man_made": "mast",
        "tower:type": "lighting"
      },
      "geometry": {
        "type": "Point",
        "coordinates": [
          4.9518263,
          52.3509936
        ]
      },
      "id": "node/11542332213"
    },
    {
      "type": "Feature",
      "properties": {
        "@id": "node/11542332214",
        "man_made": "mast",
        "tower:type": "lighting"
      },
      "geometry": {
        "type": "Point",
        "coordinates": [
          4.9512806,
          52.3513288
        ]
      },
      "id": "node/11542332214"
    },
    {
      "type": "Feature",
      "properties": {
        "@id": "node/11542332215",
        "man_made": "mast",
        "tower:type": "lighting"
      },
      "geometry": {
        "type": "Point",
        "coordinates": [
          4.9507534,
          52.3516562
        ]
      },
      "id": "node/11542332215"
    },
    {
      "type": "Feature",
      "properties": {
        "@id": "node/11586799594",
        "man_made": "mast",
        "tower:type": "lighting"
      },
      "geometry": {
        "type": "Point",
        "coordinates": [
          4.7958488,
          52.3692591
        ]
      },
      "id": "node/11586799594"
    },
    {
      "type": "Feature",
      "properties": {
        "@id": "node/11586799595",
        "man_made": "mast",
        "tower:type": "lighting"
      },
      "geometry": {
        "type": "Point",
        "coordinates": [
          4.79538,
          52.3692475
        ]
      },
      "id": "node/11586799595"
    },
    {
      "type": "Feature",
      "properties": {
        "@id": "node/11586799596",
        "man_made": "mast",
        "tower:type": "lighting"
      },
      "geometry": {
        "type": "Point",
        "coordinates": [
          4.7961098,
          52.3692563
        ]
      },
      "id": "node/11586799596"
    },
    {
      "type": "Feature",
      "properties": {
        "@id": "node/11586799597",
        "man_made": "mast",
        "tower:type": "lighting"
      },
      "geometry": {
        "type": "Point",
        "coordinates": [
          4.7951175,
          52.3692415
        ]
      },
      "id": "node/11586799597"
    },
    {
      "type": "Feature",
      "properties": {
        "@id": "node/11586799634",
        "man_made": "mast",
        "tower:type": "lighting"
      },
      "geometry": {
        "type": "Point",
        "coordinates": [
          4.7952221,
          52.3699807
        ]
      },
      "id": "node/11586799634"
    },
    {
      "type": "Feature",
      "properties": {
        "@id": "node/11586799635",
        "man_made": "mast",
        "tower:type": "lighting"
      },
      "geometry": {
        "type": "Point",
        "coordinates": [
          4.7954905,
          52.369984
        ]
      },
      "id": "node/11586799635"
    },
    {
      "type": "Feature",
      "properties": {
        "@id": "node/11586799636",
        "man_made": "mast",
        "tower:type": "lighting"
      },
      "geometry": {
        "type": "Point",
        "coordinates": [
          4.7957999,
          52.3699911
        ]
      },
      "id": "node/11586799636"
    },
    {
      "type": "Feature",
      "properties": {
        "@id": "node/11586799637",
        "man_made": "mast",
        "tower:type": "lighting"
      },
      "geometry": {
        "type": "Point",
        "coordinates": [
          4.7960652,
          52.3699955
        ]
      },
      "id": "node/11586799637"
    },
    {
      "type": "Feature",
      "properties": {
        "@id": "node/11586799638",
        "man_made": "mast",
        "tower:type": "lighting"
      },
      "geometry": {
        "type": "Point",
        "coordinates": [
          4.7960837,
          52.3695317
        ]
      },
      "id": "node/11586799638"
    },
    {
      "type": "Feature",
      "properties": {
        "@id": "node/11586799639",
        "man_made": "mast",
        "tower:type": "lighting"
      },
      "geometry": {
        "type": "Point",
        "coordinates": [
          4.7958166,
          52.3695312
        ]
      },
      "id": "node/11586799639"
    },
    {
      "type": "Feature",
      "properties": {
        "@id": "node/11586799640",
        "man_made": "mast",
        "tower:type": "lighting"
      },
      "geometry": {
        "type": "Point",
        "coordinates": [
          4.7955112,
          52.3695246
        ]
      },
      "id": "node/11586799640"
    },
    {
      "type": "Feature",
      "properties": {
        "@id": "node/11586799641",
        "man_made": "mast",
        "tower:type": "lighting"
      },
      "geometry": {
        "type": "Point",
        "coordinates": [
          4.7952464,
          52.3695207
        ]
      },
      "id": "node/11586799641"
    },
    {
      "type": "Feature",
      "properties": {
        "@id": "node/11773355941",
        "communication:mobile_phone": "yes",
        "man_made": "mast",
        "tower:type": "communication"
      },
      "geometry": {
        "type": "Point",
        "coordinates": [
          4.9025386,
          52.3392865
        ]
      },
      "id": "node/11773355941"
    },
    {
      "type": "Feature",
      "properties": {
        "@id": "node/12059796585",
        "communication:mobile_phone": "yes",
        "communication:radio": "yes",
        "man_made": "mast",
        "material": "metal",
        "tower:construction": "freestanding",
        "tower:type": "communication"
      },
      "geometry": {
        "type": "Point",
        "coordinates": [
          4.9246176,
          52.3491859
        ]
      },
      "id": "node/12059796585"
    },
    {
      "type": "Feature",
      "properties": {
        "@id": "node/12208669924",
        "man_made": "mast",
        "tower:type": "lighting"
      },
      "geometry": {
        "type": "Point",
        "coordinates": [
          4.8354279,
          52.388542
        ]
      },
      "id": "node/12208669924"
    },
    {
      "type": "Feature",
      "properties": {
        "@id": "node/12208733281",
        "man_made": "mast",
        "tower:type": "lighting"
      },
      "geometry": {
        "type": "Point",
        "coordinates": [
          4.8223956,
          52.3862178
        ]
      },
      "id": "node/12208733281"
    },
    {
      "type": "Feature",
      "properties": {
        "@id": "node/12208733282",
        "man_made": "mast",
        "tower:type": "lighting"
      },
      "geometry": {
        "type": "Point",
        "coordinates": [
          4.8224556,
          52.3860121
        ]
      },
      "id": "node/12208733282"
    },
    {
      "type": "Feature",
      "properties": {
        "@id": "node/12208733283",
        "man_made": "mast",
        "tower:type": "lighting"
      },
      "geometry": {
        "type": "Point",
        "coordinates": [
          4.8223996,
          52.3859024
        ]
      },
      "id": "node/12208733283"
    },
    {
      "type": "Feature",
      "properties": {
        "@id": "node/12208733284",
        "man_made": "mast",
        "tower:type": "lighting"
      },
      "geometry": {
        "type": "Point",
        "coordinates": [
          4.8224002,
          52.3855882
        ]
      },
      "id": "node/12208733284"
    },
    {
      "type": "Feature",
      "properties": {
        "@id": "node/12208733285",
        "man_made": "mast",
        "tower:type": "lighting"
      },
      "geometry": {
        "type": "Point",
        "coordinates": [
          4.8212747,
          52.3855861
        ]
      },
      "id": "node/12208733285"
    },
    {
      "type": "Feature",
      "properties": {
        "@id": "node/12208733286",
        "man_made": "mast",
        "tower:type": "lighting"
      },
      "geometry": {
        "type": "Point",
        "coordinates": [
          4.8212696,
          52.3859021
        ]
      },
      "id": "node/12208733286"
    },
    {
      "type": "Feature",
      "properties": {
        "@id": "node/12208733287",
        "man_made": "mast",
        "tower:type": "lighting"
      },
      "geometry": {
        "type": "Point",
        "coordinates": [
          4.821267,
          52.3862154
        ]
      },
      "id": "node/12208733287"
    },
    {
      "type": "Feature",
      "properties": {
        "@id": "node/12208733288",
        "man_made": "mast",
        "tower:type": "lighting"
      },
      "geometry": {
        "type": "Point",
        "coordinates": [
          4.822996,
          52.386015
        ]
      },
      "id": "node/12208733288"
    },
    {
      "type": "Feature",
      "properties": {
        "@id": "node/12208733289",
        "man_made": "mast",
        "tower:type": "lighting"
      },
      "geometry": {
        "type": "Point",
        "coordinates": [
          4.8233489,
          52.3860137
        ]
      },
      "id": "node/12208733289"
    },
    {
      "type": "Feature",
      "properties": {
        "@id": "node/12208733290",
        "man_made": "mast",
        "tower:type": "lighting"
      },
      "geometry": {
        "type": "Point",
        "coordinates": [
          4.8238891,
          52.3860179
        ]
      },
      "id": "node/12208733290"
    },
    {
      "type": "Feature",
      "properties": {
        "@id": "node/12208733291",
        "man_made": "mast",
        "tower:type": "lighting"
      },
      "geometry": {
        "type": "Point",
        "coordinates": [
          4.8238932,
          52.3854919
        ]
      },
      "id": "node/12208733291"
    },
    {
      "type": "Feature",
      "properties": {
        "@id": "node/12208733292",
        "man_made": "mast",
        "tower:type": "lighting"
      },
      "geometry": {
        "type": "Point",
        "coordinates": [
          4.8233616,
          52.3854761
        ]
      },
      "id": "node/12208733292"
    },
    {
      "type": "Feature",
      "properties": {
        "@id": "node/12208733293",
        "man_made": "mast",
        "tower:type": "lighting"
      },
      "geometry": {
        "type": "Point",
        "coordinates": [
          4.8229989,
          52.3854759
        ]
      },
      "id": "node/12208733293"
    },
    {
      "type": "Feature",
      "properties": {
        "@id": "node/12208733294",
        "man_made": "mast",
        "tower:type": "lighting"
      },
      "geometry": {
        "type": "Point",
        "coordinates": [
          4.822483,
          52.3854761
        ]
      },
      "id": "node/12208733294"
    },
    {
      "type": "Feature",
      "properties": {
        "@id": "node/12208733295",
        "man_made": "mast",
        "tower:type": "lighting"
      },
      "geometry": {
        "type": "Point",
        "coordinates": [
          4.8240973,
          52.3860823
        ]
      },
      "id": "node/12208733295"
    },
    {
      "type": "Feature",
      "properties": {
        "@id": "node/12208733296",
        "man_made": "mast",
        "tower:type": "lighting"
      },
      "geometry": {
        "type": "Point",
        "coordinates": [
          4.8240987,
          52.3858699
        ]
      },
      "id": "node/12208733296"
    },
    {
      "type": "Feature",
      "properties": {
        "@id": "node/12208733297",
        "man_made": "mast",
        "tower:type": "lighting"
      },
      "geometry": {
        "type": "Point",
        "coordinates": [
          4.8241001,
          52.3857334
        ]
      },
      "id": "node/12208733297"
    },
    {
      "type": "Feature",
      "properties": {
        "@id": "node/12208733298",
        "man_made": "mast",
        "tower:type": "lighting"
      },
      "geometry": {
        "type": "Point",
        "coordinates": [
          4.824102,
          52.3855182
        ]
      },
      "id": "node/12208733298"
    },
    {
      "type": "Feature",
      "properties": {
        "@id": "node/12208733299",
        "man_made": "mast",
        "tower:type": "lighting"
      },
      "geometry": {
        "type": "Point",
        "coordinates": [
          4.8243878,
          52.3855222
        ]
      },
      "id": "node/12208733299"
    },
    {
      "type": "Feature",
      "properties": {
        "@id": "node/12208733300",
        "man_made": "mast",
        "tower:type": "lighting"
      },
      "geometry": {
        "type": "Point",
        "coordinates": [
          4.8243836,
          52.3857351
        ]
      },
      "id": "node/12208733300"
    },
    {
      "type": "Feature",
      "properties": {
        "@id": "node/12208733301",
        "man_made": "mast",
        "tower:type": "lighting"
      },
      "geometry": {
        "type": "Point",
        "coordinates": [
          4.8243825,
          52.385872
        ]
      },
      "id": "node/12208733301"
    },
    {
      "type": "Feature",
      "properties": {
        "@id": "node/12208733302",
        "man_made": "mast",
        "tower:type": "lighting"
      },
      "geometry": {
        "type": "Point",
        "coordinates": [
          4.8243797,
          52.3860849
        ]
      },
      "id": "node/12208733302"
    },
    {
      "type": "Feature",
      "properties": {
        "@id": "node/12208733303",
        "man_made": "mast",
        "tower:type": "lighting"
      },
      "geometry": {
        "type": "Point",
        "coordinates": [
          4.8249161,
          52.3860883
        ]
      },
      "id": "node/12208733303"
    },
    {
      "type": "Feature",
      "properties": {
        "@id": "node/12208733304",
        "man_made": "mast",
        "tower:type": "lighting"
      },
      "geometry": {
        "type": "Point",
        "coordinates": [
          4.8249181,
          52.3858719
        ]
      },
      "id": "node/12208733304"
    },
    {
      "type": "Feature",
      "properties": {
        "@id": "node/12208733305",
        "man_made": "mast",
        "tower:type": "lighting"
      },
      "geometry": {
        "type": "Point",
        "coordinates": [
          4.8249223,
          52.3857388
        ]
      },
      "id": "node/12208733305"
    },
    {
      "type": "Feature",
      "properties": {
        "@id": "node/12208733306",
        "man_made": "mast",
        "tower:type": "lighting"
      },
      "geometry": {
        "type": "Point",
        "coordinates": [
          4.8249246,
          52.3855227
        ]
      },
      "id": "node/12208733306"
    },
    {
      "type": "Feature",
      "properties": {
        "@id": "node/12208733328",
        "man_made": "mast",
        "tower:type": "lighting"
      },
      "geometry": {
        "type": "Point",
        "coordinates": [
          4.8228275,
          52.3867433
        ]
      },
      "id": "node/12208733328"
    },
    {
      "type": "Feature",
      "properties": {
        "@id": "node/12208733329",
        "man_made": "mast",
        "tower:type": "lighting"
      },
      "geometry": {
        "type": "Point",
        "coordinates": [
          4.8232658,
          52.3867446
        ]
      },
      "id": "node/12208733329"
    },
    {
      "type": "Feature",
      "properties": {
        "@id": "node/12208733330",
        "man_made": "mast",
        "tower:type": "lighting"
      },
      "geometry": {
        "type": "Point",
        "coordinates": [
          4.8237294,
          52.3867452
        ]
      },
      "id": "node/12208733330"
    },
    {
      "type": "Feature",
      "properties": {
        "@id": "node/12208733331",
        "man_made": "mast",
        "tower:type": "lighting"
      },
      "geometry": {
        "type": "Point",
        "coordinates": [
          4.8223617,
          52.3867359
        ]
      },
      "id": "node/12208733331"
    },
    {
      "type": "Feature",
      "properties": {
        "@id": "node/12208733332",
        "man_made": "mast",
        "tower:type": "lighting"
      },
      "geometry": {
        "type": "Point",
        "coordinates": [
          4.822376,
          52.3872738
        ]
      },
      "id": "node/12208733332"
    },
    {
      "type": "Feature",
      "properties": {
        "@id": "node/12208733333",
        "man_made": "mast",
        "tower:type": "lighting"
      },
      "geometry": {
        "type": "Point",
        "coordinates": [
          4.8228264,
          52.3872745
        ]
      },
      "id": "node/12208733333"
    },
    {
      "type": "Feature",
      "properties": {
        "@id": "node/12208733334",
        "man_made": "mast",
        "tower:type": "lighting"
      },
      "geometry": {
        "type": "Point",
        "coordinates": [
          4.8232613,
          52.3872786
        ]
      },
      "id": "node/12208733334"
    },
    {
      "type": "Feature",
      "properties": {
        "@id": "node/12208733335",
        "man_made": "mast",
        "tower:type": "lighting"
      },
      "geometry": {
        "type": "Point",
        "coordinates": [
          4.8237186,
          52.3872803
        ]
      },
      "id": "node/12208733335"
    },
    {
      "type": "Feature",
      "properties": {
        "@id": "node/12208733336",
        "man_made": "mast",
        "tower:type": "lighting"
      },
      "geometry": {
        "type": "Point",
        "coordinates": [
          4.8239986,
          52.3864853
        ]
      },
      "id": "node/12208733336"
    },
    {
      "type": "Feature",
      "properties": {
        "@id": "node/12208733337",
        "man_made": "mast",
        "tower:type": "lighting"
      },
      "geometry": {
        "type": "Point",
        "coordinates": [
          4.8239934,
          52.386791
        ]
      },
      "id": "node/12208733337"
    },
    {
      "type": "Feature",
      "properties": {
        "@id": "node/12208733338",
        "man_made": "mast",
        "tower:type": "lighting"
      },
      "geometry": {
        "type": "Point",
        "coordinates": [
          4.8239875,
          52.3870719
        ]
      },
      "id": "node/12208733338"
    },
    {
      "type": "Feature",
      "properties": {
        "@id": "node/12208733339",
        "man_made": "mast",
        "tower:type": "lighting"
      },
      "geometry": {
        "type": "Point",
        "coordinates": [
          4.8239836,
          52.3873757
        ]
      },
      "id": "node/12208733339"
    },
    {
      "type": "Feature",
      "properties": {
        "@id": "node/12208733340",
        "man_made": "mast",
        "tower:type": "lighting"
      },
      "geometry": {
        "type": "Point",
        "coordinates": [
          4.8248592,
          52.3873786
        ]
      },
      "id": "node/12208733340"
    },
    {
      "type": "Feature",
      "properties": {
        "@id": "node/12208733341",
        "man_made": "mast",
        "tower:type": "lighting"
      },
      "geometry": {
        "type": "Point",
        "coordinates": [
          4.8248652,
          52.3870769
        ]
      },
      "id": "node/12208733341"
    },
    {
      "type": "Feature",
      "properties": {
        "@id": "node/12208733342",
        "man_made": "mast",
        "tower:type": "lighting"
      },
      "geometry": {
        "type": "Point",
        "coordinates": [
          4.8248629,
          52.3867937
        ]
      },
      "id": "node/12208733342"
    },
    {
      "type": "Feature",
      "properties": {
        "@id": "node/12208733343",
        "man_made": "mast",
        "tower:type": "lighting"
      },
      "geometry": {
        "type": "Point",
        "coordinates": [
          4.8248715,
          52.3864919
        ]
      },
      "id": "node/12208733343"
    },
    {
      "type": "Feature",
      "properties": {
        "@id": "node/12208733344",
        "man_made": "mast",
        "tower:type": "lighting"
      },
      "geometry": {
        "type": "Point",
        "coordinates": [
          4.8258535,
          52.3873702
        ]
      },
      "id": "node/12208733344"
    },
    {
      "type": "Feature",
      "properties": {
        "@id": "node/12208733345",
        "man_made": "mast",
        "tower:type": "lighting"
      },
      "geometry": {
        "type": "Point",
        "coordinates": [
          4.8258556,
          52.3870833
        ]
      },
      "id": "node/12208733345"
    },
    {
      "type": "Feature",
      "properties": {
        "@id": "node/12208733346",
        "man_made": "mast",
        "tower:type": "lighting"
      },
      "geometry": {
        "type": "Point",
        "coordinates": [
          4.8258619,
          52.3867924
        ]
      },
      "id": "node/12208733346"
    },
    {
      "type": "Feature",
      "properties": {
        "@id": "node/12208733347",
        "man_made": "mast",
        "tower:type": "lighting"
      },
      "geometry": {
        "type": "Point",
        "coordinates": [
          4.8258691,
          52.3865014
        ]
      },
      "id": "node/12208733347"
    },
    {
      "type": "Feature",
      "properties": {
        "@id": "node/12208733348",
        "man_made": "mast",
        "tower:type": "lighting"
      },
      "geometry": {
        "type": "Point",
        "coordinates": [
          4.8267419,
          52.3865055
        ]
      },
      "id": "node/12208733348"
    },
    {
      "type": "Feature",
      "properties": {
        "@id": "node/12208733349",
        "man_made": "mast",
        "tower:type": "lighting"
      },
      "geometry": {
        "type": "Point",
        "coordinates": [
          4.8267368,
          52.3867976
        ]
      },
      "id": "node/12208733349"
    },
    {
      "type": "Feature",
      "properties": {
        "@id": "node/12208733350",
        "man_made": "mast",
        "tower:type": "lighting"
      },
      "geometry": {
        "type": "Point",
        "coordinates": [
          4.8267364,
          52.3870857
        ]
      },
      "id": "node/12208733350"
    },
    {
      "type": "Feature",
      "properties": {
        "@id": "node/12208733351",
        "man_made": "mast",
        "tower:type": "lighting"
      },
      "geometry": {
        "type": "Point",
        "coordinates": [
          4.8267321,
          52.3873735
        ]
      },
      "id": "node/12208733351"
    },
    {
      "type": "Feature",
      "properties": {
        "@id": "node/12208733352",
        "man_made": "mast",
        "tower:type": "lighting"
      },
      "geometry": {
        "type": "Point",
        "coordinates": [
          4.8272516,
          52.387376
        ]
      },
      "id": "node/12208733352"
    },
    {
      "type": "Feature",
      "properties": {
        "@id": "node/12208733353",
        "man_made": "mast",
        "tower:type": "lighting"
      },
      "geometry": {
        "type": "Point",
        "coordinates": [
          4.8272572,
          52.3870862
        ]
      },
      "id": "node/12208733353"
    },
    {
      "type": "Feature",
      "properties": {
        "@id": "node/12208733354",
        "man_made": "mast",
        "tower:type": "lighting"
      },
      "geometry": {
        "type": "Point",
        "coordinates": [
          4.8272601,
          52.3867975
        ]
      },
      "id": "node/12208733354"
    },
    {
      "type": "Feature",
      "properties": {
        "@id": "node/12208733355",
        "man_made": "mast",
        "tower:type": "lighting"
      },
      "geometry": {
        "type": "Point",
        "coordinates": [
          4.8272627,
          52.3865122
        ]
      },
      "id": "node/12208733355"
    },
    {
      "type": "Feature",
      "properties": {
        "@id": "node/12208733356",
        "man_made": "mast",
        "tower:type": "lighting"
      },
      "geometry": {
        "type": "Point",
        "coordinates": [
          4.8281381,
          52.3865152
        ]
      },
      "id": "node/12208733356"
    },
    {
      "type": "Feature",
      "properties": {
        "@id": "node/12208733357",
        "man_made": "mast",
        "tower:type": "lighting"
      },
      "geometry": {
        "type": "Point",
        "coordinates": [
          4.8281333,
          52.3868056
        ]
      },
      "id": "node/12208733357"
    },
    {
      "type": "Feature",
      "properties": {
        "@id": "node/12208733358",
        "man_made": "mast",
        "tower:type": "lighting"
      },
      "geometry": {
        "type": "Point",
        "coordinates": [
          4.8281287,
          52.3870876
        ]
      },
      "id": "node/12208733358"
    },
    {
      "type": "Feature",
      "properties": {
        "@id": "node/12208733359",
        "man_made": "mast",
        "tower:type": "lighting"
      },
      "geometry": {
        "type": "Point",
        "coordinates": [
          4.8281281,
          52.3873759
        ]
      },
      "id": "node/12208733359"
    },
    {
      "type": "Feature",
      "properties": {
        "@id": "node/12208733360",
        "man_made": "mast",
        "tower:type": "lighting"
      },
      "geometry": {
        "type": "Point",
        "coordinates": [
          4.8284521,
          52.3873857
        ]
      },
      "id": "node/12208733360"
    },
    {
      "type": "Feature",
      "properties": {
        "@id": "node/12208733361",
        "man_made": "mast",
        "tower:type": "lighting"
      },
      "geometry": {
        "type": "Point",
        "coordinates": [
          4.8284565,
          52.3870634
        ]
      },
      "id": "node/12208733361"
    },
    {
      "type": "Feature",
      "properties": {
        "@id": "node/12208733362",
        "man_made": "mast",
        "tower:type": "lighting"
      },
      "geometry": {
        "type": "Point",
        "coordinates": [
          4.8284586,
          52.3867333
        ]
      },
      "id": "node/12208733362"
    },
    {
      "type": "Feature",
      "properties": {
        "@id": "node/12208733363",
        "man_made": "mast",
        "tower:type": "lighting"
      },
      "geometry": {
        "type": "Point",
        "coordinates": [
          4.8284686,
          52.3864072
        ]
      },
      "id": "node/12208733363"
    },
    {
      "type": "Feature",
      "properties": {
        "@id": "node/12208733364",
        "man_made": "mast",
        "tower:type": "lighting"
      },
      "geometry": {
        "type": "Point",
        "coordinates": [
          4.8295286,
          52.3864179
        ]
      },
      "id": "node/12208733364"
    },
    {
      "type": "Feature",
      "properties": {
        "@id": "node/12208733365",
        "man_made": "mast",
        "tower:type": "lighting"
      },
      "geometry": {
        "type": "Point",
        "coordinates": [
          4.8295328,
          52.3867384
        ]
      },
      "id": "node/12208733365"
    },
    {
      "type": "Feature",
      "properties": {
        "@id": "node/12208733366",
        "man_made": "mast",
        "tower:type": "lighting"
      },
      "geometry": {
        "type": "Point",
        "coordinates": [
          4.8295248,
          52.3870704
        ]
      },
      "id": "node/12208733366"
    },
    {
      "type": "Feature",
      "properties": {
        "@id": "node/12208733367",
        "man_made": "mast",
        "tower:type": "lighting"
      },
      "geometry": {
        "type": "Point",
        "coordinates": [
          4.8295188,
          52.3873904
        ]
      },
      "id": "node/12208733367"
    },
    {
      "type": "Feature",
      "properties": {
        "@id": "node/12208733368",
        "man_made": "mast",
        "tower:type": "lighting"
      },
      "geometry": {
        "type": "Point",
        "coordinates": [
          4.8297977,
          52.3866248
        ]
      },
      "id": "node/12208733368"
    },
    {
      "type": "Feature",
      "properties": {
        "@id": "node/12208733369",
        "man_made": "mast",
        "tower:type": "lighting"
      },
      "geometry": {
        "type": "Point",
        "coordinates": [
          4.830565,
          52.386627
        ]
      },
      "id": "node/12208733369"
    },
    {
      "type": "Feature",
      "properties": {
        "@id": "node/12208733370",
        "man_made": "mast",
        "tower:type": "lighting"
      },
      "geometry": {
        "type": "Point",
        "coordinates": [
          4.8313275,
          52.3866311
        ]
      },
      "id": "node/12208733370"
    },
    {
      "type": "Feature",
      "properties": {
        "@id": "node/12208733371",
        "man_made": "mast",
        "tower:type": "lighting"
      },
      "geometry": {
        "type": "Point",
        "coordinates": [
          4.8313193,
          52.387282
        ]
      },
      "id": "node/12208733371"
    },
    {
      "type": "Feature",
      "properties": {
        "@id": "node/12208733372",
        "man_made": "mast",
        "tower:type": "lighting"
      },
      "geometry": {
        "type": "Point",
        "coordinates": [
          4.8305549,
          52.3872774
        ]
      },
      "id": "node/12208733372"
    },
    {
      "type": "Feature",
      "properties": {
        "@id": "node/12208733373",
        "man_made": "mast",
        "tower:type": "lighting"
      },
      "geometry": {
        "type": "Point",
        "coordinates": [
          4.8297888,
          52.3872761
        ]
      },
      "id": "node/12208733373"
    },
    {
      "type": "Feature",
      "properties": {
        "@id": "node/12208733374",
        "man_made": "mast",
        "tower:type": "lighting"
      },
      "geometry": {
        "type": "Point",
        "coordinates": [
          4.8298115,
          52.3861499
        ]
      },
      "id": "node/12208733374"
    },
    {
      "type": "Feature",
      "properties": {
        "@id": "node/12208733375",
        "man_made": "mast",
        "tower:type": "lighting"
      },
      "geometry": {
        "type": "Point",
        "coordinates": [
          4.8297678,
          52.3860424
        ]
      },
      "id": "node/12208733375"
    },
    {
      "type": "Feature",
      "properties": {
        "@id": "node/12208733376",
        "man_made": "mast",
        "tower:type": "lighting"
      },
      "geometry": {
        "type": "Point",
        "coordinates": [
          4.830506,
          52.3861546
        ]
      },
      "id": "node/12208733376"
    },
    {
      "type": "Feature",
      "properties": {
        "@id": "node/12208733377",
        "man_made": "mast",
        "tower:type": "lighting"
      },
      "geometry": {
        "type": "Point",
        "coordinates": [
          4.8310917,
          52.3861533
        ]
      },
      "id": "node/12208733377"
    },
    {
      "type": "Feature",
      "properties": {
        "@id": "node/12208733378",
        "man_made": "mast",
        "tower:type": "lighting"
      },
      "geometry": {
        "type": "Point",
        "coordinates": [
          4.8292597,
          52.3860406
        ]
      },
      "id": "node/12208733378"
    },
    {
      "type": "Feature",
      "properties": {
        "@id": "node/12208733379",
        "man_made": "mast",
        "tower:type": "lighting"
      },
      "geometry": {
        "type": "Point",
        "coordinates": [
          4.8287565,
          52.3860369
        ]
      },
      "id": "node/12208733379"
    },
    {
      "type": "Feature",
      "properties": {
        "@id": "node/12208733380",
        "man_made": "mast",
        "tower:type": "lighting"
      },
      "geometry": {
        "type": "Point",
        "coordinates": [
          4.8292702,
          52.3855195
        ]
      },
      "id": "node/12208733380"
    },
    {
      "type": "Feature",
      "properties": {
        "@id": "node/12208733381",
        "man_made": "mast",
        "tower:type": "lighting"
      },
      "geometry": {
        "type": "Point",
        "coordinates": [
          4.8287272,
          52.3855199
        ]
      },
      "id": "node/12208733381"
    },
    {
      "type": "Feature",
      "properties": {
        "@id": "node/12208733382",
        "man_made": "mast",
        "tower:type": "lighting"
      },
      "geometry": {
        "type": "Point",
        "coordinates": [
          4.8297657,
          52.3855167
        ]
      },
      "id": "node/12208733382"
    },
    {
      "type": "Feature",
      "properties": {
        "@id": "node/12208733383",
        "man_made": "mast",
        "tower:type": "lighting"
      },
      "geometry": {
        "type": "Point",
        "coordinates": [
          4.8298385,
          52.3855237
        ]
      },
      "id": "node/12208733383"
    },
    {
      "type": "Feature",
      "properties": {
        "@id": "node/12208733384",
        "man_made": "mast",
        "tower:type": "lighting"
      },
      "geometry": {
        "type": "Point",
        "coordinates": [
          4.8305244,
          52.3855305
        ]
      },
      "id": "node/12208733384"
    },
    {
      "type": "Feature",
      "properties": {
        "@id": "node/12208733389",
        "man_made": "mast",
        "tower:type": "lighting"
      },
      "geometry": {
        "type": "Point",
        "coordinates": [
          4.8310974,
          52.3855354
        ]
      },
      "id": "node/12208733389"
    },
    {
      "type": "Feature",
      "properties": {
        "@id": "node/12234903877",
        "man_made": "mast",
        "tower:type": "lighting"
      },
      "geometry": {
        "type": "Point",
        "coordinates": [
          5.0151438,
          52.3086814
        ]
      },
      "id": "node/12234903877"
    },
    {
      "type": "Feature",
      "properties": {
        "@id": "node/12234903878",
        "man_made": "mast",
        "tower:type": "lighting"
      },
      "geometry": {
        "type": "Point",
        "coordinates": [
          5.0159021,
          52.3087298
        ]
      },
      "id": "node/12234903878"
    },
    {
      "type": "Feature",
      "properties": {
        "@id": "node/12234903879",
        "man_made": "mast",
        "tower:type": "lighting"
      },
      "geometry": {
        "type": "Point",
        "coordinates": [
          5.0166564,
          52.3087779
        ]
      },
      "id": "node/12234903879"
    },
    {
      "type": "Feature",
      "properties": {
        "@id": "node/12234903880",
        "man_made": "mast",
        "tower:type": "lighting"
      },
      "geometry": {
        "type": "Point",
        "coordinates": [
          5.0167625,
          52.3081365
        ]
      },
      "id": "node/12234903880"
    },
    {
      "type": "Feature",
      "properties": {
        "@id": "node/12234903881",
        "man_made": "mast",
        "tower:type": "lighting"
      },
      "geometry": {
        "type": "Point",
        "coordinates": [
          5.0160068,
          52.3080878
        ]
      },
      "id": "node/12234903881"
    },
    {
      "type": "Feature",
      "properties": {
        "@id": "node/12234903882",
        "man_made": "mast",
        "tower:type": "lighting"
      },
      "geometry": {
        "type": "Point",
        "coordinates": [
          5.0152519,
          52.3080391
        ]
      },
      "id": "node/12234903882"
    },
    {
      "type": "Feature",
      "properties": {
        "@id": "node/12489794531",
        "man_made": "mast",
        "tower:construction": "freestanding",
        "tower:type": "radar"
      },
      "geometry": {
        "type": "Point",
        "coordinates": [
          4.9487659,
          52.3777963
        ]
      },
      "id": "node/12489794531"
    },
    {
      "type": "Feature",
      "properties": {
        "@id": "node/12516970067",
        "man_made": "mast"
      },
      "geometry": {
        "type": "Point",
        "coordinates": [
          4.9190776,
          52.3986786
        ]
      },
      "id": "node/12516970067"
    },
    {
      "type": "Feature",
      "properties": {
        "@id": "node/12524326425",
        "addr:city": "Amsterdam",
        "addr:housenumber": "42",
        "addr:postcode": "1105AT",
        "addr:street": "Schepenbergweg",
        "name": "Equinix Amsterdam AM5",
        "office": "telecommunication",
        "operator": "Equinix",
        "operator:wikidata": "Q851641",
        "ref": "AM5",
        "telecom": "data_center",
        "website": "https://www.equinix.com/data-centers/europe-colocation/netherlands-colocation/amsterdam-data-centers/am5"
      },
      "geometry": {
        "type": "Point",
        "coordinates": [
          4.9447435,
          52.2934707
        ]
      },
      "id": "node/12524326425"
    },
    {
      "type": "Feature",
      "properties": {
        "@id": "node/12569285672",
        "addr:city": "Amsterdam",
        "addr:housenumber": "80A",
        "addr:postcode": "1096AH",
        "addr:street": "Duivendrechtsekade",
        "name": "Equinix AM6",
        "office": "company",
        "operator": "Equinix",
        "operator:wikidata": "Q851641",
        "ref": "AM6",
        "telecom": "data_center"
      },
      "geometry": {
        "type": "Point",
        "coordinates": [
          4.9331725,
          52.3372041
        ]
      },
      "id": "node/12569285672"
    },
    {
      "type": "Feature",
      "properties": {
        "@id": "node/12569285673",
        "addr:city": "Amsterdam",
        "addr:housenumber": "127",
        "addr:postcode": "1096AM",
        "addr:street": "H.J.E. Wenckebachweg",
        "name": "Digital Realty (AMS18)",
        "office": "company",
        "operator": "Digital Realty",
        "operator:wikidata": "Q5275969",
        "ref": "AMS18",
        "telecom": "data_center",
        "website": "https://www.digitalrealty.com/data-centers/emea/amsterdam/ams18"
      },
      "geometry": {
        "type": "Point",
        "coordinates": [
          4.9315256,
          52.3365896
        ]
      },
      "id": "node/12569285673"
    },
    {
      "type": "Feature",
      "properties": {
        "@id": "node/12805023666",
        "capacity": "1",
        "man_made": "mast",
        "mast": "bird_nest",
        "name": "ooievaarsnest",
        "nest": "stork",
        "species": "Ciconia ciconia",
        "species:en": "White stork",
        "species:nl": "Ooievaar",
        "support": "pole"
      },
      "geometry": {
        "type": "Point",
        "coordinates": [
          4.8939672,
          52.3251651
        ]
      },
      "id": "node/12805023666"
    },
    {
      "type": "Feature",
      "properties": {
        "@id": "node/12923900512",
        "colour": "blue",
        "man_made": "tower",
        "material": "steel",
        "name": "Entabeni",
        "tower:construction": "lattice"
      },
      "geometry": {
        "type": "Point",
        "coordinates": [
          4.9607224,
          52.3249566
        ]
      },
      "id": "node/12923900512"
    },
    {
      "type": "Feature",
      "properties": {
        "@id": "node/12926564235",
        "colour": "yellow",
        "man_made": "tower",
        "material": "steel",
        "name": "Eeftink",
        "tower:construction": "lattice"
      },
      "geometry": {
        "type": "Point",
        "coordinates": [
          4.9632816,
          52.3258331
        ]
      },
      "id": "node/12926564235"
    },
    {
      "type": "Feature",
      "properties": {
        "@id": "node/12926588837",
        "colour": "pink",
        "man_made": "tower",
        "material": "steel",
        "name": "Egeldonk",
        "tower:construction": "lattice"
      },
      "geometry": {
        "type": "Point",
        "coordinates": [
          4.9658217,
          52.3267035
        ]
      },
      "id": "node/12926588837"
    },
    {
      "type": "Feature",
      "properties": {
        "@id": "node/12997664137",
        "height": "7",
        "man_made": "mast"
      },
      "geometry": {
        "type": "Point",
        "coordinates": [
          4.9666867,
          52.3245167
        ]
      },
      "id": "node/12997664137"
    },
    {
      "type": "Feature",
      "properties": {
        "@id": "node/12997664138",
        "height": "7",
        "man_made": "mast"
      },
      "geometry": {
        "type": "Point",
        "coordinates": [
          4.9665465,
          52.3244691
        ]
      },
      "id": "node/12997664138"
    },
    {
      "type": "Feature",
      "properties": {
        "@id": "node/12997664139",
        "height": "7",
        "man_made": "mast"
      },
      "geometry": {
        "type": "Point",
        "coordinates": [
          4.9664024,
          52.3244175
        ]
      },
      "id": "node/12997664139"
    },
    {
      "type": "Feature",
      "properties": {
        "@id": "node/12997664140",
        "height": "7",
        "man_made": "mast"
      },
      "geometry": {
        "type": "Point",
        "coordinates": [
          4.9662555,
          52.3243659
        ]
      },
      "id": "node/12997664140"
    },
    {
      "type": "Feature",
      "properties": {
        "@id": "node/12997664141",
        "height": "7",
        "man_made": "mast"
      },
      "geometry": {
        "type": "Point",
        "coordinates": [
          4.9661073,
          52.3243171
        ]
      },
      "id": "node/12997664141"
    },
    {
      "type": "Feature",
      "properties": {
        "@id": "node/12998069280",
        "height": "7",
        "man_made": "mast"
      },
      "geometry": {
        "type": "Point",
        "coordinates": [
          4.9656909,
          52.3249624
        ]
      },
      "id": "node/12998069280"
    },
    {
      "type": "Feature",
      "properties": {
        "@id": "node/12998069281",
        "height": "7",
        "man_made": "mast"
      },
      "geometry": {
        "type": "Point",
        "coordinates": [
          4.9655756,
          52.324923
        ]
      },
      "id": "node/12998069281"
    },
    {
      "type": "Feature",
      "properties": {
        "@id": "node/12998069282",
        "height": "7",
        "man_made": "mast"
      },
      "geometry": {
        "type": "Point",
        "coordinates": [
          4.9654391,
          52.3248761
        ]
      },
      "id": "node/12998069282"
    },
    {
      "type": "Feature",
      "properties": {
        "@id": "node/12998069283",
        "height": "7",
        "man_made": "mast"
      },
      "geometry": {
        "type": "Point",
        "coordinates": [
          4.9652996,
          52.324829
        ]
      },
      "id": "node/12998069283"
    },
    {
      "type": "Feature",
      "properties": {
        "@id": "node/12998069284",
        "height": "7",
        "man_made": "mast"
      },
      "geometry": {
        "type": "Point",
        "coordinates": [
          4.9653295,
          52.3247659
        ]
      },
      "id": "node/12998069284"
    },
    {
      "type": "Feature",
      "properties": {
        "@id": "node/12998069285",
        "height": "7",
        "man_made": "mast"
      },
      "geometry": {
        "type": "Point",
        "coordinates": [
          4.9654032,
          52.3246823
        ]
      },
      "id": "node/12998069285"
    },
    {
      "type": "Feature",
      "properties": {
        "@id": "node/13005228094",
        "height": "7",
        "man_made": "mast"
      },
      "geometry": {
        "type": "Point",
        "coordinates": [
          4.9657975,
          52.3242446
        ]
      },
      "id": "node/13005228094"
    },
    {
      "type": "Feature",
      "properties": {
        "@id": "node/13005228095",
        "height": "7",
        "man_made": "mast"
      },
      "geometry": {
        "type": "Point",
        "coordinates": [
          4.9657197,
          52.3243327
        ]
      },
      "id": "node/13005228095"
    },
    {
      "type": "Feature",
      "properties": {
        "@id": "node/13005228096",
        "height": "7",
        "man_made": "mast"
      },
      "geometry": {
        "type": "Point",
        "coordinates": [
          4.9656393,
          52.3244216
        ]
      },
      "id": "node/13005228096"
    },
    {
      "type": "Feature",
      "properties": {
        "@id": "node/13005228097",
        "height": "7",
        "man_made": "mast"
      },
      "geometry": {
        "type": "Point",
        "coordinates": [
          4.9654904,
          52.3245896
        ]
      },
      "id": "node/13005228097"
    },
    {
      "type": "Feature",
      "properties": {
        "@id": "node/13005228098",
        "height": "7",
        "man_made": "mast"
      },
      "geometry": {
        "type": "Point",
        "coordinates": [
          4.9655628,
          52.3245073
        ]
      },
      "id": "node/13005228098"
    },
    {
      "type": "Feature",
      "properties": {
        "@id": "node/13060137818",
        "height": "7",
        "man_made": "mast"
      },
      "geometry": {
        "type": "Point",
        "coordinates": [
          4.9661502,
          52.3238659
        ]
      },
      "id": "node/13060137818"
    },
    {
      "type": "Feature",
      "properties": {
        "@id": "node/13060137823",
        "height": "7",
        "man_made": "mast"
      },
      "geometry": {
        "type": "Point",
        "coordinates": [
          4.9660698,
          52.3239474
        ]
      },
      "id": "node/13060137823"
    },
    {
      "type": "Feature",
      "properties": {
        "@id": "node/13060137824",
        "height": "7",
        "man_made": "mast"
      },
      "geometry": {
        "type": "Point",
        "coordinates": [
          4.9659913,
          52.3240314
        ]
      },
      "id": "node/13060137824"
    },
    {
      "type": "Feature",
      "properties": {
        "@id": "node/13060137825",
        "height": "7",
        "man_made": "mast"
      },
      "geometry": {
        "type": "Point",
        "coordinates": [
          4.9659162,
          52.3241138
        ]
      },
      "id": "node/13060137825"
    },
    {
      "type": "Feature",
      "properties": {
        "@id": "node/13060882556",
        "height": "7",
        "man_made": "mast"
      },
      "geometry": {
        "type": "Point",
        "coordinates": [
          4.9652933,
          52.3240331
        ]
      },
      "id": "node/13060882556"
    },
    {
      "type": "Feature",
      "properties": {
        "@id": "node/13060882557",
        "height": "7",
        "man_made": "mast"
      },
      "geometry": {
        "type": "Point",
        "coordinates": [
          4.9653798,
          52.324065
        ]
      },
      "id": "node/13060882557"
    },
    {
      "type": "Feature",
      "properties": {
        "@id": "node/13060882558",
        "height": "7",
        "man_made": "mast"
      },
      "geometry": {
        "type": "Point",
        "coordinates": [
          4.9654535,
          52.3240905
        ]
      },
      "id": "node/13060882558"
    },
    {
      "type": "Feature",
      "properties": {
        "@id": "node/13060882559",
        "height": "7",
        "man_made": "mast"
      },
      "geometry": {
        "type": "Point",
        "coordinates": [
          4.9657305,
          52.3241855
        ]
      },
      "id": "node/13060882559"
    },
    {
      "type": "Feature",
      "properties": {
        "@id": "node/13060882560",
        "height": "7",
        "man_made": "mast"
      },
      "geometry": {
        "type": "Point",
        "coordinates": [
          4.9656661,
          52.3241646
        ]
      },
      "id": "node/13060882560"
    },
    {
      "type": "Feature",
      "properties": {
        "@id": "node/13060882561",
        "height": "7",
        "man_made": "mast"
      },
      "geometry": {
        "type": "Point",
        "coordinates": [
          4.9655984,
          52.32414
        ]
      },
      "id": "node/13060882561"
    },
    {
      "type": "Feature",
      "properties": {
        "@id": "node/13060882562",
        "height": "7",
        "man_made": "mast"
      },
      "geometry": {
        "type": "Point",
        "coordinates": [
          4.9655326,
          52.3241171
        ]
      },
      "id": "node/13060882562"
    },
    {
      "type": "Feature",
      "properties": {
        "@id": "node/13061562930",
        "height": "7",
        "man_made": "mast"
      },
      "geometry": {
        "type": "Point",
        "coordinates": [
          4.9652182,
          52.3240091
        ]
      },
      "id": "node/13061562930"
    },
    {
      "type": "Feature",
      "properties": {
        "@id": "node/13098130174",
        "man_made": "mast",
        "tower:type": "lighting"
      },
      "geometry": {
        "type": "Point",
        "coordinates": [
          4.8892606,
          52.3417293
        ]
      },
      "id": "node/13098130174"
    },
    {
      "type": "Feature",
      "properties": {
        "@id": "node/13098130175",
        "man_made": "mast",
        "tower:type": "lighting"
      },
      "geometry": {
        "type": "Point",
        "coordinates": [
          4.8889333,
          52.3417459
        ]
      },
      "id": "node/13098130175"
    },
    {
      "type": "Feature",
      "properties": {
        "@id": "node/13098130176",
        "man_made": "mast",
        "tower:type": "lighting"
      },
      "geometry": {
        "type": "Point",
        "coordinates": [
          4.8886049,
          52.3417608
        ]
      },
      "id": "node/13098130176"
    },
    {
      "type": "Feature",
      "properties": {
        "@id": "node/13105459735",
        "man_made": "mast",
        "tower:type": "lighting"
      },
      "geometry": {
        "type": "Point",
        "coordinates": [
          4.8346859,
          52.3566077
        ]
      },
      "id": "node/13105459735"
    },
    {
      "type": "Feature",
      "properties": {
        "@id": "node/13105459737",
        "man_made": "mast",
        "tower:type": "lighting"
      },
      "geometry": {
        "type": "Point",
        "coordinates": [
          4.8346235,
          52.35676
        ]
      },
      "id": "node/13105459737"
    },
    {
      "type": "Feature",
      "properties": {
        "@id": "node/13105459742",
        "man_made": "mast",
        "tower:type": "lighting"
      },
      "geometry": {
        "type": "Point",
        "coordinates": [
          4.834866,
          52.3564081
        ]
      },
      "id": "node/13105459742"
    },
    {
      "type": "Feature",
      "properties": {
        "@id": "node/13105459744",
        "man_made": "mast",
        "tower:type": "lighting"
      },
      "geometry": {
        "type": "Point",
        "coordinates": [
          4.8350192,
          52.3566194
        ]
      },
      "id": "node/13105459744"
    },
    {
      "type": "Feature",
      "properties": {
        "@id": "node/13105459745",
        "man_made": "mast",
        "tower:type": "lighting"
      },
      "geometry": {
        "type": "Point",
        "coordinates": [
          4.8344636,
          52.3563846
        ]
      },
      "id": "node/13105459745"
    },
    {
      "type": "Feature",
      "properties": {
        "@id": "node/13115909817",
        "man_made": "mast",
        "tower:type": "lighting"
      },
      "geometry": {
        "type": "Point",
        "coordinates": [
          4.8504478,
          52.3401491
        ]
      },
      "id": "node/13115909817"
    },
    {
      "type": "Feature",
      "properties": {
        "@id": "node/13115909818",
        "man_made": "mast",
        "tower:type": "lighting"
      },
      "geometry": {
        "type": "Point",
        "coordinates": [
          4.8505626,
          52.3398305
        ]
      },
      "id": "node/13115909818"
    },
    {
      "type": "Feature",
      "properties": {
        "@id": "node/13115909819",
        "man_made": "mast",
        "tower:type": "lighting"
      },
      "geometry": {
        "type": "Point",
        "coordinates": [
          4.849445,
          52.3400084
        ]
      },
      "id": "node/13115909819"
    },
    {
      "type": "Feature",
      "properties": {
        "@id": "node/13115909820",
        "man_made": "mast",
        "tower:type": "lighting"
      },
      "geometry": {
        "type": "Point",
        "coordinates": [
          4.8495574,
          52.3396964
        ]
      },
      "id": "node/13115909820"
    },
    {
      "type": "Feature",
      "properties": {
        "@id": "node/13115909821",
        "man_made": "mast",
        "tower:type": "lighting"
      },
      "geometry": {
        "type": "Point",
        "coordinates": [
          4.8494357,
          52.3400498
        ]
      },
      "id": "node/13115909821"
    },
    {
      "type": "Feature",
      "properties": {
        "@id": "node/13115909822",
        "man_made": "mast",
        "tower:type": "lighting"
      },
      "geometry": {
        "type": "Point",
        "coordinates": [
          4.8493163,
          52.3403628
        ]
      },
      "id": "node/13115909822"
    },
    {
      "type": "Feature",
      "properties": {
        "@id": "node/13115909823",
        "man_made": "mast",
        "tower:type": "lighting"
      },
      "geometry": {
        "type": "Point",
        "coordinates": [
          4.8497808,
          52.3404258
        ]
      },
      "id": "node/13115909823"
    },
    {
      "type": "Feature",
      "properties": {
        "@id": "node/13115909824",
        "man_made": "mast",
        "tower:type": "lighting"
      },
      "geometry": {
        "type": "Point",
        "coordinates": [
          4.8498917,
          52.3401101
        ]
      },
      "id": "node/13115909824"
    },
    {
      "type": "Feature",
      "properties": {
        "@id": "node/13115909825",
        "man_made": "mast",
        "tower:type": "lighting"
      },
      "geometry": {
        "type": "Point",
        "coordinates": [
          4.8499079,
          52.3400686
        ]
      },
      "id": "node/13115909825"
    },
    {
      "type": "Feature",
      "properties": {
        "@id": "node/13115909826",
        "man_made": "mast",
        "tower:type": "lighting"
      },
      "geometry": {
        "type": "Point",
        "coordinates": [
          4.8500188,
          52.3397571
        ]
      },
      "id": "node/13115909826"
    },
    {
      "type": "Feature",
      "properties": {
        "@id": "node/13115909827",
        "man_made": "mast",
        "tower:type": "lighting"
      },
      "geometry": {
        "type": "Point",
        "coordinates": [
          4.8504448,
          52.3401882
        ]
      },
      "id": "node/13115909827"
    },
    {
      "type": "Feature",
      "properties": {
        "@id": "node/13115909828",
        "man_made": "mast",
        "tower:type": "lighting"
      },
      "geometry": {
        "type": "Point",
        "coordinates": [
          4.8503269,
          52.3404978
        ]
      },
      "id": "node/13115909828"
    },
    {
      "type": "Feature",
      "properties": {
        "@id": "node/13115909829",
        "man_made": "mast",
        "tower:type": "lighting"
      },
      "geometry": {
        "type": "Point",
        "coordinates": [
          4.8513258,
          52.3401269
        ]
      },
      "id": "node/13115909829"
    },
    {
      "type": "Feature",
      "properties": {
        "@id": "node/13115909830",
        "man_made": "mast",
        "tower:type": "lighting"
      },
      "geometry": {
        "type": "Point",
        "coordinates": [
          4.851801,
          52.3401647
        ]
      },
      "id": "node/13115909830"
    },
    {
      "type": "Feature",
      "properties": {
        "@id": "node/13115909831",
        "man_made": "mast",
        "tower:type": "lighting"
      },
      "geometry": {
        "type": "Point",
        "coordinates": [
          4.85187,
          52.3398512
        ]
      },
      "id": "node/13115909831"
    },
    {
      "type": "Feature",
      "properties": {
        "@id": "node/13115909832",
        "man_made": "mast",
        "tower:type": "lighting"
      },
      "geometry": {
        "type": "Point",
        "coordinates": [
          4.8513904,
          52.339815
        ]
      },
      "id": "node/13115909832"
    },
    {
      "type": "Feature",
      "properties": {
        "@id": "node/13115909833",
        "man_made": "mast",
        "tower:type": "lighting"
      },
      "geometry": {
        "type": "Point",
        "coordinates": [
          4.8516373,
          52.3397831
        ]
      },
      "id": "node/13115909833"
    },
    {
      "type": "Feature",
      "properties": {
        "@id": "node/13115909834",
        "man_made": "mast",
        "tower:type": "lighting"
      },
      "geometry": {
        "type": "Point",
        "coordinates": [
          4.8523566,
          52.3398393
        ]
      },
      "id": "node/13115909834"
    },
    {
      "type": "Feature",
      "properties": {
        "@id": "node/13115909835",
        "man_made": "mast",
        "tower:type": "lighting"
      },
      "geometry": {
        "type": "Point",
        "coordinates": [
          4.8523425,
          52.339889
        ]
      },
      "id": "node/13115909835"
    },
    {
      "type": "Feature",
      "properties": {
        "@id": "node/13115909836",
        "man_made": "mast",
        "tower:type": "lighting"
      },
      "geometry": {
        "type": "Point",
        "coordinates": [
          4.8524221,
          52.339523
        ]
      },
      "id": "node/13115909836"
    },
    {
      "type": "Feature",
      "properties": {
        "@id": "node/13115909837",
        "man_made": "mast",
        "tower:type": "lighting"
      },
      "geometry": {
        "type": "Point",
        "coordinates": [
          4.8517045,
          52.3394695
        ]
      },
      "id": "node/13115909837"
    },
    {
      "type": "Feature",
      "properties": {
        "@id": "node/13115909838",
        "man_made": "mast",
        "tower:type": "lighting"
      },
      "geometry": {
        "type": "Point",
        "coordinates": [
          4.8522708,
          52.3401999
        ]
      },
      "id": "node/13115909838"
    },
    {
      "type": "Feature",
      "properties": {
        "@id": "node/13115909839",
        "man_made": "mast",
        "tower:type": "lighting"
      },
      "geometry": {
        "type": "Point",
        "coordinates": [
          4.8517965,
          52.3402118
        ]
      },
      "id": "node/13115909839"
    },
    {
      "type": "Feature",
      "properties": {
        "@id": "node/13115909840",
        "man_made": "mast",
        "tower:type": "lighting"
      },
      "geometry": {
        "type": "Point",
        "coordinates": [
          4.8522646,
          52.3402512
        ]
      },
      "id": "node/13115909840"
    },
    {
      "type": "Feature",
      "properties": {
        "@id": "node/13115909841",
        "man_made": "mast",
        "tower:type": "lighting"
      },
      "geometry": {
        "type": "Point",
        "coordinates": [
          4.851317,
          52.3401761
        ]
      },
      "id": "node/13115909841"
    },
    {
      "type": "Feature",
      "properties": {
        "@id": "node/13115909842",
        "man_made": "mast",
        "tower:type": "lighting"
      },
      "geometry": {
        "type": "Point",
        "coordinates": [
          4.8512515,
          52.3404864
        ]
      },
      "id": "node/13115909842"
    },
    {
      "type": "Feature",
      "properties": {
        "@id": "node/13115909843",
        "man_made": "mast",
        "tower:type": "lighting"
      },
      "geometry": {
        "type": "Point",
        "coordinates": [
          4.8517249,
          52.3405248
        ]
      },
      "id": "node/13115909843"
    },
    {
      "type": "Feature",
      "properties": {
        "@id": "node/13115909844",
        "man_made": "mast",
        "tower:type": "lighting"
      },
      "geometry": {
        "type": "Point",
        "coordinates": [
          4.8521956,
          52.3405599
        ]
      },
      "id": "node/13115909844"
    }
  ]
}