{
  "type": "FeatureCollection",
  "generator": "overpass-turbo",
  "copyright": "The data included in this document is from www.openstreetmap.org. The data is made available under ODbL.",
  "timestamp": "2025-09-18T21:38:42Z",
  "features": [
    {
      "type": "Feature",
      "properties": {
        "@id": "way/28147781",
        "description": "Produktie van drinkwater grotendeels uit kwelwater uit de Bethunepolder bij Maarssen. Bij onvoldoende Bethunewater kan water uit het Amsterdam-Rijnkanaal worden ingezet.",
        "landuse": "industrial",
        "man_made": "water_works",
        "name": "Waternet locatie Weesperkarspel",
        "operator": "Waternet",
        "operator:wikipedia": "nl:Waternet (bedrijf)",
        "website": "https://www.waternet.nl/innovatie/schoon-water/drinkwater-van-bron-tot-tap/"
      },
      "geometry": {
        "type": "Polygon",
        "coordinates": [
          [
            [
              5.0042943,
              52.3058238
            ],
            [
              5.0005177,
              52.3044121
            ],
            [
              5.0003031,
              52.3042861
            ],
            [
              5.0003197,
              52.3041949
            ],
            [
              5.0003289,
              52.3041444
            ],
            [
              5.001606,
              52.3018925
            ],
            [
              5.0021996,
              52.3018832
            ],
            [
              5.0047408,
              52.3018431
            ],
            [
              5.0075231,
              52.3017993
            ],
            [
              5.007539,
              52.3018849
            ],
            [
              5.0089978,
              52.3018613
            ],
            [
              5.0092467,
              52.3018876
            ],
            [
              5.0093332,
              52.3023232
            ],
            [
              5.0094099,
              52.3027402
            ],
            [
              5.0094779,
              52.3032303
            ],
            [
              5.009483,
              52.3034355
            ],
            [
              5.0093325,
              52.3050629
            ],
            [
              5.009314,
              52.3051422
            ],
            [
              5.0095719,
              52.3053078
            ],
            [
              5.0098011,
              52.3054426
            ],
            [
              5.009899,
              52.3054984
            ],
            [
              5.0096501,
              52.3057241
            ],
            [
              5.0096027,
              52.3057905
            ],
            [
              5.0095128,
              52.3059026
            ],
            [
              5.0082064,
              52.3057343
            ],
            [
              5.0072623,
              52.3056031
            ],
            [
              5.0072125,
              52.3056979
            ],
            [
              5.007,
              52.3061306
            ],
            [
              5.0067748,
              52.3065323
            ],
            [
              5.0047577,
              52.3058711
            ],
            [
              5.0042943,
              52.3058238
            ]
          ]
        ]
      },
      "id": "way/28147781"
    },
    {
      "type": "Feature",
      "properties": {
        "@id": "way/44898212",
        "building": "yes",
        "man_made": "water_tower",
        "ref:bag": "0363100012189540",
        "source": "BAG",
        "source:date": "2014-03-24",
        "start_date": "1911"
      },
      "geometry": {
        "type": "Polygon",
        "coordinates": [
          [
            [
              4.9163487,
              52.3384014
            ],
            [
              4.9163462,
              52.3384062
            ],
            [
              4.9163446,
              52.3384085
            ],
            [
              4.9163408,
              52.338413
            ],
            [
              4.9163386,
              52.3384151
            ],
            [
              4.9163309,
              52.338421
            ],
            [
              4.9163248,
              52.3384244
            ],
            [
              4.9163182,
              52.3384273
            ],
            [
              4.9163074,
              52.3384309
            ],
            [
              4.9162997,
              52.3384326
            ],
            [
              4.9162917,
              52.3384338
            ],
            [
              4.9162836,
              52.3384344
            ],
            [
              4.9162753,
              52.3384344
            ],
            [
              4.9162672,
              52.3384338
            ],
            [
              4.9162553,
              52.3384319
            ],
            [
              4.9162477,
              52.33843
            ],
            [
              4.9162406,
              52.3384276
            ],
            [
              4.9162308,
              52.338423
            ],
            [
              4.9162278,
              52.3384213
            ],
            [
              4.9162224,
              52.3384175
            ],
            [
              4.9162178,
              52.3384133
            ],
            [
              4.9162139,
              52.3384089
            ],
            [
              4.9162123,
              52.3384066
            ],
            [
              4.9162097,
              52.3384018
            ],
            [
              4.9162088,
              52.3383994
            ],
            [
              4.9162076,
              52.3383944
            ],
            [
              4.9162073,
              52.3383919
            ],
            [
              4.9162075,
              52.3383869
            ],
            [
              4.9162086,
              52.3383819
            ],
            [
              4.9162107,
              52.338377
            ],
            [
              4.9162136,
              52.3383723
            ],
            [
              4.9162154,
              52.3383701
            ],
            [
              4.916222,
              52.3383637
            ],
            [
              4.9162274,
              52.3383599
            ],
            [
              4.9162334,
              52.3383565
            ],
            [
              4.91624,
              52.3383535
            ],
            [
              4.9162471,
              52.338351
            ],
            [
              4.9162547,
              52.3383491
            ],
            [
              4.9162625,
              52.3383476
            ],
            [
              4.9162706,
              52.3383467
            ],
            [
              4.9162788,
              52.3383464
            ],
            [
              4.916291,
              52.338347
            ],
            [
              4.9162951,
              52.3383475
            ],
            [
              4.9163068,
              52.3383498
            ],
            [
              4.9163141,
              52.338352
            ],
            [
              4.9163211,
              52.3383547
            ],
            [
              4.9163304,
              52.3383596
            ],
            [
              4.9163358,
              52.3383634
            ],
            [
              4.9163405,
              52.3383675
            ],
            [
              4.9163443,
              52.338372
            ],
            [
              4.9163473,
              52.3383766
            ],
            [
              4.9163495,
              52.3383815
            ],
            [
              4.9163502,
              52.338384
            ],
            [
              4.9163509,
              52.338389
            ],
            [
              4.9163507,
              52.338394
            ],
            [
              4.9163503,
              52.3383965
            ],
            [
              4.9163487,
              52.3384014
            ]
          ]
        ]
      },
      "id": "way/44898212"
    },
    {
      "type": "Feature",
      "properties": {
        "@id": "way/45120744",
        "addr:city": "Amsterdam",
        "addr:country": "NL",
        "addr:housenumber": "272",
        "addr:postcode": "1079LK",
        "addr:street": "Amsteldijk",
        "building": "yes",
        "heritage": "8",
        "man_made": "pumping_station",
        "name": "Gemaal Stadwijck",
        "note": "poldergemaal, gemeentelijk monument.",
        "operator": "AGV/Waternet",
        "ref:bag": "363100012161159",
        "source": "BAG",
        "source:date": "2014-03-24",
        "start_date": "1957",
        "substance": "water",
        "website": "https://www.agv.nl/recreatie/watererfgoed/gemalen/gemaal-stadwijck/",
        "wikidata": "Q28746533",
        "wikimedia_commons": "Category:Gemaal Stadwijck",
        "wikipedia": "nl:Gemaal Stadwijck"
      },
      "geometry": {
        "type": "Polygon",
        "coordinates": [
          [
            [
              4.9054899,
              52.3357718
            ],
            [
              4.9054886,
              52.3357722
            ],
            [
              4.9054894,
              52.335773
            ],
            [
              4.9054508,
              52.3357859
            ],
            [
              4.9054531,
              52.3357884
            ],
            [
              4.9054461,
              52.3357908
            ],
            [
              4.9054439,
              52.3357882
            ],
            [
              4.9054056,
              52.335801
            ],
            [
              4.9054049,
              52.3358002
            ],
            [
              4.9054036,
              52.3358006
            ],
            [
              4.9053833,
              52.3357778
            ],
            [
              4.9053417,
              52.3357917
            ],
            [
              4.9052947,
              52.335739
            ],
            [
              4.9053363,
              52.3357251
            ],
            [
              4.9053159,
              52.3357022
            ],
            [
              4.9053172,
              52.3357018
            ],
            [
              4.9053165,
              52.335701
            ],
            [
              4.9054003,
              52.335673
            ],
            [
              4.9054009,
              52.3356738
            ],
            [
              4.9054022,
              52.3356733
            ],
            [
              4.9054473,
              52.3357239
            ],
            [
              4.9054899,
              52.3357718
            ]
          ]
        ]
      },
      "id": "way/45120744"
    },
    {
      "type": "Feature",
      "properties": {
        "@id": "way/57855819",
        "building": "yes",
        "man_made": "pumping_station",
        "name": "Gemaal Lutkemeerweg",
        "ref:bag": "363100012095272",
        "source": "BAG",
        "source:date": "2014-02-11",
        "start_date": "1977"
      },
      "geometry": {
        "type": "Polygon",
        "coordinates": [
          [
            [
              4.7612383,
              52.3549852
            ],
            [
              4.7612332,
              52.3549875
            ],
            [
              4.7611815,
              52.3549434
            ],
            [
              4.7612925,
              52.3548941
            ],
            [
              4.7613445,
              52.3549382
            ],
            [
              4.7612383,
              52.3549852
            ]
          ]
        ]
      },
      "id": "way/57855819"
    },
    {
      "type": "Feature",
      "properties": {
        "@id": "way/57859745",
        "building": "industrial",
        "description": "pumping-station for water-discharge",
        "man_made": "pumping_station",
        "name": "Boezemgemaal Halfweg",
        "operator": "Hoogheemraadschap van Rijnland",
        "ref:bag": "363100012105787",
        "source": "BAG",
        "source:date": "2014-02-11",
        "start_date": "1977",
        "substance": "wastewater",
        "wikidata": "Q17334900",
        "wikimedia_commons": "Category:Boezemgemaal Halfweg",
        "wikipedia": "nl:Boezemgemaal Halfweg"
      },
      "geometry": {
        "type": "Polygon",
        "coordinates": [
          [
            [
              4.7706239,
              52.3925083
            ],
            [
              4.7706308,
              52.3925208
            ],
            [
              4.770611,
              52.3925248
            ],
            [
              4.7706041,
              52.3925123
            ],
            [
              4.7705326,
              52.3925271
            ],
            [
              4.7705395,
              52.3925396
            ],
            [
              4.7705169,
              52.3925443
            ],
            [
              4.7705076,
              52.3925274
            ],
            [
              4.7704938,
              52.3925303
            ],
            [
              4.7705119,
              52.3925627
            ],
            [
              4.7701402,
              52.3926397
            ],
            [
              4.7701216,
              52.3926062
            ],
            [
              4.7703249,
              52.392564
            ],
            [
              4.7703174,
              52.3925505
            ],
            [
              4.770427,
              52.3925278
            ],
            [
              4.7704086,
              52.3924946
            ],
            [
              4.7703001,
              52.3925172
            ],
            [
              4.7702919,
              52.3925024
            ],
            [
              4.7702606,
              52.3924929
            ],
            [
              4.7702496,
              52.392473
            ],
            [
              4.7702652,
              52.3924536
            ],
            [
              4.7702336,
              52.3924441
            ],
            [
              4.7702225,
              52.3924241
            ],
            [
              4.7702382,
              52.3924048
            ],
            [
              4.7702688,
              52.3923984
            ],
            [
              4.7703004,
              52.392408
            ],
            [
              4.7703115,
              52.3924279
            ],
            [
              4.7702959,
              52.3924473
            ],
            [
              4.7703295,
              52.3924574
            ],
            [
              4.7703861,
              52.3924457
            ],
            [
              4.7703897,
              52.3924522
            ],
            [
              4.770458,
              52.392438
            ],
            [
              4.7704519,
              52.3924269
            ],
            [
              4.7707543,
              52.3923641
            ],
            [
              4.7707595,
              52.3923736
            ],
            [
              4.7708381,
              52.3923573
            ],
            [
              4.7708885,
              52.3924489
            ],
            [
              4.7708615,
              52.3924548
            ],
            [
              4.7708099,
              52.3924654
            ],
            [
              4.770819,
              52.392482
            ],
            [
              4.7707965,
              52.3924867
            ],
            [
              4.7707895,
              52.3924741
            ],
            [
              4.7707158,
              52.3924894
            ],
            [
              4.7707227,
              52.3925019
            ],
            [
              4.7707029,
              52.392506
            ],
            [
              4.7706959,
              52.3924934
            ],
            [
              4.7706239,
              52.3925083
            ]
          ]
        ]
      },
      "id": "way/57859745"
    },
    {
      "type": "Feature",
      "properties": {
        "@id": "way/57860243",
        "architect": "C. van der Wilk & J. Leupen, Dienst Publieke Werken",
        "building": "service",
        "heritage": "8",
        "heritage:operator": "Gemeente Amsterdam",
        "man_made": "pumping_station",
        "name": "Gemaal Zeeburg",
        "operator": "Waternet",
        "ref": "200648",
        "ref:bag": "0363100012076661",
        "source": "BAG",
        "source:date": "2014-03-24",
        "start_date": "1949",
        "substance": "water"
      },
      "geometry": {
        "type": "Polygon",
        "coordinates": [
          [
            [
              4.9531247,
              52.366986
            ],
            [
              4.9531203,
              52.3671246
            ],
            [
              4.9530778,
              52.3671242
            ],
            [
              4.9530776,
              52.3671309
            ],
            [
              4.9530772,
              52.3671325
            ],
            [
              4.953075,
              52.3671345
            ],
            [
              4.9530728,
              52.3671354
            ],
            [
              4.9530702,
              52.3671357
            ],
            [
              4.9530676,
              52.3671356
            ],
            [
              4.9530653,
              52.3671349
            ],
            [
              4.9530634,
              52.3671338
            ],
            [
              4.9530621,
              52.3671324
            ],
            [
              4.9530618,
              52.3671316
            ],
            [
              4.953062,
              52.3671241
            ],
            [
              4.9528981,
              52.3671226
            ],
            [
              4.9528979,
              52.3671294
            ],
            [
              4.952865,
              52.367129
            ],
            [
              4.9528652,
              52.3671223
            ],
            [
              4.9528601,
              52.3671222
            ],
            [
              4.95286,
              52.3671261
            ],
            [
              4.9527536,
              52.3671252
            ],
            [
              4.9527538,
              52.3671181
            ],
            [
              4.952754,
              52.3671122
            ],
            [
              4.9527555,
              52.367056
            ],
            [
              4.9527565,
              52.3670226
            ],
            [
              4.9527579,
              52.3669725
            ],
            [
              4.9527588,
              52.3669391
            ],
            [
              4.9527602,
              52.3668887
            ],
            [
              4.9527611,
              52.3668553
            ],
            [
              4.9527625,
              52.3668057
            ],
            [
              4.952763,
              52.3667852
            ],
            [
              4.9527631,
              52.3667835
            ],
            [
              4.9528777,
              52.3667847
            ],
            [
              4.9528776,
              52.3667888
            ],
            [
              4.9529872,
              52.3667899
            ],
            [
              4.9529999,
              52.36679
            ],
            [
              4.9531288,
              52.3667913
            ],
            [
              4.9531288,
              52.3667933
            ],
            [
              4.9531247,
              52.366986
            ]
          ]
        ]
      },
      "id": "way/57860243"
    },
    {
      "type": "Feature",
      "properties": {
        "@id": "way/57860394",
        "building": "yes",
        "man_made": "pumping_station",
        "name": "Houtrak-gemaal",
        "ref:bag": "363100012208394",
        "source": "BAG",
        "source:date": "2014-02-11",
        "start_date": "2002"
      },
      "geometry": {
        "type": "Polygon",
        "coordinates": [
          [
            [
              4.7397021,
              52.4296583
            ],
            [
              4.7397049,
              52.4296662
            ],
            [
              4.7394133,
              52.4297041
            ],
            [
              4.739411,
              52.4296972
            ],
            [
              4.7393904,
              52.4296381
            ],
            [
              4.7393888,
              52.4296333
            ],
            [
              4.7396803,
              52.4295955
            ],
            [
              4.7396833,
              52.4296039
            ],
            [
              4.7397021,
              52.4296583
            ]
          ]
        ]
      },
      "id": "way/57860394"
    },
    {
      "type": "Feature",
      "properties": {
        "@id": "way/57860930",
        "building": "service",
        "man_made": "pumping_station",
        "ref:bag": "363100012081664",
        "source": "BAG",
        "source:date": "2014-03-24",
        "start_date": "1972",
        "substance": "water"
      },
      "geometry": {
        "type": "Polygon",
        "coordinates": [
          [
            [
              4.8583068,
              52.3526889
            ],
            [
              4.8583072,
              52.3526894
            ],
            [
              4.8581978,
              52.3527176
            ],
            [
              4.8581633,
              52.3526675
            ],
            [
              4.8582726,
              52.3526393
            ],
            [
              4.8583068,
              52.3526889
            ]
          ]
        ]
      },
      "id": "way/57860930"
    },
    {
      "type": "Feature",
      "properties": {
        "@id": "way/57865281",
        "building": "yes",
        "man_made": "water_tower",
        "ref:bag": "363100012111986",
        "source": "BAG",
        "source:date": "2014-03-24",
        "start_date": "1996"
      },
      "geometry": {
        "type": "Polygon",
        "coordinates": [
          [
            [
              4.8683506,
              52.3844968
            ],
            [
              4.86835,
              52.3845024
            ],
            [
              4.8683486,
              52.3845077
            ],
            [
              4.8683451,
              52.3845155
            ],
            [
              4.8683418,
              52.3845206
            ],
            [
              4.8683373,
              52.3845261
            ],
            [
              4.868332,
              52.3845311
            ],
            [
              4.8683261,
              52.3845358
            ],
            [
              4.8683194,
              52.3845401
            ],
            [
              4.868312,
              52.384544
            ],
            [
              4.8683041,
              52.3845475
            ],
            [
              4.8682957,
              52.3845505
            ],
            [
              4.8682868,
              52.384553
            ],
            [
              4.8682729,
              52.3845557
            ],
            [
              4.8682634,
              52.3845568
            ],
            [
              4.8682537,
              52.3845574
            ],
            [
              4.8682439,
              52.3845574
            ],
            [
              4.8682342,
              52.3845568
            ],
            [
              4.8682247,
              52.3845557
            ],
            [
              4.8682153,
              52.384554
            ],
            [
              4.8682063,
              52.3845517
            ],
            [
              4.8681977,
              52.384549
            ],
            [
              4.8681895,
              52.3845458
            ],
            [
              4.8681819,
              52.3845421
            ],
            [
              4.8681749,
              52.3845379
            ],
            [
              4.8681685,
              52.3845334
            ],
            [
              4.8681629,
              52.3845285
            ],
            [
              4.8681581,
              52.3845233
            ],
            [
              4.8681541,
              52.3845179
            ],
            [
              4.868151,
              52.3845123
            ],
            [
              4.8681488,
              52.3845065
            ],
            [
              4.8681475,
              52.3845006
            ],
            [
              4.8681471,
              52.3844946
            ],
            [
              4.8681476,
              52.3844887
            ],
            [
              4.8681491,
              52.3844828
            ],
            [
              4.8681515,
              52.384477
            ],
            [
              4.8681548,
              52.3844714
            ],
            [
              4.8681589,
              52.384466
            ],
            [
              4.8681667,
              52.3844584
            ],
            [
              4.8681728,
              52.3844538
            ],
            [
              4.8681796,
              52.3844495
            ],
            [
              4.8681871,
              52.3844457
            ],
            [
              4.8681951,
              52.3844423
            ],
            [
              4.8682036,
              52.3844394
            ],
            [
              4.8682125,
              52.384437
            ],
            [
              4.8682217,
              52.3844351
            ],
            [
              4.8682312,
              52.3844338
            ],
            [
              4.8682409,
              52.3844331
            ],
            [
              4.8682506,
              52.3844329
            ],
            [
              4.8682604,
              52.3844333
            ],
            [
              4.86827,
              52.3844342
            ],
            [
              4.8682794,
              52.3844357
            ],
            [
              4.8682885,
              52.3844378
            ],
            [
              4.8682973,
              52.3844404
            ],
            [
              4.8683056,
              52.3844435
            ],
            [
              4.8683134,
              52.384447
            ],
            [
              4.8683207,
              52.384451
            ],
            [
              4.8683272,
              52.3844554
            ],
            [
              4.8683331,
              52.3844602
            ],
            [
              4.8683382,
              52.3844653
            ],
            [
              4.8683424,
              52.3844706
            ],
            [
              4.8683458,
              52.3844762
            ],
            [
              4.8683484,
              52.3844819
            ],
            [
              4.86835,
              52.3844878
            ],
            [
              4.8683506,
              52.3844968
            ]
          ]
        ]
      },
      "id": "way/57865281"
    },
    {
      "type": "Feature",
      "properties": {
        "@id": "way/57867355",
        "building": "house",
        "heritage": "2",
        "heritage:operator": "rce",
        "historic": "yes",
        "man_made": "pumping_station",
        "name": "Polder gemaal Haarlemmerweg",
        "operator": "Waterschap Amstel, Gooi en Vecht",
        "pumping_station": "water",
        "ref:bag": "0363100012163230",
        "source": "BAG",
        "source:date": "2021-01-08",
        "start_date": "2002"
      },
      "geometry": {
        "type": "Polygon",
        "coordinates": [
          [
            [
              4.864535,
              52.3858012
            ],
            [
              4.8644288,
              52.3857996
            ],
            [
              4.864432,
              52.385722
            ],
            [
              4.8645381,
              52.3857235
            ],
            [
              4.864535,
              52.3858012
            ]
          ]
        ]
      },
      "id": "way/57867355"
    },
    {
      "type": "Feature",
      "properties": {
        "@id": "way/137928079",
        "man_made": "wastewater_plant",
        "name": "RWZI Amsterdam West",
        "operator": "Waternet",
        "website": "https://www.waternet.nl/"
      },
      "geometry": {
        "type": "Polygon",
        "coordinates": [
          [
            [
              4.7787982,
              52.3991607
            ],
            [
              4.7788805,
              52.3980069
            ],
            [
              4.7788024,
              52.3979324
            ],
            [
              4.7793221,
              52.3979337
            ],
            [
              4.77949,
              52.3979341
            ],
            [
              4.7802725,
              52.397936
            ],
            [
              4.7803423,
              52.3979361
            ],
            [
              4.7804905,
              52.3979374
            ],
            [
              4.7822011,
              52.3979517
            ],
            [
              4.7825025,
              52.3979515
            ],
            [
              4.7834916,
              52.3979509
            ],
            [
              4.7880654,
              52.3979549
            ],
            [
              4.7921383,
              52.3979484
            ],
            [
              4.7939902,
              52.3979454
            ],
            [
              4.7940151,
              52.3991496
            ],
            [
              4.7787982,
              52.3991607
            ]
          ]
        ]
      },
      "id": "way/137928079"
    },
    {
      "type": "Feature",
      "properties": {
        "@id": "way/269056219",
        "building": "yes",
        "man_made": "pumping_station",
        "ref:bag": "363100012213438",
        "source": "BAG",
        "source:date": "2014-02-11",
        "start_date": "1958"
      },
      "geometry": {
        "type": "Polygon",
        "coordinates": [
          [
            [
              4.8542666,
              52.4070828
            ],
            [
              4.8542097,
              52.407108
            ],
            [
              4.8541392,
              52.4070496
            ],
            [
              4.8541962,
              52.4070244
            ],
            [
              4.8542666,
              52.4070828
            ]
          ]
        ]
      },
      "id": "way/269056219"
    },
    {
      "type": "Feature",
      "properties": {
        "@id": "way/274389734",
        "building": "yes",
        "full_name": "Poldergemaal Nico Broekhusenweg",
        "man_made": "pumping_station",
        "name": "Gemaal Nico Broekhuysen",
        "ref:bag": "363100012185104",
        "source": "BAG",
        "source:date": "2014-03-24",
        "start_date": "1991",
        "wikidata": "Q55076480",
        "wikimedia_commons": "Category:Poldergemaal Nico Broekhuysen",
        "wikipedia": "nl:Poldergemaal Nico Broekhuysen"
      },
      "geometry": {
        "type": "Polygon",
        "coordinates": [
          [
            [
              4.7890243,
              52.3763262
            ],
            [
              4.7890204,
              52.3763286
            ],
            [
              4.7889805,
              52.3763043
            ],
            [
              4.7889496,
              52.3762854
            ],
            [
              4.7890377,
              52.3762313
            ],
            [
              4.7891085,
              52.3762745
            ],
            [
              4.7890243,
              52.3763262
            ]
          ]
        ]
      },
      "id": "way/274389734"
    },
    {
      "type": "Feature",
      "properties": {
        "@id": "way/277416375",
        "building": "water_tower",
        "height": "40 m",
        "man_made": "water_tower",
        "name": "Watertoren Amstelveenseweg",
        "operator": "Waternet",
        "ref:bag": "363100012216977",
        "source": "BAG",
        "source:date": "2014-03-24",
        "start_date": "1965",
        "wikidata": "Q1921456",
        "wikimedia_commons": "File:Amsterdam_Watertoren_Amstelveenseweg.jpg",
        "wikipedia": "nl:Watertoren Amstelveenseweg"
      },
      "geometry": {
        "type": "Polygon",
        "coordinates": [
          [
            [
              4.8565667,
              52.3362241
            ],
            [
              4.8565399,
              52.3362441
            ],
            [
              4.8565219,
              52.3362509
            ],
            [
              4.856504,
              52.3362576
            ],
            [
              4.8564628,
              52.3362633
            ],
            [
              4.8564574,
              52.3362634
            ],
            [
              4.8564464,
              52.3362632
            ],
            [
              4.8564302,
              52.3362619
            ],
            [
              4.8564144,
              52.3362592
            ],
            [
              4.8563992,
              52.3362554
            ],
            [
              4.8563896,
              52.3362522
            ],
            [
              4.8563761,
              52.3362465
            ],
            [
              4.8563679,
              52.3362421
            ],
            [
              4.8563602,
              52.3362373
            ],
            [
              4.8563533,
              52.3362321
            ],
            [
              4.8563471,
              52.3362266
            ],
            [
              4.8563417,
              52.3362208
            ],
            [
              4.8563371,
              52.3362147
            ],
            [
              4.8563334,
              52.3362084
            ],
            [
              4.8563306,
              52.3362019
            ],
            [
              4.8563287,
              52.3361953
            ],
            [
              4.8563277,
              52.3361887
            ],
            [
              4.8563276,
              52.336182
            ],
            [
              4.8563285,
              52.3361753
            ],
            [
              4.8563315,
              52.3361654
            ],
            [
              4.8563347,
              52.336159
            ],
            [
              4.8563387,
              52.3361528
            ],
            [
              4.8563436,
              52.3361468
            ],
            [
              4.8563464,
              52.3361439
            ],
            [
              4.8563525,
              52.3361383
            ],
            [
              4.856363,
              52.3361307
            ],
            [
              4.8563709,
              52.336126
            ],
            [
              4.8563839,
              52.3361199
            ],
            [
              4.8563932,
              52.3361164
            ],
            [
              4.856408,
              52.336112
            ],
            [
              4.8564236,
              52.3361089
            ],
            [
              4.8564397,
              52.336107
            ],
            [
              4.8564561,
              52.3361064
            ],
            [
              4.856467,
              52.3361067
            ],
            [
              4.8564832,
              52.3361082
            ],
            [
              4.8564938,
              52.3361099
            ],
            [
              4.8565091,
              52.3361135
            ],
            [
              4.8565188,
              52.3361166
            ],
            [
              4.8565281,
              52.3361201
            ],
            [
              4.856541,
              52.3361263
            ],
            [
              4.8565525,
              52.3361335
            ],
            [
              4.8565593,
              52.3361387
            ],
            [
              4.8565654,
              52.3361443
            ],
            [
              4.8565681,
              52.3361472
            ],
            [
              4.856575,
              52.3361563
            ],
            [
              4.8565786,
              52.3361626
            ],
            [
              4.85658,
              52.3361659
            ],
            [
              4.8565812,
              52.3361691
            ],
            [
              4.856583,
              52.3361757
            ],
            [
              4.8565838,
              52.3361824
            ],
            [
              4.8565837,
              52.3361891
            ],
            [
              4.8565833,
              52.3361925
            ],
            [
              4.8565818,
              52.3361991
            ],
            [
              4.8565778,
              52.3362088
            ],
            [
              4.856576,
              52.336212
            ],
            [
              4.8565718,
              52.3362182
            ],
            [
              4.8565667,
              52.3362241
            ]
          ]
        ]
      },
      "id": "way/277416375"
    },
    {
      "type": "Feature",
      "properties": {
        "@id": "way/279833485",
        "building": "yes",
        "man_made": "pumping_station",
        "operator": "Waternet",
        "ref:bag": "363100012195034",
        "source": "BAG",
        "source:date": "2014-03-24",
        "start_date": "1941",
        "substance": "water"
      },
      "geometry": {
        "type": "Polygon",
        "coordinates": [
          [
            [
              4.9484823,
              52.3455248
            ],
            [
              4.9484846,
              52.3455265
            ],
            [
              4.9484851,
              52.3455284
            ],
            [
              4.948484,
              52.3455305
            ],
            [
              4.9484819,
              52.345532
            ],
            [
              4.9484516,
              52.3455445
            ],
            [
              4.9484086,
              52.3455194
            ],
            [
              4.9484277,
              52.3455001
            ],
            [
              4.9484302,
              52.3454985
            ],
            [
              4.948433,
              52.3454979
            ],
            [
              4.9484365,
              52.3454983
            ],
            [
              4.9484393,
              52.3454997
            ],
            [
              4.9484535,
              52.345508
            ],
            [
              4.9484684,
              52.3455167
            ],
            [
              4.9484823,
              52.3455248
            ]
          ]
        ]
      },
      "id": "way/279833485"
    },
    {
      "type": "Feature",
      "properties": {
        "@id": "way/279833581",
        "building": "yes",
        "man_made": "pumping_station",
        "ref:bag": "363100012184115",
        "source": "BAG",
        "source:date": "2014-03-24",
        "start_date": "2001",
        "substance": "water"
      },
      "geometry": {
        "type": "Polygon",
        "coordinates": [
          [
            [
              4.9504376,
              52.3469604
            ],
            [
              4.9503931,
              52.3469891
            ],
            [
              4.9503881,
              52.3469861
            ],
            [
              4.9503026,
              52.3469353
            ],
            [
              4.9503062,
              52.3469331
            ],
            [
              4.9503177,
              52.346926
            ],
            [
              4.9503241,
              52.346922
            ],
            [
              4.950348,
              52.3469071
            ],
            [
              4.9503943,
              52.3469351
            ],
            [
              4.950426,
              52.3469537
            ],
            [
              4.9504376,
              52.3469604
            ]
          ]
        ]
      },
      "id": "way/279833581"
    },
    {
      "type": "Feature",
      "properties": {
        "@id": "way/279841197",
        "building": "yes",
        "man_made": "pumping_station",
        "operator": "Waternet",
        "ref:bag": "363100012116666",
        "source": "BAG",
        "source:date": "2014-03-24",
        "start_date": "1942",
        "substance": "water"
      },
      "geometry": {
        "type": "Polygon",
        "coordinates": [
          [
            [
              4.9287577,
              52.340999
            ],
            [
              4.9287396,
              52.3410104
            ],
            [
              4.9287284,
              52.3410174
            ],
            [
              4.9287246,
              52.3410199
            ],
            [
              4.9287217,
              52.3410217
            ],
            [
              4.9286802,
              52.340997
            ],
            [
              4.9287028,
              52.3409827
            ],
            [
              4.9287162,
              52.3409743
            ],
            [
              4.9287323,
              52.3409839
            ],
            [
              4.9287577,
              52.340999
            ]
          ]
        ]
      },
      "id": "way/279841197"
    },
    {
      "type": "Feature",
      "properties": {
        "@id": "way/279842069",
        "building": "yes",
        "man_made": "pumping_station",
        "operator": "Waternet",
        "ref:bag": "363100012134980",
        "source": "BAG",
        "source:date": "2014-03-24",
        "start_date": "1958",
        "substance": "water"
      },
      "geometry": {
        "type": "Polygon",
        "coordinates": [
          [
            [
              4.9262531,
              52.3411691
            ],
            [
              4.9262498,
              52.3411711
            ],
            [
              4.9262195,
              52.3411901
            ],
            [
              4.9261559,
              52.341152
            ],
            [
              4.9261923,
              52.3411293
            ],
            [
              4.926213,
              52.3411164
            ],
            [
              4.9262511,
              52.3410927
            ],
            [
              4.9263146,
              52.3411307
            ],
            [
              4.9263117,
              52.3411326
            ],
            [
              4.9262731,
              52.3411559
            ],
            [
              4.9262531,
              52.3411691
            ]
          ]
        ]
      },
      "id": "way/279842069"
    },
    {
      "type": "Feature",
      "properties": {
        "@id": "way/280034289",
        "alt_name": "Boostergemaal Oost",
        "building": "yes",
        "man_made": "pumping_station",
        "name": "Booster",
        "ref:bag": "363100012183134",
        "source": "BAG",
        "source:date": "2014-05-07",
        "start_date": "2004",
        "substance": "sewage"
      },
      "geometry": {
        "type": "Polygon",
        "coordinates": [
          [
            [
              4.9665893,
              52.3736912
            ],
            [
              4.9665862,
              52.3736928
            ],
            [
              4.9666079,
              52.3737084
            ],
            [
              4.9664303,
              52.3737754
            ],
            [
              4.9664161,
              52.3737829
            ],
            [
              4.9664142,
              52.3737815
            ],
            [
              4.9664065,
              52.3737844
            ],
            [
              4.9664052,
              52.3737845
            ],
            [
              4.9661521,
              52.3736055
            ],
            [
              4.9663319,
              52.3735086
            ],
            [
              4.9663775,
              52.3735037
            ],
            [
              4.9665187,
              52.3736411
            ],
            [
              4.9665893,
              52.3736912
            ]
          ]
        ]
      },
      "id": "way/280034289"
    },
    {
      "type": "Feature",
      "properties": {
        "@id": "way/280570147",
        "building": "yes",
        "man_made": "pumping_station",
        "name": "Gemaal Kadoelen",
        "ref:bag": "0363100012224235",
        "source": "BAG",
        "source:date": "2014-05-07",
        "start_date": "1984"
      },
      "geometry": {
        "type": "Polygon",
        "coordinates": [
          [
            [
              4.9093566,
              52.4087514
            ],
            [
              4.9093007,
              52.4087802
            ],
            [
              4.909242,
              52.4088104
            ],
            [
              4.909096,
              52.408704
            ],
            [
              4.9091445,
              52.408679
            ],
            [
              4.9092107,
              52.408645
            ],
            [
              4.9093566,
              52.4087514
            ]
          ]
        ]
      },
      "id": "way/280570147"
    },
    {
      "type": "Feature",
      "properties": {
        "@id": "way/280764133",
        "man_made": "pumping_station",
        "name": "Gemaal Jisperveldstraat",
        "operator": "Hoogheemraadschap Hollands Noorderkwartier",
        "ref:bag": "363100012206281",
        "source": "BAG",
        "source:date": "2014-05-07",
        "start_date": "1992"
      },
      "geometry": {
        "type": "Polygon",
        "coordinates": [
          [
            [
              4.9515812,
              52.4010178
            ],
            [
              4.951503,
              52.4010492
            ],
            [
              4.9514575,
              52.401007
            ],
            [
              4.9515528,
              52.4009688
            ],
            [
              4.9515981,
              52.401011
            ],
            [
              4.9515812,
              52.4010178
            ]
          ]
        ]
      },
      "id": "way/280764133"
    },
    {
      "type": "Feature",
      "properties": {
        "@id": "way/280867853",
        "building": "yes",
        "man_made": "pumping_station",
        "ref:bag": "363100012187511",
        "source": "BAG",
        "source:date": "2014-05-07",
        "start_date": "1900"
      },
      "geometry": {
        "type": "Polygon",
        "coordinates": [
          [
            [
              5.0021918,
              52.3968876
            ],
            [
              5.0021941,
              52.3968889
            ],
            [
              5.0021961,
              52.3968907
            ],
            [
              5.0021973,
              52.3968928
            ],
            [
              5.0021975,
              52.3968951
            ],
            [
              5.0021973,
              52.3968962
            ],
            [
              5.0021962,
              52.3968983
            ],
            [
              5.0021942,
              52.3969001
            ],
            [
              5.0021915,
              52.3969016
            ],
            [
              5.0021866,
              52.396903
            ],
            [
              5.002183,
              52.3969032
            ],
            [
              5.0021794,
              52.3969028
            ],
            [
              5.0021761,
              52.3969019
            ],
            [
              5.0021733,
              52.3969005
            ],
            [
              5.0021711,
              52.3968987
            ],
            [
              5.0021698,
              52.3968967
            ],
            [
              5.0021695,
              52.3968934
            ],
            [
              5.0021705,
              52.3968912
            ],
            [
              5.0021723,
              52.3968893
            ],
            [
              5.0021748,
              52.3968877
            ],
            [
              5.002178,
              52.3968866
            ],
            [
              5.0021815,
              52.396886
            ],
            [
              5.0021869,
              52.3968862
            ],
            [
              5.0021918,
              52.3968876
            ]
          ]
        ]
      },
      "id": "way/280867853"
    },
    {
      "type": "Feature",
      "properties": {
        "@id": "way/280867855",
        "building": "yes",
        "man_made": "pumping_station",
        "ref:bag": "363100012200490",
        "source": "BAG",
        "source:date": "2014-05-07",
        "start_date": "1967"
      },
      "geometry": {
        "type": "Polygon",
        "coordinates": [
          [
            [
              5.0247905,
              52.4122589
            ],
            [
              5.024787,
              52.412259
            ],
            [
              5.0247837,
              52.4122586
            ],
            [
              5.0247792,
              52.412257
            ],
            [
              5.0247768,
              52.4122555
            ],
            [
              5.0247751,
              52.4122536
            ],
            [
              5.0247742,
              52.4122516
            ],
            [
              5.0247746,
              52.4122483
            ],
            [
              5.0247758,
              52.4122463
            ],
            [
              5.0247791,
              52.4122438
            ],
            [
              5.0247821,
              52.4122426
            ],
            [
              5.0247871,
              52.4122418
            ],
            [
              5.0247922,
              52.4122421
            ],
            [
              5.0247953,
              52.4122429
            ],
            [
              5.024798,
              52.4122442
            ],
            [
              5.0248001,
              52.4122458
            ],
            [
              5.0248016,
              52.4122477
            ],
            [
              5.0248022,
              52.4122498
            ],
            [
              5.0248021,
              52.4122519
            ],
            [
              5.024801,
              52.4122539
            ],
            [
              5.0247992,
              52.4122557
            ],
            [
              5.0247968,
              52.4122572
            ],
            [
              5.0247938,
              52.4122583
            ],
            [
              5.0247905,
              52.4122589
            ]
          ]
        ]
      },
      "id": "way/280867855"
    },
    {
      "type": "Feature",
      "properties": {
        "@id": "way/281402221",
        "building": "yes",
        "man_made": "pumping_station",
        "operator": "Waterschap Amstel, Gooi en Vecht",
        "ref:bag": "0363100012217994",
        "source": "BAG",
        "source:date": "2021-08-31",
        "start_date": "1946",
        "substance": "water"
      },
      "geometry": {
        "type": "Polygon",
        "coordinates": [
          [
            [
              4.9626162,
              52.3558436
            ],
            [
              4.9626914,
              52.3558148
            ],
            [
              4.9626936,
              52.3558169
            ],
            [
              4.9627386,
              52.3558612
            ],
            [
              4.9627402,
              52.3558628
            ],
            [
              4.9627421,
              52.3558647
            ],
            [
              4.9627456,
              52.3558681
            ],
            [
              4.9627639,
              52.3558861
            ],
            [
              4.9627466,
              52.3558927
            ],
            [
              4.9627034,
              52.3559092
            ],
            [
              4.9626897,
              52.3559145
            ],
            [
              4.9626886,
              52.3559149
            ],
            [
              4.9626648,
              52.3558915
            ],
            [
              4.9626606,
              52.3558873
            ],
            [
              4.9626205,
              52.3558479
            ],
            [
              4.9626162,
              52.3558436
            ]
          ]
        ]
      },
      "id": "way/281402221"
    },
    {
      "type": "Feature",
      "properties": {
        "@id": "way/282274085",
        "building": "yes",
        "man_made": "pumping_station",
        "name": "Zuid Bijlmer",
        "ref:bag": "363100012214151",
        "source": "BAG",
        "source:date": "2014-05-07",
        "start_date": "1927"
      },
      "geometry": {
        "type": "Polygon",
        "coordinates": [
          [
            [
              5.0009042,
              52.3099777
            ],
            [
              5.0008649,
              52.3099941
            ],
            [
              5.0008097,
              52.3099446
            ],
            [
              5.0009594,
              52.309882
            ],
            [
              5.0010146,
              52.3099314
            ],
            [
              5.0009469,
              52.3099598
            ],
            [
              5.0009042,
              52.3099777
            ]
          ]
        ]
      },
      "id": "way/282274085"
    },
    {
      "type": "Feature",
      "properties": {
        "@id": "way/458093529",
        "access": "no",
        "height": "45",
        "heritage": "2",
        "heritage:operator": "rce",
        "layer": "1",
        "man_made": "water_tower",
        "name": "Watertoren Zuidergasfabriek",
        "ref:rce": "526948",
        "wikidata": "Q2085265",
        "wikimedia_commons": "File:WATERTOREN van de Zuidergasfabriek.jpg",
        "wikipedia": "nl:Watertoren (Amsterdam Spaklerweg)"
      },
      "geometry": {
        "type": "Polygon",
        "coordinates": [
          [
            [
              4.9163062,
              52.3384232
            ],
            [
              4.9162956,
              52.3384257
            ],
            [
              4.9162744,
              52.338427
            ],
            [
              4.9162537,
              52.3384237
            ],
            [
              4.9162335,
              52.3384146
            ],
            [
              4.9162223,
              52.3384036
            ],
            [
              4.9162179,
              52.338391
            ],
            [
              4.9162208,
              52.3383781
            ],
            [
              4.9162313,
              52.3383661
            ],
            [
              4.9162474,
              52.3383575
            ],
            [
              4.9162734,
              52.3383523
            ],
            [
              4.9162947,
              52.3383533
            ],
            [
              4.9163152,
              52.3383592
            ],
            [
              4.91633,
              52.3383686
            ],
            [
              4.9163403,
              52.3383864
            ],
            [
              4.9163384,
              52.3383994
            ],
            [
              4.9163234,
              52.3384156
            ],
            [
              4.9163062,
              52.3384232
            ]
          ]
        ]
      },
      "id": "way/458093529"
    },
    {
      "type": "Feature",
      "properties": {
        "@id": "way/471509522",
        "building": "yes",
        "man_made": "pumping_station",
        "pumping_station": "water"
      },
      "geometry": {
        "type": "Polygon",
        "coordinates": [
          [
            [
              5.0092469,
              52.4140588
            ],
            [
              5.009238,
              52.4140499
            ],
            [
              5.0092418,
              52.4140433
            ],
            [
              5.0092585,
              52.4140413
            ],
            [
              5.0092686,
              52.4140511
            ],
            [
              5.0092603,
              52.4140588
            ],
            [
              5.0092469,
              52.4140588
            ]
          ]
        ]
      },
      "id": "way/471509522"
    },
    {
      "type": "Feature",
      "properties": {
        "@id": "way/624439357",
        "man_made": "water_works"
      },
      "geometry": {
        "type": "Polygon",
        "coordinates": [
          [
            [
              4.8456238,
              52.3768277
            ],
            [
              4.8456359,
              52.3768068
            ],
            [
              4.8456719,
              52.3768145
            ],
            [
              4.8456598,
              52.3768354
            ],
            [
              4.8456238,
              52.3768277
            ]
          ]
        ]
      },
      "id": "way/624439357"
    },
    {
      "type": "Feature",
      "properties": {
        "@id": "way/813291747",
        "man_made": "pumping_station",
        "name": "gemaal Bijlmer Zandpad"
      },
      "geometry": {
        "type": "Polygon",
        "coordinates": [
          [
            [
              4.9914599,
              52.3224982
            ],
            [
              4.9915099,
              52.3224277
            ],
            [
              4.9915676,
              52.322443
            ],
            [
              4.9915962,
              52.3224029
            ],
            [
              4.9917171,
              52.3224355
            ],
            [
              4.9916902,
              52.3224723
            ],
            [
              4.9917239,
              52.3224816
            ],
            [
              4.991668,
              52.322558
            ],
            [
              4.9916346,
              52.3225488
            ],
            [
              4.9916166,
              52.3225735
            ],
            [
              4.9914976,
              52.322541
            ],
            [
              4.9915168,
              52.3225131
            ],
            [
              4.9914821,
              52.3225041
            ],
            [
              4.9914599,
              52.3224982
            ]
          ]
        ]
      },
      "id": "way/813291747"
    },
    {
      "type": "Feature",
      "properties": {
        "@id": "way/847950352",
        "layer": "-1",
        "man_made": "pumping_station"
      },
      "geometry": {
        "type": "Polygon",
        "coordinates": [
          [
            [
              4.8784277,
              52.3956955
            ],
            [
              4.8784489,
              52.3956795
            ],
            [
              4.878473,
              52.3956915
            ],
            [
              4.8784526,
              52.3957068
            ],
            [
              4.8784277,
              52.3956955
            ]
          ]
        ]
      },
      "id": "way/847950352"
    },
    {
      "type": "Feature",
      "properties": {
        "@id": "way/848014707",
        "layer": "-1",
        "man_made": "pumping_station"
      },
      "geometry": {
        "type": "Polygon",
        "coordinates": [
          [
            [
              4.8830482,
              52.3979537
            ],
            [
              4.8830684,
              52.3979641
            ],
            [
              4.8830509,
              52.3979767
            ],
            [
              4.8830308,
              52.3979663
            ],
            [
              4.8830482,
              52.3979537
            ]
          ]
        ]
      },
      "id": "way/848014707"
    },
    {
      "type": "Feature",
      "properties": {
        "@id": "way/848020100",
        "layer": "-1",
        "man_made": "pumping_station"
      },
      "geometry": {
        "type": "Polygon",
        "coordinates": [
          [
            [
              4.88226,
              52.3975468
            ],
            [
              4.8822754,
              52.3975547
            ],
            [
              4.8822621,
              52.3975642
            ],
            [
              4.8822468,
              52.3975563
            ],
            [
              4.88226,
              52.3975468
            ]
          ]
        ]
      },
      "id": "way/848020100"
    },
    {
      "type": "Feature",
      "properties": {
        "@id": "way/848033770",
        "man_made": "pumping_station"
      },
      "geometry": {
        "type": "Polygon",
        "coordinates": [
          [
            [
              4.8811647,
              52.3970016
            ],
            [
              4.8811369,
              52.396987
            ],
            [
              4.8811551,
              52.396974
            ],
            [
              4.881183,
              52.3969887
            ],
            [
              4.8811647,
              52.3970016
            ]
          ]
        ]
      },
      "id": "way/848033770"
    },
    {
      "type": "Feature",
      "properties": {
        "@id": "way/848883129",
        "building": "yes",
        "man_made": "pumping_station"
      },
      "geometry": {
        "type": "Polygon",
        "coordinates": [
          [
            [
              4.8723161,
              52.3987776
            ],
            [
              4.8723234,
              52.3987647
            ],
            [
              4.8723453,
              52.3987693
            ],
            [
              4.872338,
              52.3987823
            ],
            [
              4.8723161,
              52.3987776
            ]
          ]
        ]
      },
      "id": "way/848883129"
    },
    {
      "type": "Feature",
      "properties": {
        "@id": "way/848915758",
        "building": "yes",
        "man_made": "pumping_station"
      },
      "geometry": {
        "type": "Polygon",
        "coordinates": [
          [
            [
              4.8707043,
              52.4000321
            ],
            [
              4.870711,
              52.400019
            ],
            [
              4.8707332,
              52.4000232
            ],
            [
              4.8707265,
              52.4000363
            ],
            [
              4.8707043,
              52.4000321
            ]
          ]
        ]
      },
      "id": "way/848915758"
    },
    {
      "type": "Feature",
      "properties": {
        "@id": "way/848915870",
        "building": "yes",
        "man_made": "pumping_station"
      },
      "geometry": {
        "type": "Polygon",
        "coordinates": [
          [
            [
              4.8713438,
              52.4001662
            ],
            [
              4.8713505,
              52.4001531
            ],
            [
              4.8713727,
              52.4001573
            ],
            [
              4.871366,
              52.4001704
            ],
            [
              4.8713438,
              52.4001662
            ]
          ]
        ]
      },
      "id": "way/848915870"
    },
    {
      "type": "Feature",
      "properties": {
        "@id": "way/848915871",
        "building": "yes",
        "man_made": "pumping_station"
      },
      "geometry": {
        "type": "Polygon",
        "coordinates": [
          [
            [
              4.8718228,
              52.3996543
            ],
            [
              4.8718301,
              52.3996413
            ],
            [
              4.871852,
              52.399646
            ],
            [
              4.8718447,
              52.3996589
            ],
            [
              4.8718228,
              52.3996543
            ]
          ]
        ]
      },
      "id": "way/848915871"
    },
    {
      "type": "Feature",
      "properties": {
        "@id": "way/848915894",
        "building": "yes",
        "man_made": "pumping_station"
      },
      "geometry": {
        "type": "Polygon",
        "coordinates": [
          [
            [
              4.8721421,
              52.3990966
            ],
            [
              4.8721494,
              52.3990837
            ],
            [
              4.8721713,
              52.3990883
            ],
            [
              4.872164,
              52.3991012
            ],
            [
              4.8721421,
              52.3990966
            ]
          ]
        ]
      },
      "id": "way/848915894"
    },
    {
      "type": "Feature",
      "properties": {
        "@id": "way/848931774",
        "man_made": "pumping_station"
      },
      "geometry": {
        "type": "Polygon",
        "coordinates": [
          [
            [
              4.8707251,
              52.3988257
            ],
            [
              4.8707338,
              52.3988086
            ],
            [
              4.8707505,
              52.3988117
            ],
            [
              4.8707418,
              52.3988289
            ],
            [
              4.8707251,
              52.3988257
            ]
          ]
        ]
      },
      "id": "way/848931774"
    },
    {
      "type": "Feature",
      "properties": {
        "@id": "way/849443956",
        "building": "yes",
        "man_made": "pumping_station"
      },
      "geometry": {
        "type": "Polygon",
        "coordinates": [
          [
            [
              4.8720985,
              52.3966648
            ],
            [
              4.8721072,
              52.3966443
            ],
            [
              4.872135,
              52.3966488
            ],
            [
              4.8721262,
              52.3966694
            ],
            [
              4.8720985,
              52.3966648
            ]
          ]
        ]
      },
      "id": "way/849443956"
    },
    {
      "type": "Feature",
      "properties": {
        "@id": "way/850445204",
        "man_made": "pumping_station"
      },
      "geometry": {
        "type": "Polygon",
        "coordinates": [
          [
            [
              4.8616326,
              52.3956015
            ],
            [
              4.861657,
              52.3955879
            ],
            [
              4.8616825,
              52.3956048
            ],
            [
              4.8616581,
              52.3956185
            ],
            [
              4.8616326,
              52.3956015
            ]
          ]
        ]
      },
      "id": "way/850445204"
    },
    {
      "type": "Feature",
      "properties": {
        "@id": "way/850486481",
        "man_made": "pumping_station"
      },
      "geometry": {
        "type": "Polygon",
        "coordinates": [
          [
            [
              4.8593947,
              52.3965156
            ],
            [
              4.8593888,
              52.3965107
            ],
            [
              4.8593824,
              52.3965053
            ],
            [
              4.8593956,
              52.3964994
            ],
            [
              4.859413,
              52.3964917
            ],
            [
              4.8594312,
              52.3964836
            ],
            [
              4.8594452,
              52.3964774
            ],
            [
              4.8594515,
              52.3964827
            ],
            [
              4.8594575,
              52.3964878
            ],
            [
              4.8594435,
              52.396494
            ],
            [
              4.8594256,
              52.3965019
            ],
            [
              4.859408,
              52.3965097
            ],
            [
              4.8593947,
              52.3965156
            ]
          ]
        ]
      },
      "id": "way/850486481"
    },
    {
      "type": "Feature",
      "properties": {
        "@id": "way/851995595",
        "building": "yes",
        "layer": "-1",
        "man_made": "pumping_station"
      },
      "geometry": {
        "type": "Polygon",
        "coordinates": [
          [
            [
              4.8751247,
              52.4002814
            ],
            [
              4.8751355,
              52.4002623
            ],
            [
              4.875155,
              52.4002664
            ],
            [
              4.8751442,
              52.4002855
            ],
            [
              4.8751247,
              52.4002814
            ]
          ]
        ]
      },
      "id": "way/851995595"
    },
    {
      "type": "Feature",
      "properties": {
        "@id": "way/854264642",
        "building": "yes",
        "man_made": "pumping_station"
      },
      "geometry": {
        "type": "Polygon",
        "coordinates": [
          [
            [
              4.8612888,
              52.392818
            ],
            [
              4.8612587,
              52.3928157
            ],
            [
              4.8612616,
              52.3928015
            ],
            [
              4.8612917,
              52.3928038
            ],
            [
              4.8612888,
              52.392818
            ]
          ]
        ]
      },
      "id": "way/854264642"
    },
    {
      "type": "Feature",
      "properties": {
        "@id": "way/857910142",
        "building": "yes",
        "man_made": "pumping_station"
      },
      "geometry": {
        "type": "Polygon",
        "coordinates": [
          [
            [
              4.8730334,
              52.4045541
            ],
            [
              4.873049,
              52.4045483
            ],
            [
              4.873065,
              52.4045544
            ],
            [
              4.8730422,
              52.4045629
            ],
            [
              4.8730334,
              52.4045541
            ]
          ]
        ]
      },
      "id": "way/857910142"
    },
    {
      "type": "Feature",
      "properties": {
        "@id": "way/858302590",
        "man_made": "pumping_station"
      },
      "geometry": {
        "type": "Polygon",
        "coordinates": [
          [
            [
              4.8570608,
              52.4054958
            ],
            [
              4.8570442,
              52.4054814
            ],
            [
              4.8570962,
              52.4054592
            ],
            [
              4.8571127,
              52.4054736
            ],
            [
              4.8570608,
              52.4054958
            ]
          ]
        ]
      },
      "id": "way/858302590"
    },
    {
      "type": "Feature",
      "properties": {
        "@id": "way/858682170",
        "man_made": "pumping_station"
      },
      "geometry": {
        "type": "Polygon",
        "coordinates": [
          [
            [
              4.8612431,
              52.4044336
            ],
            [
              4.8612173,
              52.4044125
            ],
            [
              4.8612428,
              52.4044009
            ],
            [
              4.8612685,
              52.404422
            ],
            [
              4.8612431,
              52.4044336
            ]
          ]
        ]
      },
      "id": "way/858682170"
    },
    {
      "type": "Feature",
      "properties": {
        "@id": "way/859240871",
        "layer": "-1",
        "man_made": "pumping_station"
      },
      "geometry": {
        "type": "Polygon",
        "coordinates": [
          [
            [
              4.8643746,
              52.4025987
            ],
            [
              4.8643586,
              52.4025871
            ],
            [
              4.8643867,
              52.4025726
            ],
            [
              4.8643788,
              52.4025669
            ],
            [
              4.8643992,
              52.4025564
            ],
            [
              4.8644231,
              52.4025736
            ],
            [
              4.8643746,
              52.4025987
            ]
          ]
        ]
      },
      "id": "way/859240871"
    },
    {
      "type": "Feature",
      "properties": {
        "@id": "way/859326746",
        "layer": "-1",
        "man_made": "pumping_station"
      },
      "geometry": {
        "type": "Polygon",
        "coordinates": [
          [
            [
              4.8668265,
              52.4041602
            ],
            [
              4.8668169,
              52.4041522
            ],
            [
              4.8668402,
              52.4041418
            ],
            [
              4.8668498,
              52.4041498
            ],
            [
              4.8668265,
              52.4041602
            ]
          ]
        ]
      },
      "id": "way/859326746"
    },
    {
      "type": "Feature",
      "properties": {
        "@id": "way/859431157",
        "layer": "-1",
        "man_made": "pumping_station"
      },
      "geometry": {
        "type": "Polygon",
        "coordinates": [
          [
            [
              4.869685,
              52.404422
            ],
            [
              4.8696562,
              52.4044004
            ],
            [
              4.8696705,
              52.4043933
            ],
            [
              4.8696993,
              52.4044149
            ],
            [
              4.869685,
              52.404422
            ]
          ]
        ]
      },
      "id": "way/859431157"
    },
    {
      "type": "Feature",
      "properties": {
        "@id": "way/859442995",
        "building": "yes",
        "man_made": "pumping_station"
      },
      "geometry": {
        "type": "Polygon",
        "coordinates": [
          [
            [
              4.8700717,
              52.4068365
            ],
            [
              4.8700545,
              52.4067819
            ],
            [
              4.8700963,
              52.406777
            ],
            [
              4.8701135,
              52.4068316
            ],
            [
              4.8700717,
              52.4068365
            ]
          ]
        ]
      },
      "id": "way/859442995"
    },
    {
      "type": "Feature",
      "properties": {
        "@id": "way/861224465",
        "landuse": "industrial",
        "man_made": "pumping_station",
        "name": "Pompstation Haarlemmerweg",
        "operator": "Waternet",
        "pumping_station": "water",
        "website": "https://www.waternet.nl/"
      },
      "geometry": {
        "type": "Polygon",
        "coordinates": [
          [
            [
              4.8665759,
              52.3841874
            ],
            [
              4.8658715,
              52.3841011
            ],
            [
              4.8663247,
              52.382903
            ],
            [
              4.8669723,
              52.3829934
            ],
            [
              4.8675563,
              52.3830762
            ],
            [
              4.8672458,
              52.3839113
            ],
            [
              4.8672296,
              52.3839806
            ],
            [
              4.8666893,
              52.3839024
            ],
            [
              4.8665759,
              52.3841874
            ]
          ]
        ]
      },
      "id": "way/861224465"
    },
    {
      "type": "Feature",
      "properties": {
        "@id": "way/862768430",
        "man_made": "pumping_station"
      },
      "geometry": {
        "type": "Polygon",
        "coordinates": [
          [
            [
              4.8568606,
              52.4094017
            ],
            [
              4.856865,
              52.4093825
            ],
            [
              4.8568831,
              52.4093841
            ],
            [
              4.8568786,
              52.4094033
            ],
            [
              4.8568606,
              52.4094017
            ]
          ]
        ]
      },
      "id": "way/862768430"
    },
    {
      "type": "Feature",
      "properties": {
        "@id": "way/862825964",
        "layer": "-1",
        "man_made": "pumping_station"
      },
      "geometry": {
        "type": "Polygon",
        "coordinates": [
          [
            [
              4.8532548,
              52.4104581
            ],
            [
              4.8532694,
              52.4104492
            ],
            [
              4.8532793,
              52.4104552
            ],
            [
              4.8532647,
              52.4104641
            ],
            [
              4.8532548,
              52.4104581
            ]
          ]
        ]
      },
      "id": "way/862825964"
    },
    {
      "type": "Feature",
      "properties": {
        "@id": "way/862825965",
        "layer": "-1",
        "man_made": "pumping_station"
      },
      "geometry": {
        "type": "Polygon",
        "coordinates": [
          [
            [
              4.8532103,
              52.4104559
            ],
            [
              4.8532234,
              52.4104477
            ],
            [
              4.8532352,
              52.4104547
            ],
            [
              4.8532222,
              52.4104629
            ],
            [
              4.8532103,
              52.4104559
            ]
          ]
        ]
      },
      "id": "way/862825965"
    },
    {
      "type": "Feature",
      "properties": {
        "@id": "way/862825966",
        "layer": "-1",
        "man_made": "pumping_station"
      },
      "geometry": {
        "type": "Polygon",
        "coordinates": [
          [
            [
              4.8532414,
              52.4104507
            ],
            [
              4.8532295,
              52.4104438
            ],
            [
              4.8532645,
              52.4104217
            ],
            [
              4.8532763,
              52.4104287
            ],
            [
              4.8532414,
              52.4104507
            ]
          ]
        ]
      },
      "id": "way/862825966"
    },
    {
      "type": "Feature",
      "properties": {
        "@id": "way/862825970",
        "layer": "-1",
        "man_made": "pumping_station",
        "substance": "water"
      },
      "geometry": {
        "type": "Polygon",
        "coordinates": [
          [
            [
              4.8536908,
              52.4107372
            ],
            [
              4.8537013,
              52.4107303
            ],
            [
              4.8537132,
              52.4107372
            ],
            [
              4.8537027,
              52.410744
            ],
            [
              4.8536908,
              52.4107372
            ]
          ]
        ]
      },
      "id": "way/862825970"
    },
    {
      "type": "Feature",
      "properties": {
        "@id": "way/862825972",
        "layer": "-1",
        "man_made": "pumping_station",
        "substance": "water"
      },
      "geometry": {
        "type": "Polygon",
        "coordinates": [
          [
            [
              4.8537406,
              52.4107216
            ],
            [
              4.8537566,
              52.4107112
            ],
            [
              4.8537685,
              52.4107181
            ],
            [
              4.8537525,
              52.4107284
            ],
            [
              4.8537406,
              52.4107216
            ]
          ]
        ]
      },
      "id": "way/862825972"
    },
    {
      "type": "Feature",
      "properties": {
        "@id": "way/863260573",
        "man_made": "pumping_station"
      },
      "geometry": {
        "type": "Polygon",
        "coordinates": [
          [
            [
              4.8512905,
              52.4101137
            ],
            [
              4.851299,
              52.4101034
            ],
            [
              4.8513128,
              52.4101076
            ],
            [
              4.8513043,
              52.4101179
            ],
            [
              4.8512905,
              52.4101137
            ]
          ]
        ]
      },
      "id": "way/863260573"
    },
    {
      "type": "Feature",
      "properties": {
        "@id": "way/865644690",
        "man_made": "pumping_station"
      },
      "geometry": {
        "type": "Polygon",
        "coordinates": [
          [
            [
              4.8517938,
              52.404906
            ],
            [
              4.8518087,
              52.404899
            ],
            [
              4.8518361,
              52.4049209
            ],
            [
              4.8518211,
              52.4049278
            ],
            [
              4.8517938,
              52.404906
            ]
          ]
        ]
      },
      "id": "way/865644690"
    },
    {
      "type": "Feature",
      "properties": {
        "@id": "way/865988979",
        "building": "yes",
        "man_made": "pumping_station",
        "operator": "Vattenfal",
        "substance": "water"
      },
      "geometry": {
        "type": "Polygon",
        "coordinates": [
          [
            [
              4.8419974,
              52.4056155
            ],
            [
              4.8421624,
              52.4055413
            ],
            [
              4.8422101,
              52.4055807
            ],
            [
              4.8422514,
              52.4056149
            ],
            [
              4.8420863,
              52.4056891
            ],
            [
              4.8419974,
              52.4056155
            ]
          ]
        ]
      },
      "id": "way/865988979"
    },
    {
      "type": "Feature",
      "properties": {
        "@id": "way/867742398",
        "layer": "-1",
        "man_made": "pumping_station"
      },
      "geometry": {
        "type": "Polygon",
        "coordinates": [
          [
            [
              4.832766,
              52.4099991
            ],
            [
              4.8328905,
              52.4099434
            ],
            [
              4.8329397,
              52.4099844
            ],
            [
              4.8328152,
              52.4100401
            ],
            [
              4.832766,
              52.4099991
            ]
          ]
        ]
      },
      "id": "way/867742398"
    },
    {
      "type": "Feature",
      "properties": {
        "@id": "way/867961154",
        "man_made": "pumping_station",
        "operator": "Waternet"
      },
      "geometry": {
        "type": "Polygon",
        "coordinates": [
          [
            [
              4.8292541,
              52.4106744
            ],
            [
              4.8292435,
              52.4106679
            ],
            [
              4.8292601,
              52.4106578
            ],
            [
              4.8292707,
              52.4106642
            ],
            [
              4.8292541,
              52.4106744
            ]
          ]
        ]
      },
      "id": "way/867961154"
    },
    {
      "type": "Feature",
      "properties": {
        "@id": "way/867961155",
        "man_made": "pumping_station",
        "operator": "Waternet"
      },
      "geometry": {
        "type": "Polygon",
        "coordinates": [
          [
            [
              4.8292892,
              52.4106661
            ],
            [
              4.8292751,
              52.4106574
            ],
            [
              4.8292972,
              52.4106439
            ],
            [
              4.8293114,
              52.4106526
            ],
            [
              4.8292892,
              52.4106661
            ]
          ]
        ]
      },
      "id": "way/867961155"
    },
    {
      "type": "Feature",
      "properties": {
        "@id": "way/870819152",
        "building": "yes",
        "layer": "-1",
        "man_made": "pumping_station"
      },
      "geometry": {
        "type": "Polygon",
        "coordinates": [
          [
            [
              4.8293065,
              52.4174279
            ],
            [
              4.8293042,
              52.4174193
            ],
            [
              4.8293228,
              52.4174175
            ],
            [
              4.8293251,
              52.417426
            ],
            [
              4.8293065,
              52.4174279
            ]
          ]
        ]
      },
      "id": "way/870819152"
    },
    {
      "type": "Feature",
      "properties": {
        "@id": "way/870819153",
        "building": "yes",
        "layer": "-1",
        "man_made": "pumping_station"
      },
      "geometry": {
        "type": "Polygon",
        "coordinates": [
          [
            [
              4.8293274,
              52.4174141
            ],
            [
              4.8293239,
              52.417401
            ],
            [
              4.8293522,
              52.4173981
            ],
            [
              4.8293557,
              52.4174112
            ],
            [
              4.8293274,
              52.4174141
            ]
          ]
        ]
      },
      "id": "way/870819153"
    },
    {
      "type": "Feature",
      "properties": {
        "@id": "way/874041306",
        "man_made": "pumping_station"
      },
      "geometry": {
        "type": "Polygon",
        "coordinates": [
          [
            [
              4.822447,
              52.4172303
            ],
            [
              4.8224551,
              52.4172125
            ],
            [
              4.8224721,
              52.4172154
            ],
            [
              4.822464,
              52.4172331
            ],
            [
              4.822447,
              52.4172303
            ]
          ]
        ]
      },
      "id": "way/874041306"
    },
    {
      "type": "Feature",
      "properties": {
        "@id": "way/875734372",
        "building": "yes",
        "layer": "-1",
        "location": "underground",
        "man_made": "pumping_station",
        "operator": "Waternet",
        "substance": "water"
      },
      "geometry": {
        "type": "Polygon",
        "coordinates": [
          [
            [
              4.8305041,
              52.4079085
            ],
            [
              4.8304952,
              52.4079009
            ],
            [
              4.8305069,
              52.4078959
            ],
            [
              4.8305158,
              52.4079035
            ],
            [
              4.8305041,
              52.4079085
            ]
          ]
        ]
      },
      "id": "way/875734372"
    },
    {
      "type": "Feature",
      "properties": {
        "@id": "way/875734373",
        "building": "yes",
        "layer": "-1",
        "location": "surface",
        "man_made": "pumping_station",
        "operator": "Waternet",
        "substance": "water"
      },
      "geometry": {
        "type": "Polygon",
        "coordinates": [
          [
            [
              4.8304668,
              52.4079022
            ],
            [
              4.8304498,
              52.4078875
            ],
            [
              4.8304678,
              52.4078798
            ],
            [
              4.8304848,
              52.4078944
            ],
            [
              4.8304668,
              52.4079022
            ]
          ]
        ]
      },
      "id": "way/875734373"
    },
    {
      "type": "Feature",
      "properties": {
        "@id": "way/878925469",
        "layer": "-1",
        "man_made": "pumping_station"
      },
      "geometry": {
        "type": "Polygon",
        "coordinates": [
          [
            [
              4.8262202,
              52.4003344
            ],
            [
              4.8262199,
              52.4003217
            ],
            [
              4.8262364,
              52.4003216
            ],
            [
              4.8262367,
              52.4003343
            ],
            [
              4.8262202,
              52.4003344
            ]
          ]
        ]
      },
      "id": "way/878925469"
    },
    {
      "type": "Feature",
      "properties": {
        "@id": "way/884668433",
        "building": "yes",
        "layer": "-1",
        "location": "surface",
        "man_made": "pumping_station"
      },
      "geometry": {
        "type": "Polygon",
        "coordinates": [
          [
            [
              4.8367907,
              52.3926608
            ],
            [
              4.8368031,
              52.3926496
            ],
            [
              4.8368248,
              52.3926585
            ],
            [
              4.8368124,
              52.3926698
            ],
            [
              4.8367907,
              52.3926608
            ]
          ]
        ]
      },
      "id": "way/884668433"
    },
    {
      "type": "Feature",
      "properties": {
        "@id": "way/889289223",
        "layer": "-1",
        "man_made": "pumping_station",
        "substance": "water"
      },
      "geometry": {
        "type": "Polygon",
        "coordinates": [
          [
            [
              4.8397397,
              52.3988605
            ],
            [
              4.8397775,
              52.3988498
            ],
            [
              4.8397957,
              52.3988735
            ],
            [
              4.8397877,
              52.3988758
            ],
            [
              4.8397922,
              52.3988817
            ],
            [
              4.8397624,
              52.3988902
            ],
            [
              4.8397397,
              52.3988605
            ]
          ]
        ]
      },
      "id": "way/889289223"
    },
    {
      "type": "Feature",
      "properties": {
        "@id": "way/908903483",
        "man_made": "pumping_station"
      },
      "geometry": {
        "type": "Polygon",
        "coordinates": [
          [
            [
              4.8492148,
              52.3986331
            ],
            [
              4.8492486,
              52.3986182
            ],
            [
              4.8492614,
              52.3986305
            ],
            [
              4.849229,
              52.3986452
            ],
            [
              4.8492148,
              52.3986331
            ]
          ]
        ]
      },
      "id": "way/908903483"
    },
    {
      "type": "Feature",
      "properties": {
        "@id": "way/909252109",
        "layer": "-1",
        "man_made": "pumping_station",
        "operator": "Waternet"
      },
      "geometry": {
        "type": "Polygon",
        "coordinates": [
          [
            [
              4.8497675,
              52.39661
            ],
            [
              4.8497696,
              52.3965808
            ],
            [
              4.8497889,
              52.3965813
            ],
            [
              4.8497887,
              52.3965834
            ],
            [
              4.849809,
              52.3965839
            ],
            [
              4.8498091,
              52.3965819
            ],
            [
              4.8498233,
              52.3965823
            ],
            [
              4.8498224,
              52.3965953
            ],
            [
              4.8498097,
              52.396595
            ],
            [
              4.8498085,
              52.3966111
            ],
            [
              4.8497675,
              52.39661
            ]
          ]
        ]
      },
      "id": "way/909252109"
    },
    {
      "type": "Feature",
      "properties": {
        "@id": "way/970591874",
        "landuse": "industrial",
        "man_made": "pumping_station",
        "name": "Pompstation Amstelveenseweg",
        "operator": "Waternet",
        "operator:wikidata": "Q2137469",
        "website": "https://www.waternet.nl/",
        "wikimedia_commons": "File:Pompstation_Amstelveenseweg.jpg"
      },
      "geometry": {
        "type": "Polygon",
        "coordinates": [
          [
            [
              4.8561921,
              52.3368929
            ],
            [
              4.8556846,
              52.3368943
            ],
            [
              4.8552309,
              52.3368639
            ],
            [
              4.8552354,
              52.3345874
            ],
            [
              4.8559647,
              52.3345872
            ],
            [
              4.8559666,
              52.3343643
            ],
            [
              4.8571169,
              52.3343648
            ],
            [
              4.8571067,
              52.3350446
            ],
            [
              4.8570828,
              52.3368905
            ],
            [
              4.8567922,
              52.3368913
            ],
            [
              4.8567844,
              52.3365047
            ],
            [
              4.8565608,
              52.3365035
            ],
            [
              4.8562128,
              52.3365865
            ],
            [
              4.8561958,
              52.3366038
            ],
            [
              4.8561921,
              52.3368929
            ]
          ]
        ]
      },
      "id": "way/970591874"
    },
    {
      "type": "Feature",
      "properties": {
        "@id": "way/1001189521",
        "building": "yes",
        "man_made": "pumping_station",
        "substance": "water"
      },
      "geometry": {
        "type": "Polygon",
        "coordinates": [
          [
            [
              4.9520194,
              52.3510725
            ],
            [
              4.9520219,
              52.3510708
            ],
            [
              4.9520333,
              52.3510632
            ],
            [
              4.9520452,
              52.35107
            ],
            [
              4.9520313,
              52.3510792
            ],
            [
              4.9520194,
              52.3510725
            ]
          ]
        ]
      },
      "id": "way/1001189521"
    },
    {
      "type": "Feature",
      "properties": {
        "@id": "way/1005228210",
        "building": "yes",
        "layer": "-1",
        "location": "surface",
        "man_made": "pumping_station",
        "substance": "water"
      },
      "geometry": {
        "type": "Polygon",
        "coordinates": [
          [
            [
              4.949812,
              52.3500148
            ],
            [
              4.9498262,
              52.3500056
            ],
            [
              4.9498529,
              52.350021
            ],
            [
              4.9498386,
              52.3500302
            ],
            [
              4.949812,
              52.3500148
            ]
          ]
        ]
      },
      "id": "way/1005228210"
    },
    {
      "type": "Feature",
      "properties": {
        "@id": "way/1005627485",
        "layer": "-1",
        "man_made": "pumping_station",
        "substance": "water"
      },
      "geometry": {
        "type": "Polygon",
        "coordinates": [
          [
            [
              4.9501942,
              52.3471634
            ],
            [
              4.950167,
              52.3471477
            ],
            [
              4.9501851,
              52.3471358
            ],
            [
              4.9502123,
              52.3471515
            ],
            [
              4.9501942,
              52.3471634
            ]
          ]
        ]
      },
      "id": "way/1005627485"
    },
    {
      "type": "Feature",
      "properties": {
        "@id": "way/1007644162",
        "building": "yes",
        "layer": "-1",
        "man_made": "pumping_station"
      },
      "geometry": {
        "type": "Polygon",
        "coordinates": [
          [
            [
              4.951386,
              52.3461767
            ],
            [
              4.9513953,
              52.3461708
            ],
            [
              4.9514043,
              52.3461761
            ],
            [
              4.951395,
              52.346182
            ],
            [
              4.951386,
              52.3461767
            ]
          ]
        ]
      },
      "id": "way/1007644162"
    },
    {
      "type": "Feature",
      "properties": {
        "@id": "way/1081688196",
        "building": "yes",
        "man_made": "pumping_station",
        "substance": "water"
      },
      "geometry": {
        "type": "Polygon",
        "coordinates": [
          [
            [
              4.9394459,
              52.3470051
            ],
            [
              4.939433,
              52.3469967
            ],
            [
              4.9394199,
              52.3469882
            ],
            [
              4.9394482,
              52.346972
            ],
            [
              4.9394742,
              52.346989
            ],
            [
              4.9394459,
              52.3470051
            ]
          ]
        ]
      },
      "id": "way/1081688196"
    },
    {
      "type": "Feature",
      "properties": {
        "@id": "way/1082580966",
        "man_made": "pumping_station",
        "substance": "gas"
      },
      "geometry": {
        "type": "Polygon",
        "coordinates": [
          [
            [
              4.9560047,
              52.3534082
            ],
            [
              4.9560333,
              52.353392
            ],
            [
              4.9560533,
              52.353405
            ],
            [
              4.9560247,
              52.3534213
            ],
            [
              4.9560047,
              52.3534082
            ]
          ]
        ]
      },
      "id": "way/1082580966"
    },
    {
      "type": "Feature",
      "properties": {
        "@id": "way/1082989643",
        "man_made": "pumping_station",
        "operator": "Waternet",
        "substance": "sewage"
      },
      "geometry": {
        "type": "Polygon",
        "coordinates": [
          [
            [
              4.954954,
              52.3560105
            ],
            [
              4.9549693,
              52.3560198
            ],
            [
              4.954973,
              52.3560221
            ],
            [
              4.9549632,
              52.356028
            ],
            [
              4.9549442,
              52.3560165
            ],
            [
              4.954954,
              52.3560105
            ]
          ]
        ]
      },
      "id": "way/1082989643"
    },
    {
      "type": "Feature",
      "properties": {
        "@id": "way/1082989644",
        "man_made": "pumping_station",
        "operator": "Waternet",
        "substance": "water"
      },
      "geometry": {
        "type": "Polygon",
        "coordinates": [
          [
            [
              4.9549368,
              52.3559979
            ],
            [
              4.9549245,
              52.3560056
            ],
            [
              4.95492,
              52.3560084
            ],
            [
              4.9549072,
              52.3560009
            ],
            [
              4.954924,
              52.3559903
            ],
            [
              4.9549368,
              52.3559979
            ]
          ]
        ]
      },
      "id": "way/1082989644"
    },
    {
      "type": "Feature",
      "properties": {
        "@id": "way/1088915708",
        "layer": "-1",
        "man_made": "pumping_station",
        "substance": "water"
      },
      "geometry": {
        "type": "Polygon",
        "coordinates": [
          [
            [
              4.9591957,
              52.3551504
            ],
            [
              4.959215,
              52.3551322
            ],
            [
              4.9592358,
              52.3551405
            ],
            [
              4.9592164,
              52.3551586
            ],
            [
              4.9591957,
              52.3551504
            ]
          ]
        ]
      },
      "id": "way/1088915708"
    },
    {
      "type": "Feature",
      "properties": {
        "@id": "way/1089070329",
        "layer": "-1",
        "man_made": "pumping_station",
        "operator": "Waternet",
        "substance": "water"
      },
      "geometry": {
        "type": "Polygon",
        "coordinates": [
          [
            [
              4.9571616,
              52.3569674
            ],
            [
              4.9572084,
              52.3569623
            ],
            [
              4.9572196,
              52.3570027
            ],
            [
              4.9571727,
              52.3570072
            ],
            [
              4.9571616,
              52.3569674
            ]
          ]
        ]
      },
      "id": "way/1089070329"
    },
    {
      "type": "Feature",
      "properties": {
        "@id": "way/1089314901",
        "layer": "-1",
        "man_made": "pumping_station",
        "operator": "Waternet",
        "substance": "water"
      },
      "geometry": {
        "type": "Polygon",
        "coordinates": [
          [
            [
              4.9571852,
              52.3569797
            ],
            [
              4.9571828,
              52.3569705
            ],
            [
              4.9572007,
              52.3569687
            ],
            [
              4.9572031,
              52.356978
            ],
            [
              4.9571852,
              52.3569797
            ]
          ]
        ]
      },
      "id": "way/1089314901"
    },
    {
      "type": "Feature",
      "properties": {
        "@id": "way/1089314904",
        "layer": "-1",
        "man_made": "pumping_station",
        "substance": "water"
      },
      "geometry": {
        "type": "Polygon",
        "coordinates": [
          [
            [
              4.9561769,
              52.3568381
            ],
            [
              4.9561948,
              52.3568259
            ],
            [
              4.956218,
              52.3568386
            ],
            [
              4.9562001,
              52.3568508
            ],
            [
              4.9561769,
              52.3568381
            ]
          ]
        ]
      },
      "id": "way/1089314904"
    },
    {
      "type": "Feature",
      "properties": {
        "@id": "way/1089725575",
        "layer": "-1",
        "man_made": "pumping_station"
      },
      "geometry": {
        "type": "Polygon",
        "coordinates": [
          [
            [
              4.9525044,
              52.3556889
            ],
            [
              4.9525198,
              52.3556781
            ],
            [
              4.9525398,
              52.3556887
            ],
            [
              4.9525244,
              52.3556995
            ],
            [
              4.9525044,
              52.3556889
            ]
          ]
        ]
      },
      "id": "way/1089725575"
    },
    {
      "type": "Feature",
      "properties": {
        "@id": "way/1089738856",
        "layer": "-1",
        "man_made": "pumping_station"
      },
      "geometry": {
        "type": "Polygon",
        "coordinates": [
          [
            [
              4.952864,
              52.3557194
            ],
            [
              4.9528835,
              52.3557066
            ],
            [
              4.9529125,
              52.355723
            ],
            [
              4.952893,
              52.3557358
            ],
            [
              4.952864,
              52.3557194
            ]
          ]
        ]
      },
      "id": "way/1089738856"
    },
    {
      "type": "Feature",
      "properties": {
        "@id": "way/1089738857",
        "layer": "-1",
        "man_made": "pumping_station"
      },
      "geometry": {
        "type": "Polygon",
        "coordinates": [
          [
            [
              4.9529933,
              52.3556335
            ],
            [
              4.9530028,
              52.3556275
            ],
            [
              4.9530139,
              52.3556339
            ],
            [
              4.9530044,
              52.35564
            ],
            [
              4.9529933,
              52.3556335
            ]
          ]
        ]
      },
      "id": "way/1089738857"
    },
    {
      "type": "Feature",
      "properties": {
        "@id": "way/1089738858",
        "layer": "-1",
        "man_made": "pumping_station"
      },
      "geometry": {
        "type": "Polygon",
        "coordinates": [
          [
            [
              4.9529746,
              52.3556225
            ],
            [
              4.9529841,
              52.3556164
            ],
            [
              4.9529952,
              52.3556229
            ],
            [
              4.9529857,
              52.355629
            ],
            [
              4.9529746,
              52.3556225
            ]
          ]
        ]
      },
      "id": "way/1089738858"
    },
    {
      "type": "Feature",
      "properties": {
        "@id": "way/1089748964",
        "building": "yes",
        "layer": "-1",
        "man_made": "pumping_station",
        "operator": "Waternet"
      },
      "geometry": {
        "type": "Polygon",
        "coordinates": [
          [
            [
              4.9510047,
              52.3565874
            ],
            [
              4.9510235,
              52.3565759
            ],
            [
              4.9510431,
              52.3565879
            ],
            [
              4.9510243,
              52.3565994
            ],
            [
              4.9510047,
              52.3565874
            ]
          ]
        ]
      },
      "id": "way/1089748964"
    },
    {
      "type": "Feature",
      "properties": {
        "@id": "way/1089818742",
        "layer": "-1",
        "man_made": "pumping_station"
      },
      "geometry": {
        "type": "Polygon",
        "coordinates": [
          [
            [
              4.9546554,
              52.3566211
            ],
            [
              4.954665,
              52.3566151
            ],
            [
              4.9546734,
              52.35662
            ],
            [
              4.9546638,
              52.3566261
            ],
            [
              4.9546554,
              52.3566211
            ]
          ]
        ]
      },
      "id": "way/1089818742"
    },
    {
      "type": "Feature",
      "properties": {
        "@id": "way/1089818743",
        "layer": "-1",
        "man_made": "pumping_station"
      },
      "geometry": {
        "type": "Polygon",
        "coordinates": [
          [
            [
              4.9546418,
              52.3566131
            ],
            [
              4.9546514,
              52.356607
            ],
            [
              4.9546598,
              52.356612
            ],
            [
              4.9546502,
              52.356618
            ],
            [
              4.9546418,
              52.3566131
            ]
          ]
        ]
      },
      "id": "way/1089818743"
    },
    {
      "type": "Feature",
      "properties": {
        "@id": "way/1089818744",
        "layer": "-1",
        "man_made": "pumping_station"
      },
      "geometry": {
        "type": "Polygon",
        "coordinates": [
          [
            [
              4.9545486,
              52.3565877
            ],
            [
              4.954559,
              52.3565809
            ],
            [
              4.9545706,
              52.3565876
            ],
            [
              4.9545602,
              52.3565943
            ],
            [
              4.9545486,
              52.3565877
            ]
          ]
        ]
      },
      "id": "way/1089818744"
    },
    {
      "type": "Feature",
      "properties": {
        "@id": "way/1089819849",
        "layer": "-1",
        "man_made": "pumping_station"
      },
      "geometry": {
        "type": "Polygon",
        "coordinates": [
          [
            [
              4.9552096,
              52.3570377
            ],
            [
              4.9552248,
              52.3570279
            ],
            [
              4.9552416,
              52.3570375
            ],
            [
              4.9552265,
              52.3570474
            ],
            [
              4.9552096,
              52.3570377
            ]
          ]
        ]
      },
      "id": "way/1089819849"
    },
    {
      "type": "Feature",
      "properties": {
        "@id": "way/1089819850",
        "layer": "-1",
        "man_made": "pumping_station"
      },
      "geometry": {
        "type": "Polygon",
        "coordinates": [
          [
            [
              4.9548531,
              52.3568165
            ],
            [
              4.9548682,
              52.3568067
            ],
            [
              4.9548851,
              52.3568163
            ],
            [
              4.95487,
              52.3568262
            ],
            [
              4.9548531,
              52.3568165
            ]
          ]
        ]
      },
      "id": "way/1089819850"
    },
    {
      "type": "Feature",
      "properties": {
        "@id": "way/1089939091",
        "layer": "-1",
        "man_made": "pumping_station"
      },
      "geometry": {
        "type": "Polygon",
        "coordinates": [
          [
            [
              4.9512266,
              52.356877
            ],
            [
              4.9512528,
              52.3568779
            ],
            [
              4.9512513,
              52.356895
            ],
            [
              4.9512251,
              52.3568942
            ],
            [
              4.9512264,
              52.356879
            ],
            [
              4.9512266,
              52.356877
            ]
          ]
        ]
      },
      "id": "way/1089939091"
    },
    {
      "type": "Feature",
      "properties": {
        "@id": "way/1090189528",
        "layer": "-1",
        "man_made": "pumping_station"
      },
      "geometry": {
        "type": "Polygon",
        "coordinates": [
          [
            [
              4.9495648,
              52.3558016
            ],
            [
              4.9495813,
              52.3557921
            ],
            [
              4.9495964,
              52.3558019
            ],
            [
              4.9495799,
              52.3558114
            ],
            [
              4.9495648,
              52.3558016
            ]
          ]
        ]
      },
      "id": "way/1090189528"
    },
    {
      "type": "Feature",
      "properties": {
        "@id": "way/1090189529",
        "layer": "-1",
        "man_made": "pumping_station"
      },
      "geometry": {
        "type": "Polygon",
        "coordinates": [
          [
            [
              4.9494757,
              52.3558172
            ],
            [
              4.9495031,
              52.3558014
            ],
            [
              4.9495213,
              52.3558131
            ],
            [
              4.9494939,
              52.3558289
            ],
            [
              4.9494757,
              52.3558172
            ]
          ]
        ]
      },
      "id": "way/1090189529"
    },
    {
      "type": "Feature",
      "properties": {
        "@id": "way/1090189530",
        "layer": "-1",
        "man_made": "pumping_station"
      },
      "geometry": {
        "type": "Polygon",
        "coordinates": [
          [
            [
              4.9493762,
              52.3558028
            ],
            [
              4.9493866,
              52.3557962
            ],
            [
              4.9493969,
              52.3558022
            ],
            [
              4.9493866,
              52.3558089
            ],
            [
              4.9493762,
              52.3558028
            ]
          ]
        ]
      },
      "id": "way/1090189530"
    },
    {
      "type": "Feature",
      "properties": {
        "@id": "way/1090189531",
        "layer": "-1",
        "man_made": "pumping_station"
      },
      "geometry": {
        "type": "Polygon",
        "coordinates": [
          [
            [
              4.9493569,
              52.355814
            ],
            [
              4.9493672,
              52.3558074
            ],
            [
              4.9493776,
              52.3558135
            ],
            [
              4.9493672,
              52.3558201
            ],
            [
              4.9493569,
              52.355814
            ]
          ]
        ]
      },
      "id": "way/1090189531"
    },
    {
      "type": "Feature",
      "properties": {
        "@id": "way/1090785125",
        "building": "yes",
        "layer": "-1",
        "man_made": "pumping_station"
      },
      "geometry": {
        "type": "Polygon",
        "coordinates": [
          [
            [
              4.9464975,
              52.3573265
            ],
            [
              4.9465078,
              52.3573205
            ],
            [
              4.9465174,
              52.3573266
            ],
            [
              4.946507,
              52.3573326
            ],
            [
              4.9464975,
              52.3573265
            ]
          ]
        ]
      },
      "id": "way/1090785125"
    },
    {
      "type": "Feature",
      "properties": {
        "@id": "way/1091187023",
        "building": "yes",
        "layer": "-1",
        "man_made": "pumping_station",
        "operator": "Waternet",
        "substance": "water"
      },
      "geometry": {
        "type": "Polygon",
        "coordinates": [
          [
            [
              4.9456401,
              52.3577326
            ],
            [
              4.9456372,
              52.3577125
            ],
            [
              4.9456697,
              52.3577108
            ],
            [
              4.9456726,
              52.3577309
            ],
            [
              4.9456401,
              52.3577326
            ]
          ]
        ]
      },
      "id": "way/1091187023"
    },
    {
      "type": "Feature",
      "properties": {
        "@id": "way/1091187059",
        "layer": "-1",
        "man_made": "pumping_station"
      },
      "geometry": {
        "type": "Polygon",
        "coordinates": [
          [
            [
              4.9484247,
              52.3561363
            ],
            [
              4.9484327,
              52.3561313
            ],
            [
              4.9484412,
              52.3561364
            ],
            [
              4.9484332,
              52.3561414
            ],
            [
              4.9484247,
              52.3561363
            ]
          ]
        ]
      },
      "id": "way/1091187059"
    },
    {
      "type": "Feature",
      "properties": {
        "@id": "way/1091227699",
        "building": "yes",
        "layer": "-1",
        "man_made": "pumping_station",
        "operator": "Waternet"
      },
      "geometry": {
        "type": "Polygon",
        "coordinates": [
          [
            [
              4.9438474,
              52.3572162
            ],
            [
              4.9438378,
              52.3572088
            ],
            [
              4.9438498,
              52.3572029
            ],
            [
              4.9438595,
              52.3572104
            ],
            [
              4.9438474,
              52.3572162
            ]
          ]
        ]
      },
      "id": "way/1091227699"
    },
    {
      "type": "Feature",
      "properties": {
        "@id": "way/1091227700",
        "building": "yes",
        "layer": "-1",
        "man_made": "pumping_station",
        "operator": "Waternet"
      },
      "geometry": {
        "type": "Polygon",
        "coordinates": [
          [
            [
              4.9437976,
              52.3572164
            ],
            [
              4.9438206,
              52.3572053
            ],
            [
              4.94384,
              52.3572201
            ],
            [
              4.943817,
              52.3572313
            ],
            [
              4.9437976,
              52.3572164
            ]
          ]
        ]
      },
      "id": "way/1091227700"
    },
    {
      "type": "Feature",
      "properties": {
        "@id": "way/1091848849",
        "layer": "-1",
        "man_made": "pumping_station",
        "substance": "sewage"
      },
      "geometry": {
        "type": "Polygon",
        "coordinates": [
          [
            [
              4.9471374,
              52.3567006
            ],
            [
              4.9471223,
              52.3566914
            ],
            [
              4.9471377,
              52.356682
            ],
            [
              4.9471528,
              52.3566913
            ],
            [
              4.9471374,
              52.3567006
            ]
          ]
        ]
      },
      "id": "way/1091848849"
    },
    {
      "type": "Feature",
      "properties": {
        "@id": "way/1091848850",
        "layer": "-1",
        "man_made": "pumping_station",
        "substance": "sewage"
      },
      "geometry": {
        "type": "Polygon",
        "coordinates": [
          [
            [
              4.9471082,
              52.3567159
            ],
            [
              4.9470858,
              52.3567022
            ],
            [
              4.9471089,
              52.3566881
            ],
            [
              4.9471313,
              52.3567018
            ],
            [
              4.9471082,
              52.3567159
            ]
          ]
        ]
      },
      "id": "way/1091848850"
    },
    {
      "type": "Feature",
      "properties": {
        "@id": "way/1092105417",
        "man_made": "pumping_station",
        "operator": "Waternet",
        "substance": "sewage"
      },
      "geometry": {
        "type": "Polygon",
        "coordinates": [
          [
            [
              4.9505524,
              52.3543315
            ],
            [
              4.9505371,
              52.3543226
            ],
            [
              4.95055,
              52.3543143
            ],
            [
              4.9505503,
              52.354314
            ],
            [
              4.9505506,
              52.3543142
            ],
            [
              4.9505657,
              52.354323
            ],
            [
              4.9505524,
              52.3543315
            ]
          ]
        ]
      },
      "id": "way/1092105417"
    },
    {
      "type": "Feature",
      "properties": {
        "@id": "way/1092105418",
        "man_made": "pumping_station",
        "operator": "Waternet",
        "substance": "sewage"
      },
      "geometry": {
        "type": "Polygon",
        "coordinates": [
          [
            [
              4.9506066,
              52.3543741
            ],
            [
              4.9505947,
              52.3543673
            ],
            [
              4.950605,
              52.3543607
            ],
            [
              4.9506168,
              52.3543676
            ],
            [
              4.9506066,
              52.3543741
            ]
          ]
        ]
      },
      "id": "way/1092105418"
    },
    {
      "type": "Feature",
      "properties": {
        "@id": "way/1093524142",
        "building": "yes",
        "layer": "-1",
        "man_made": "pumping_station"
      },
      "geometry": {
        "type": "Polygon",
        "coordinates": [
          [
            [
              4.9603389,
              52.3543899
            ],
            [
              4.9603727,
              52.35437
            ],
            [
              4.9603861,
              52.3543784
            ],
            [
              4.9603522,
              52.3543984
            ],
            [
              4.9603389,
              52.3543899
            ]
          ]
        ]
      },
      "id": "way/1093524142"
    },
    {
      "type": "Feature",
      "properties": {
        "@id": "way/1093524143",
        "building": "yes",
        "layer": "-1",
        "man_made": "pumping_station"
      },
      "geometry": {
        "type": "Polygon",
        "coordinates": [
          [
            [
              4.9606459,
              52.3541966
            ],
            [
              4.9606742,
              52.3541799
            ],
            [
              4.9606933,
              52.354192
            ],
            [
              4.960665,
              52.3542087
            ],
            [
              4.9606459,
              52.3541966
            ]
          ]
        ]
      },
      "id": "way/1093524143"
    },
    {
      "type": "Feature",
      "properties": {
        "@id": "way/1093524144",
        "building": "yes",
        "layer": "-1",
        "man_made": "pumping_station"
      },
      "geometry": {
        "type": "Polygon",
        "coordinates": [
          [
            [
              4.9615429,
              52.3537882
            ],
            [
              4.9615544,
              52.3537785
            ],
            [
              4.9615804,
              52.35379
            ],
            [
              4.9615689,
              52.3537997
            ],
            [
              4.9615429,
              52.3537882
            ]
          ]
        ]
      },
      "id": "way/1093524144"
    },
    {
      "type": "Feature",
      "properties": {
        "@id": "way/1093524145",
        "building": "yes",
        "layer": "-1",
        "man_made": "pumping_station"
      },
      "geometry": {
        "type": "Polygon",
        "coordinates": [
          [
            [
              4.9617693,
              52.3538951
            ],
            [
              4.9617833,
              52.3538856
            ],
            [
              4.9618069,
              52.3538985
            ],
            [
              4.9617929,
              52.353908
            ],
            [
              4.9617693,
              52.3538951
            ]
          ]
        ]
      },
      "id": "way/1093524145"
    },
    {
      "type": "Feature",
      "properties": {
        "@id": "way/1093524146",
        "building": "yes",
        "layer": "-1",
        "man_made": "pumping_station"
      },
      "geometry": {
        "type": "Polygon",
        "coordinates": [
          [
            [
              4.9620006,
              52.3540075
            ],
            [
              4.9620142,
              52.3539979
            ],
            [
              4.9620383,
              52.3540106
            ],
            [
              4.9620247,
              52.3540202
            ],
            [
              4.9620006,
              52.3540075
            ]
          ]
        ]
      },
      "id": "way/1093524146"
    },
    {
      "type": "Feature",
      "properties": {
        "@id": "way/1093524147",
        "building": "yes",
        "layer": "-1",
        "man_made": "pumping_station"
      },
      "geometry": {
        "type": "Polygon",
        "coordinates": [
          [
            [
              4.9622379,
              52.3541207
            ],
            [
              4.9622519,
              52.354111
            ],
            [
              4.9622757,
              52.3541238
            ],
            [
              4.9622617,
              52.3541336
            ],
            [
              4.9622379,
              52.3541207
            ]
          ]
        ]
      },
      "id": "way/1093524147"
    },
    {
      "type": "Feature",
      "properties": {
        "@id": "way/1093524148",
        "building": "yes",
        "layer": "-1",
        "man_made": "pumping_station"
      },
      "geometry": {
        "type": "Polygon",
        "coordinates": [
          [
            [
              4.9624527,
              52.3542214
            ],
            [
              4.9624673,
              52.3542127
            ],
            [
              4.9624885,
              52.3542259
            ],
            [
              4.9624739,
              52.3542347
            ],
            [
              4.9624527,
              52.3542214
            ]
          ]
        ]
      },
      "id": "way/1093524148"
    },
    {
      "type": "Feature",
      "properties": {
        "@id": "way/1093524149",
        "building": "yes",
        "layer": "-1",
        "man_made": "pumping_station"
      },
      "geometry": {
        "type": "Polygon",
        "coordinates": [
          [
            [
              4.9626691,
              52.3543248
            ],
            [
              4.9626837,
              52.3543154
            ],
            [
              4.9627066,
              52.3543287
            ],
            [
              4.962692,
              52.3543381
            ],
            [
              4.9626691,
              52.3543248
            ]
          ]
        ]
      },
      "id": "way/1093524149"
    },
    {
      "type": "Feature",
      "properties": {
        "@id": "way/1093524150",
        "building": "yes",
        "layer": "-1",
        "location": "underground",
        "man_made": "pumping_station"
      },
      "geometry": {
        "type": "Polygon",
        "coordinates": [
          [
            [
              4.9612326,
              52.3553677
            ],
            [
              4.9612581,
              52.3553781
            ],
            [
              4.9612467,
              52.3553885
            ],
            [
              4.9612213,
              52.3553781
            ],
            [
              4.9612326,
              52.3553677
            ]
          ]
        ]
      },
      "id": "way/1093524150"
    },
    {
      "type": "Feature",
      "properties": {
        "@id": "way/1093524151",
        "building": "yes",
        "layer": "-1",
        "location": "underground",
        "man_made": "pumping_station"
      },
      "geometry": {
        "type": "Polygon",
        "coordinates": [
          [
            [
              4.960935,
              52.3552463
            ],
            [
              4.9609469,
              52.3552368
            ],
            [
              4.9609709,
              52.3552481
            ],
            [
              4.9609591,
              52.3552575
            ],
            [
              4.960935,
              52.3552463
            ]
          ]
        ]
      },
      "id": "way/1093524151"
    },
    {
      "type": "Feature",
      "properties": {
        "@id": "way/1093524152",
        "building": "yes",
        "layer": "-1",
        "location": "underground",
        "man_made": "pumping_station"
      },
      "geometry": {
        "type": "Polygon",
        "coordinates": [
          [
            [
              4.9607247,
              52.3551447
            ],
            [
              4.9607045,
              52.3551304
            ],
            [
              4.9607209,
              52.3551218
            ],
            [
              4.9607411,
              52.355136
            ],
            [
              4.9607247,
              52.3551447
            ]
          ]
        ]
      },
      "id": "way/1093524152"
    },
    {
      "type": "Feature",
      "properties": {
        "@id": "way/1093524153",
        "building": "yes",
        "layer": "-1",
        "location": "underground",
        "man_made": "pumping_station"
      },
      "geometry": {
        "type": "Polygon",
        "coordinates": [
          [
            [
              4.9604738,
              52.3549836
            ],
            [
              4.9604527,
              52.3549702
            ],
            [
              4.9604658,
              52.3549626
            ],
            [
              4.9604868,
              52.354976
            ],
            [
              4.9604738,
              52.3549836
            ]
          ]
        ]
      },
      "id": "way/1093524153"
    },
    {
      "type": "Feature",
      "properties": {
        "@id": "way/1093524154",
        "building": "yes",
        "layer": "-1",
        "location": "underground",
        "man_made": "pumping_station"
      },
      "geometry": {
        "type": "Polygon",
        "coordinates": [
          [
            [
              4.9602335,
              52.354823
            ],
            [
              4.9602127,
              52.3548098
            ],
            [
              4.9602286,
              52.3548005
            ],
            [
              4.9602494,
              52.3548137
            ],
            [
              4.9602335,
              52.354823
            ]
          ]
        ]
      },
      "id": "way/1093524154"
    },
    {
      "type": "Feature",
      "properties": {
        "@id": "way/1093524155",
        "building": "yes",
        "layer": "-1",
        "location": "underground",
        "man_made": "pumping_station"
      },
      "geometry": {
        "type": "Polygon",
        "coordinates": [
          [
            [
              4.9601566,
              52.3547346
            ],
            [
              4.9601326,
              52.3547174
            ],
            [
              4.9601495,
              52.3547086
            ],
            [
              4.9601735,
              52.3547257
            ],
            [
              4.9601566,
              52.3547346
            ]
          ]
        ]
      },
      "id": "way/1093524155"
    },
    {
      "type": "Feature",
      "properties": {
        "@id": "way/1093603435",
        "building": "yes",
        "layer": "-1",
        "man_made": "pumping_station",
        "operator": "Waternet",
        "substance": "water"
      },
      "geometry": {
        "type": "Polygon",
        "coordinates": [
          [
            [
              4.9594322,
              52.3548763
            ],
            [
              4.9594446,
              52.3548687
            ],
            [
              4.959457,
              52.3548762
            ],
            [
              4.9594446,
              52.3548838
            ],
            [
              4.9594322,
              52.3548763
            ]
          ]
        ]
      },
      "id": "way/1093603435"
    },
    {
      "type": "Feature",
      "properties": {
        "@id": "way/1093603436",
        "building": "yes",
        "layer": "-1",
        "man_made": "pumping_station",
        "operator": "Waternet",
        "substance": "water"
      },
      "geometry": {
        "type": "Polygon",
        "coordinates": [
          [
            [
              4.959394,
              52.354888
            ],
            [
              4.9594171,
              52.3548737
            ],
            [
              4.9594396,
              52.3548873
            ],
            [
              4.9594165,
              52.3549016
            ],
            [
              4.959394,
              52.354888
            ]
          ]
        ]
      },
      "id": "way/1093603436"
    },
    {
      "type": "Feature",
      "properties": {
        "@id": "way/1093620241",
        "building": "yes",
        "layer": "-1",
        "location": "underground",
        "man_made": "pumping_station",
        "operator": "Waternet",
        "substance": "water"
      },
      "geometry": {
        "type": "Polygon",
        "coordinates": [
          [
            [
              4.960032,
              52.3546187
            ],
            [
              4.9600311,
              52.3545986
            ],
            [
              4.9600498,
              52.3545983
            ],
            [
              4.9600507,
              52.3546184
            ],
            [
              4.960032,
              52.3546187
            ]
          ]
        ]
      },
      "id": "way/1093620241"
    },
    {
      "type": "Feature",
      "properties": {
        "@id": "way/1093642682",
        "building": "yes",
        "layer": "-1",
        "man_made": "pumping_station",
        "operator": "Waternet"
      },
      "geometry": {
        "type": "Polygon",
        "coordinates": [
          [
            [
              4.9597761,
              52.3543586
            ],
            [
              4.959787,
              52.3543514
            ],
            [
              4.9598051,
              52.3543616
            ],
            [
              4.9597943,
              52.3543688
            ],
            [
              4.9597761,
              52.3543586
            ]
          ]
        ]
      },
      "id": "way/1093642682"
    },
    {
      "type": "Feature",
      "properties": {
        "@id": "way/1108116324",
        "building": "yes",
        "layer": "-1",
        "man_made": "pumping_station",
        "operator": "Waternet",
        "substance": "water"
      },
      "geometry": {
        "type": "Polygon",
        "coordinates": [
          [
            [
              4.952411,
              52.3663277
            ],
            [
              4.9524112,
              52.3663157
            ],
            [
              4.9524245,
              52.3663157
            ],
            [
              4.9524244,
              52.3663277
            ],
            [
              4.952411,
              52.3663277
            ]
          ]
        ]
      },
      "id": "way/1108116324"
    },
    {
      "type": "Feature",
      "properties": {
        "@id": "way/1121671772",
        "man_made": "pumping_station",
        "operator": "Waternet",
        "substance": "water"
      },
      "geometry": {
        "type": "Polygon",
        "coordinates": [
          [
            [
              4.9841677,
              52.3131203
            ],
            [
              4.9841789,
              52.3131074
            ],
            [
              4.9841939,
              52.3131127
            ],
            [
              4.9842041,
              52.3131017
            ],
            [
              4.9842347,
              52.3131124
            ],
            [
              4.9842245,
              52.3131233
            ],
            [
              4.9842406,
              52.313129
            ],
            [
              4.9842288,
              52.3131416
            ],
            [
              4.9841677,
              52.3131203
            ]
          ]
        ]
      },
      "id": "way/1121671772"
    },
    {
      "type": "Feature",
      "properties": {
        "@id": "way/1122597627",
        "man_made": "pumping_station",
        "operator": "Waternet",
        "substance": "water"
      },
      "geometry": {
        "type": "Polygon",
        "coordinates": [
          [
            [
              4.9846776,
              52.3112912
            ],
            [
              4.9846633,
              52.3112862
            ],
            [
              4.984687,
              52.3112607
            ],
            [
              4.9846996,
              52.3112471
            ],
            [
              4.9847379,
              52.3112604
            ],
            [
              4.9847016,
              52.3112995
            ],
            [
              4.9846776,
              52.3112912
            ]
          ]
        ]
      },
      "id": "way/1122597627"
    },
    {
      "type": "Feature",
      "properties": {
        "@id": "way/1123188138",
        "layer": "-1",
        "man_made": "pumping_station",
        "operator": "Waternet",
        "substance": "sewage"
      },
      "geometry": {
        "type": "Polygon",
        "coordinates": [
          [
            [
              4.8948832,
              52.4223437
            ],
            [
              4.8949081,
              52.4223072
            ],
            [
              4.8949579,
              52.4223199
            ],
            [
              4.8949328,
              52.4223564
            ],
            [
              4.8948832,
              52.4223437
            ]
          ]
        ]
      },
      "id": "way/1123188138"
    },
    {
      "type": "Feature",
      "properties": {
        "@id": "way/1131176886",
        "man_made": "pumping_station",
        "pumping_station": "water"
      },
      "geometry": {
        "type": "Polygon",
        "coordinates": [
          [
            [
              4.9896971,
              52.3108589
            ],
            [
              4.9897148,
              52.3108567
            ],
            [
              4.9897293,
              52.3108549
            ],
            [
              4.9897309,
              52.3108598
            ],
            [
              4.9897205,
              52.3108611
            ],
            [
              4.9897163,
              52.3108617
            ],
            [
              4.9897137,
              52.310862
            ],
            [
              4.9896987,
              52.3108638
            ],
            [
              4.9896971,
              52.3108589
            ]
          ]
        ]
      },
      "id": "way/1131176886"
    },
    {
      "type": "Feature",
      "properties": {
        "@id": "way/1132048715",
        "layer": "-1",
        "man_made": "pumping_station"
      },
      "geometry": {
        "type": "Polygon",
        "coordinates": [
          [
            [
              4.9300029,
              52.401999
            ],
            [
              4.9300262,
              52.401995
            ],
            [
              4.9300348,
              52.4020137
            ],
            [
              4.9300321,
              52.4020141
            ],
            [
              4.930015,
              52.4020171
            ],
            [
              4.9300114,
              52.4020177
            ],
            [
              4.9300029,
              52.401999
            ]
          ]
        ]
      },
      "id": "way/1132048715"
    },
    {
      "type": "Feature",
      "properties": {
        "@id": "way/1134067777",
        "building": "yes",
        "layer": "-1",
        "man_made": "pumping_station",
        "substance": "water"
      },
      "geometry": {
        "type": "Polygon",
        "coordinates": [
          [
            [
              4.8704525,
              52.3993258
            ],
            [
              4.8704579,
              52.3993159
            ],
            [
              4.8704741,
              52.3993192
            ],
            [
              4.8704686,
              52.3993291
            ],
            [
              4.8704525,
              52.3993258
            ]
          ]
        ]
      },
      "id": "way/1134067777"
    },
    {
      "type": "Feature",
      "properties": {
        "@id": "way/1134344951",
        "building": "yes",
        "layer": "-1",
        "man_made": "pumping_station",
        "operator": "Waternet"
      },
      "geometry": {
        "type": "Polygon",
        "coordinates": [
          [
            [
              4.8794172,
              52.39531
            ],
            [
              4.8794337,
              52.3952973
            ],
            [
              4.8794533,
              52.3953068
            ],
            [
              4.8794368,
              52.3953195
            ],
            [
              4.8794172,
              52.39531
            ]
          ]
        ]
      },
      "id": "way/1134344951"
    },
    {
      "type": "Feature",
      "properties": {
        "@id": "way/1134367409",
        "building": "yes",
        "layer": "-1",
        "man_made": "pumping_station",
        "operator": "Waternet"
      },
      "geometry": {
        "type": "Polygon",
        "coordinates": [
          [
            [
              4.8759442,
              52.3937899
            ],
            [
              4.8759442,
              52.3937746
            ],
            [
              4.8759702,
              52.3937746
            ],
            [
              4.8759702,
              52.3937899
            ],
            [
              4.8759442,
              52.3937899
            ]
          ]
        ]
      },
      "id": "way/1134367409"
    },
    {
      "type": "Feature",
      "properties": {
        "@id": "way/1159355867",
        "man_made": "pumping_station",
        "operator": "Waternet"
      },
      "geometry": {
        "type": "Polygon",
        "coordinates": [
          [
            [
              4.8236992,
              52.3468102
            ],
            [
              4.8236982,
              52.3467912
            ],
            [
              4.8237294,
              52.3467906
            ],
            [
              4.8237304,
              52.3468096
            ],
            [
              4.8236992,
              52.3468102
            ]
          ]
        ]
      },
      "id": "way/1159355867"
    },
    {
      "type": "Feature",
      "properties": {
        "@id": "way/1206331031",
        "layer": "-1",
        "man_made": "pumping_station",
        "substance": "hot_water"
      },
      "geometry": {
        "type": "Polygon",
        "coordinates": [
          [
            [
              4.9007885,
              52.3876269
            ],
            [
              4.9008106,
              52.3875854
            ],
            [
              4.900879,
              52.3875991
            ],
            [
              4.9008568,
              52.3876405
            ],
            [
              4.9007885,
              52.3876269
            ]
          ]
        ]
      },
      "id": "way/1206331031"
    },
    {
      "type": "Feature",
      "properties": {
        "@id": "way/1206331032",
        "layer": "-1",
        "man_made": "pumping_station",
        "substance": "hot_water"
      },
      "geometry": {
        "type": "Polygon",
        "coordinates": [
          [
            [
              4.9005168,
              52.3875771
            ],
            [
              4.9005385,
              52.3875374
            ],
            [
              4.900604,
              52.3875507
            ],
            [
              4.9005823,
              52.3875904
            ],
            [
              4.9005168,
              52.3875771
            ]
          ]
        ]
      },
      "id": "way/1206331032"
    },
    {
      "type": "Feature",
      "properties": {
        "@id": "way/1208889165",
        "building": "yes",
        "layer": "-1",
        "man_made": "pumping_station",
        "operator": "Waternet",
        "substance": "water"
      },
      "geometry": {
        "type": "Polygon",
        "coordinates": [
          [
            [
              4.9052163,
              52.384178
            ],
            [
              4.9052369,
              52.3841612
            ],
            [
              4.9052605,
              52.3841721
            ],
            [
              4.9052399,
              52.3841888
            ],
            [
              4.9052163,
              52.384178
            ]
          ]
        ]
      },
      "id": "way/1208889165"
    },
    {
      "type": "Feature",
      "properties": {
        "@id": "way/1210534103",
        "basin": "infiltration",
        "building": "yes",
        "building:levels:underground": "1",
        "capacity": "400",
        "landuse": "basin",
        "layer": "-1",
        "location": "underground",
        "man_made": "reservoir_covered",
        "operator": "Gemeente Amsterdam; Waternet",
        "product": "Waternlock",
        "source": "https://www.waterblock.nl/amsterdam-europaplein/"
      },
      "geometry": {
        "type": "Polygon",
        "coordinates": [
          [
            [
              4.8930903,
              52.341447
            ],
            [
              4.8930894,
              52.3414398
            ],
            [
              4.8930865,
              52.3414286
            ],
            [
              4.8930705,
              52.3413978
            ],
            [
              4.8930502,
              52.3413759
            ],
            [
              4.8930361,
              52.3413606
            ],
            [
              4.8930262,
              52.341345
            ],
            [
              4.8930205,
              52.3413272
            ],
            [
              4.8930186,
              52.341309
            ],
            [
              4.8930205,
              52.3412857
            ],
            [
              4.8930295,
              52.3412626
            ],
            [
              4.8930394,
              52.3412407
            ],
            [
              4.8930507,
              52.341226
            ],
            [
              4.89307,
              52.3412053
            ],
            [
              4.8930903,
              52.341186
            ],
            [
              4.893111,
              52.3411707
            ],
            [
              4.8932289,
              52.3411687
            ],
            [
              4.8932337,
              52.3411843
            ],
            [
              4.8932478,
              52.3412096
            ],
            [
              4.893262,
              52.3412266
            ],
            [
              4.8932755,
              52.3412504
            ],
            [
              4.8932818,
              52.3412753
            ],
            [
              4.8932812,
              52.3412968
            ],
            [
              4.8932752,
              52.341318
            ],
            [
              4.893261,
              52.341354
            ],
            [
              4.8932445,
              52.3413851
            ],
            [
              4.8932238,
              52.3414099
            ],
            [
              4.8932025,
              52.3414347
            ],
            [
              4.8931945,
              52.3414442
            ],
            [
              4.8931376,
              52.3414456
            ],
            [
              4.8930903,
              52.341447
            ]
          ]
        ]
      },
      "id": "way/1210534103"
    },
    {
      "type": "Feature",
      "properties": {
        "@id": "way/1212387738",
        "building": "yes",
        "layer": "-1",
        "man_made": "pumping_station",
        "substance": "water"
      },
      "geometry": {
        "type": "Polygon",
        "coordinates": [
          [
            [
              4.9066303,
              52.3844211
            ],
            [
              4.9066577,
              52.3844019
            ],
            [
              4.9066744,
              52.3844107
            ],
            [
              4.906647,
              52.3844299
            ],
            [
              4.9066303,
              52.3844211
            ]
          ]
        ]
      },
      "id": "way/1212387738"
    },
    {
      "type": "Feature",
      "properties": {
        "@id": "way/1218332832",
        "layer": "-1",
        "man_made": "pumping_station"
      },
      "geometry": {
        "type": "Polygon",
        "coordinates": [
          [
            [
              4.9246298,
              52.3907095
            ],
            [
              4.9246312,
              52.3907
            ],
            [
              4.9246449,
              52.3907008
            ],
            [
              4.9246435,
              52.3907103
            ],
            [
              4.9246298,
              52.3907095
            ]
          ]
        ]
      },
      "id": "way/1218332832"
    },
    {
      "type": "Feature",
      "properties": {
        "@id": "way/1219282719",
        "building": "yes",
        "building:levels:underground": "1",
        "layer": "-1",
        "man_made": "pumping_station",
        "operator": "Waternet",
        "substance": "water"
      },
      "geometry": {
        "type": "Polygon",
        "coordinates": [
          [
            [
              4.9280263,
              52.39407
            ],
            [
              4.9280201,
              52.3940599
            ],
            [
              4.9280351,
              52.3940565
            ],
            [
              4.9280413,
              52.3940665
            ],
            [
              4.9280263,
              52.39407
            ]
          ]
        ]
      },
      "id": "way/1219282719"
    },
    {
      "type": "Feature",
      "properties": {
        "@id": "way/1219282720",
        "building": "yes",
        "building:levels:underground": "1",
        "layer": "-1",
        "man_made": "pumping_station",
        "operator": "Waternet",
        "substance": "water"
      },
      "geometry": {
        "type": "Polygon",
        "coordinates": [
          [
            [
              4.9279725,
              52.3940661
            ],
            [
              4.9279647,
              52.3940535
            ],
            [
              4.9279955,
              52.3940464
            ],
            [
              4.927999,
              52.394052
            ],
            [
              4.9280033,
              52.3940589
            ],
            [
              4.9279725,
              52.3940661
            ]
          ]
        ]
      },
      "id": "way/1219282720"
    },
    {
      "type": "Feature",
      "properties": {
        "@id": "way/1221531425",
        "building": "yes",
        "man_made": "pumping_station"
      },
      "geometry": {
        "type": "Polygon",
        "coordinates": [
          [
            [
              5.0260797,
              52.4068763
            ],
            [
              5.0261011,
              52.4068781
            ],
            [
              5.0260986,
              52.4068888
            ],
            [
              5.0260773,
              52.406887
            ],
            [
              5.0260797,
              52.4068763
            ]
          ]
        ]
      },
      "id": "way/1221531425"
    },
    {
      "type": "Feature",
      "properties": {
        "@id": "way/1222926531",
        "building": "yes",
        "man_made": "pumping_station",
        "operator": "Liander",
        "substance": "water"
      },
      "geometry": {
        "type": "Polygon",
        "coordinates": [
          [
            [
              4.9253263,
              52.3950999
            ],
            [
              4.9253155,
              52.3950844
            ],
            [
              4.9253049,
              52.3950694
            ],
            [
              4.9253565,
              52.3950559
            ],
            [
              4.9253669,
              52.3950709
            ],
            [
              4.9253775,
              52.3950865
            ],
            [
              4.9253263,
              52.3950999
            ]
          ]
        ]
      },
      "id": "way/1222926531"
    },
    {
      "type": "Feature",
      "properties": {
        "@id": "way/1238599984",
        "architect": "BureauVanEig",
        "building": "yes",
        "man_made": "pumping_station",
        "name": "Eindgemaal Rivierenbuurt",
        "note": "\"iedereen die de problemen met water kan oplossen is twee nobelprijzen waardig – één voor de vrede en één voor de wetenschap\"",
        "operator": "Waternet",
        "ref": "ARC22",
        "source": "https://www.dearchitect.nl/274789/arc22-eindgemaal-rivierenbuurt-amsterdam-bureauvaneig",
        "substance": "sewage"
      },
      "geometry": {
        "type": "Polygon",
        "coordinates": [
          [
            [
              4.8977055,
              52.3408287
            ],
            [
              4.8978319,
              52.3408231
            ],
            [
              4.8978353,
              52.3408533
            ],
            [
              4.8977802,
              52.340856
            ],
            [
              4.8977804,
              52.3408492
            ],
            [
              4.8977744,
              52.3408493
            ],
            [
              4.8977668,
              52.3408494
            ],
            [
              4.8977642,
              52.3408507
            ],
            [
              4.8977395,
              52.3408515
            ],
            [
              4.8977391,
              52.3408472
            ],
            [
              4.8977079,
              52.3408482
            ],
            [
              4.8977055,
              52.3408287
            ]
          ]
        ]
      },
      "id": "way/1238599984"
    },
    {
      "type": "Feature",
      "properties": {
        "@id": "way/1238950483",
        "layer": "-1",
        "man_made": "pumping_station",
        "name": "Eindgemaal Rivierenbuurt",
        "operator": "Waternet",
        "ref": "ARC22",
        "source": "https://www.dearchitect.nl/274789/arc22-eindgemaal-rivierenbuurt-amsterdam-bureauvaneig",
        "substance": "sewage"
      },
      "geometry": {
        "type": "Polygon",
        "coordinates": [
          [
            [
              4.8977055,
              52.3408287
            ],
            [
              4.8978319,
              52.3408231
            ],
            [
              4.8978481,
              52.3408224
            ],
            [
              4.897853,
              52.3408653
            ],
            [
              4.8978594,
              52.3409196
            ],
            [
              4.8976953,
              52.3409269
            ],
            [
              4.8976838,
              52.3408297
            ],
            [
              4.8977055,
              52.3408287
            ]
          ]
        ]
      },
      "id": "way/1238950483"
    },
    {
      "type": "Feature",
      "properties": {
        "@id": "way/1244651900",
        "man_made": "pumping_station",
        "name": "Rioolgemaal Postjesweg",
        "operator": "Waternet",
        "pumping_station": "sewage",
        "ref:bag": "0363100012571258",
        "start_date": "2022",
        "website": "https://www.waternet.nl/gemaalpostjesweg"
      },
      "geometry": {
        "type": "Polygon",
        "coordinates": [
          [
            [
              4.8345902,
              52.3638951
            ],
            [
              4.8345925,
              52.3638265
            ],
            [
              4.8346732,
              52.3638275
            ],
            [
              4.8346709,
              52.3638962
            ],
            [
              4.8345902,
              52.3638951
            ]
          ]
        ]
      },
      "id": "way/1244651900"
    },
    {
      "type": "Feature",
      "properties": {
        "@id": "way/1253100539",
        "man_made": "pumping_station"
      },
      "geometry": {
        "type": "Polygon",
        "coordinates": [
          [
            [
              4.9040352,
              52.3326032
            ],
            [
              4.9040371,
              52.3325896
            ],
            [
              4.9040603,
              52.3325908
            ],
            [
              4.9040585,
              52.3326044
            ],
            [
              4.9040352,
              52.3326032
            ]
          ]
        ]
      },
      "id": "way/1253100539"
    },
    {
      "type": "Feature",
      "properties": {
        "@id": "way/1267481085",
        "natural": "water",
        "water": "reservoir"
      },
      "geometry": {
        "type": "Polygon",
        "coordinates": [
          [
            [
              4.9042666,
              52.3382145
            ],
            [
              4.9042626,
              52.3382108
            ],
            [
              4.9042623,
              52.3382065
            ],
            [
              4.9042881,
              52.3381655
            ],
            [
              4.904291,
              52.3381619
            ],
            [
              4.9042966,
              52.3381597
            ],
            [
              4.9043077,
              52.3381612
            ],
            [
              4.904371,
              52.3381805
            ],
            [
              4.9044129,
              52.3381933
            ],
            [
              4.9044319,
              52.3381991
            ],
            [
              4.9044371,
              52.338204
            ],
            [
              4.9044372,
              52.3382083
            ],
            [
              4.9044341,
              52.3382122
            ],
            [
              4.9044186,
              52.3382368
            ],
            [
              4.9044098,
              52.3382509
            ],
            [
              4.904401,
              52.338255
            ],
            [
              4.9043934,
              52.3382549
            ],
            [
              4.9043869,
              52.3382524
            ],
            [
              4.9042666,
              52.3382145
            ]
          ]
        ]
      },
      "id": "way/1267481085"
    },
    {
      "type": "Feature",
      "properties": {
        "@id": "way/1268188870",
        "layer": "-1",
        "man_made": "pumping_station",
        "operator": "Waternet",
        "substance": "water"
      },
      "geometry": {
        "type": "Polygon",
        "coordinates": [
          [
            [
              4.9073401,
              52.3388802
            ],
            [
              4.9073803,
              52.3388706
            ],
            [
              4.9073989,
              52.3388993
            ],
            [
              4.9073875,
              52.3389021
            ],
            [
              4.907374,
              52.3389054
            ],
            [
              4.9073613,
              52.3389085
            ],
            [
              4.9073591,
              52.338909
            ],
            [
              4.9073401,
              52.3388802
            ]
          ]
        ]
      },
      "id": "way/1268188870"
    },
    {
      "type": "Feature",
      "properties": {
        "@id": "way/1268818801",
        "layer": "-1",
        "man_made": "pumping_station",
        "operator": "Waternet",
        "substance": "water"
      },
      "geometry": {
        "type": "Polygon",
        "coordinates": [
          [
            [
              4.9131033,
              52.3411632
            ],
            [
              4.9131147,
              52.3411574
            ],
            [
              4.9131322,
              52.3411704
            ],
            [
              4.9131209,
              52.3411761
            ],
            [
              4.9131033,
              52.3411632
            ]
          ]
        ]
      },
      "id": "way/1268818801"
    },
    {
      "type": "Feature",
      "properties": {
        "@id": "way/1275820993",
        "layer": "-1",
        "man_made": "pumping_station",
        "operator": "Waternet",
        "substance": "water"
      },
      "geometry": {
        "type": "Polygon",
        "coordinates": [
          [
            [
              4.8999646,
              52.3410206
            ],
            [
              4.8999626,
              52.3410068
            ],
            [
              4.899998,
              52.3410049
            ],
            [
              4.9,
              52.3410187
            ],
            [
              4.8999646,
              52.3410206
            ]
          ]
        ]
      },
      "id": "way/1275820993"
    },
    {
      "type": "Feature",
      "properties": {
        "@id": "way/1299598441",
        "man_made": "pumping_station",
        "operator": "Waternet",
        "substance": "water"
      },
      "geometry": {
        "type": "Polygon",
        "coordinates": [
          [
            [
              4.9255335,
              52.3407128
            ],
            [
              4.925569,
              52.3406963
            ],
            [
              4.925605,
              52.3406797
            ],
            [
              4.9256066,
              52.3406811
            ],
            [
              4.9256305,
              52.3406989
            ],
            [
              4.9256396,
              52.340706
            ],
            [
              4.9256096,
              52.3407199
            ],
            [
              4.9255673,
              52.3407394
            ],
            [
              4.9255575,
              52.3407317
            ],
            [
              4.925541,
              52.3407189
            ],
            [
              4.9255355,
              52.3407145
            ],
            [
              4.9255335,
              52.3407128
            ]
          ]
        ]
      },
      "id": "way/1299598441"
    },
    {
      "type": "Feature",
      "properties": {
        "@id": "way/1303113170",
        "layer": "-1",
        "man_made": "pumping_station",
        "operator": "Waternet",
        "substance": "water"
      },
      "geometry": {
        "type": "Polygon",
        "coordinates": [
          [
            [
              4.9192434,
              52.3456492
            ],
            [
              4.9192669,
              52.3456392
            ],
            [
              4.919284,
              52.3456541
            ],
            [
              4.9192605,
              52.3456642
            ],
            [
              4.9192434,
              52.3456492
            ]
          ]
        ]
      },
      "id": "way/1303113170"
    },
    {
      "type": "Feature",
      "properties": {
        "@id": "way/1316380621",
        "man_made": "pumping_station",
        "substance": "water"
      },
      "geometry": {
        "type": "Polygon",
        "coordinates": [
          [
            [
              4.9850353,
              52.417444
            ],
            [
              4.9850242,
              52.4174444
            ],
            [
              4.9850244,
              52.4174381
            ],
            [
              4.9850355,
              52.4174381
            ],
            [
              4.9850353,
              52.417444
            ]
          ]
        ]
      },
      "id": "way/1316380621"
    },
    {
      "type": "Feature",
      "properties": {
        "@id": "way/1316481159",
        "man_made": "pumping_station",
        "name": "Gemaal Nieuwe Gouw",
        "operator": "Hoogheemraadschap Hollands Noorderkwartier",
        "pumping_station": "water",
        "substance": "water"
      },
      "geometry": {
        "type": "Polygon",
        "coordinates": [
          [
            [
              4.9849239,
              52.3932286
            ],
            [
              4.9849532,
              52.3932293
            ],
            [
              4.9849521,
              52.3932472
            ],
            [
              4.9849228,
              52.3932465
            ],
            [
              4.9849239,
              52.3932286
            ]
          ]
        ]
      },
      "id": "way/1316481159"
    },
    {
      "type": "Feature",
      "properties": {
        "@id": "way/1316962857",
        "building": "yes",
        "man_made": "pumping_station",
        "substance": "water"
      },
      "geometry": {
        "type": "Polygon",
        "coordinates": [
          [
            [
              4.9836082,
              52.4184236
            ],
            [
              4.9836353,
              52.4184294
            ],
            [
              4.983626,
              52.4184457
            ],
            [
              4.9835989,
              52.41844
            ],
            [
              4.9836082,
              52.4184236
            ]
          ]
        ]
      },
      "id": "way/1316962857"
    },
    {
      "type": "Feature",
      "properties": {
        "@id": "way/1380246728",
        "layer": "-1",
        "man_made": "pumping_station",
        "operator": "Waternet"
      },
      "geometry": {
        "type": "Polygon",
        "coordinates": [
          [
            [
              4.954428,
              52.3560952
            ],
            [
              4.9544438,
              52.3560855
            ],
            [
              4.9544632,
              52.3560961
            ],
            [
              4.9544484,
              52.3561062
            ],
            [
              4.954428,
              52.3560952
            ]
          ]
        ]
      },
      "id": "way/1380246728"
    },
    {
      "type": "Feature",
      "properties": {
        "@id": "way/1387030278",
        "layer": "-1",
        "man_made": "pumping_station",
        "operator": "Waternet",
        "substance": "water"
      },
      "geometry": {
        "type": "Polygon",
        "coordinates": [
          [
            [
              4.9428479,
              52.3094074
            ],
            [
              4.9428547,
              52.3094002
            ],
            [
              4.9428677,
              52.3094048
            ],
            [
              4.9428608,
              52.309412
            ],
            [
              4.9428479,
              52.3094074
            ]
          ]
        ]
      },
      "id": "way/1387030278"
    },
    {
      "type": "Feature",
      "properties": {
        "@id": "way/1388006630",
        "building": "yes",
        "layer": "-1",
        "man_made": "pumping_station",
        "operator": "Waternet",
        "substance": "water"
      },
      "geometry": {
        "type": "Polygon",
        "coordinates": [
          [
            [
              4.939708,
              52.3108198
            ],
            [
              4.9397171,
              52.3108099
            ],
            [
              4.9397546,
              52.3108228
            ],
            [
              4.9397456,
              52.3108327
            ],
            [
              4.939708,
              52.3108198
            ]
          ]
        ]
      },
      "id": "way/1388006630"
    },
    {
      "type": "Feature",
      "properties": {
        "@id": "way/1388259403",
        "building": "yes",
        "layer": "-1",
        "man_made": "pumping_station",
        "operator": "Waternet",
        "substance": "water"
      },
      "geometry": {
        "type": "Polygon",
        "coordinates": [
          [
            [
              4.9395057,
              52.3110051
            ],
            [
              4.9395167,
              52.3109927
            ],
            [
              4.9395389,
              52.3110001
            ],
            [
              4.9395331,
              52.3110066
            ],
            [
              4.9395279,
              52.3110124
            ],
            [
              4.9395057,
              52.3110051
            ]
          ]
        ]
      },
      "id": "way/1388259403"
    },
    {
      "type": "Feature",
      "properties": {
        "@id": "way/1388798689",
        "man_made": "pumping_station",
        "operator": "Waternet",
        "substance": "water"
      },
      "geometry": {
        "type": "Polygon",
        "coordinates": [
          [
            [
              4.950401,
              52.303158
            ],
            [
              4.9504131,
              52.3031455
            ],
            [
              4.9504346,
              52.3031533
            ],
            [
              4.9504224,
              52.3031658
            ],
            [
              4.950401,
              52.303158
            ]
          ]
        ]
      },
      "id": "way/1388798689"
    },
    {
      "type": "Feature",
      "properties": {
        "@id": "way/1392089529",
        "layer": "-1",
        "man_made": "pumping_station",
        "substance": "water"
      },
      "geometry": {
        "type": "Polygon",
        "coordinates": [
          [
            [
              4.9540133,
              52.3026932
            ],
            [
              4.9540412,
              52.3027026
            ],
            [
              4.9540274,
              52.3027176
            ],
            [
              4.9539997,
              52.3027081
            ],
            [
              4.9540133,
              52.3026932
            ]
          ]
        ]
      },
      "id": "way/1392089529"
    },
    {
      "type": "Feature",
      "properties": {
        "@id": "way/1392089530",
        "layer": "-1",
        "man_made": "pumping_station",
        "substance": "water"
      },
      "geometry": {
        "type": "Polygon",
        "coordinates": [
          [
            [
              4.9536362,
              52.3025797
            ],
            [
              4.953651,
              52.3025636
            ],
            [
              4.9536812,
              52.3025739
            ],
            [
              4.9536665,
              52.3025901
            ],
            [
              4.9536617,
              52.3025885
            ],
            [
              4.9536362,
              52.3025797
            ]
          ]
        ]
      },
      "id": "way/1392089530"
    },
    {
      "type": "Feature",
      "properties": {
        "@id": "way/1393911500",
        "layer": "-1",
        "man_made": "pumping_station",
        "substance": "water"
      },
      "geometry": {
        "type": "Polygon",
        "coordinates": [
          [
            [
              4.9518046,
              52.304036
            ],
            [
              4.9518185,
              52.3040206
            ],
            [
              4.9518481,
              52.3040306
            ],
            [
              4.9518342,
              52.304046
            ],
            [
              4.9518046,
              52.304036
            ]
          ]
        ]
      },
      "id": "way/1393911500"
    },
    {
      "type": "Feature",
      "properties": {
        "@id": "way/1393911503",
        "layer": "-1",
        "man_made": "pumping_station",
        "substance": "water"
      },
      "geometry": {
        "type": "Polygon",
        "coordinates": [
          [
            [
              4.9521821,
              52.3041698
            ],
            [
              4.952196,
              52.3041544
            ],
            [
              4.9522256,
              52.3041645
            ],
            [
              4.9522117,
              52.3041799
            ],
            [
              4.9521821,
              52.3041698
            ]
          ]
        ]
      },
      "id": "way/1393911503"
    },
    {
      "type": "Feature",
      "properties": {
        "@id": "way/1393911510",
        "layer": "-1",
        "man_made": "pumping_station",
        "substance": "water"
      },
      "geometry": {
        "type": "Polygon",
        "coordinates": [
          [
            [
              4.9525402,
              52.3042956
            ],
            [
              4.9525542,
              52.3042802
            ],
            [
              4.9525838,
              52.3042902
            ],
            [
              4.9525698,
              52.3043056
            ],
            [
              4.9525402,
              52.3042956
            ]
          ]
        ]
      },
      "id": "way/1393911510"
    },
    {
      "type": "Feature",
      "properties": {
        "@id": "way/1409227777",
        "building": "yes",
        "man_made": "pumping_station",
        "operator": "Waternet",
        "substance": "water"
      },
      "geometry": {
        "type": "Polygon",
        "coordinates": [
          [
            [
              4.9514539,
              52.3019658
            ],
            [
              4.9514687,
              52.3019492
            ],
            [
              4.9514973,
              52.3019587
            ],
            [
              4.9514825,
              52.3019753
            ],
            [
              4.9514539,
              52.3019658
            ]
          ]
        ]
      },
      "id": "way/1409227777"
    },
    {
      "type": "Feature",
      "properties": {
        "@id": "way/1409695432",
        "man_made": "pumping_station",
        "operator": "Waternet",
        "substance": "water"
      },
      "geometry": {
        "type": "Polygon",
        "coordinates": [
          [
            [
              4.9516276,
              52.3053439
            ],
            [
              4.9515995,
              52.3053342
            ],
            [
              4.9516102,
              52.3053226
            ],
            [
              4.9516383,
              52.3053323
            ],
            [
              4.9516276,
              52.3053439
            ]
          ]
        ]
      },
      "id": "way/1409695432"
    },
    {
      "type": "Feature",
      "properties": {
        "@id": "way/1409695438",
        "man_made": "pumping_station",
        "operator": "Waternet",
        "substance": "water"
      },
      "geometry": {
        "type": "Polygon",
        "coordinates": [
          [
            [
              4.9522366,
              52.3047243
            ],
            [
              4.9522295,
              52.3047327
            ],
            [
              4.952213,
              52.304727
            ],
            [
              4.9522201,
              52.3047186
            ],
            [
              4.9522366,
              52.3047243
            ]
          ]
        ]
      },
      "id": "way/1409695438"
    },
    {
      "type": "Feature",
      "properties": {
        "@id": "way/1409749431",
        "building": "yes",
        "man_made": "pumping_station",
        "operator": "Waternet",
        "substance": "water"
      },
      "geometry": {
        "type": "Polygon",
        "coordinates": [
          [
            [
              4.9471572,
              52.3021993
            ],
            [
              4.9471725,
              52.3021821
            ],
            [
              4.9471946,
              52.3021895
            ],
            [
              4.9471792,
              52.3022067
            ],
            [
              4.9471572,
              52.3021993
            ]
          ]
        ]
      },
      "id": "way/1409749431"
    },
    {
      "type": "Feature",
      "properties": {
        "@id": "way/1415169921",
        "man_made": "pumping_station",
        "name": "Gemaal Sint Bernarduspolder"
      },
      "geometry": {
        "type": "Polygon",
        "coordinates": [
          [
            [
              4.9401898,
              52.3894112
            ],
            [
              4.9401925,
              52.3894367
            ],
            [
              4.9401378,
              52.3894389
            ],
            [
              4.9401337,
              52.3894017
            ],
            [
              4.9401667,
              52.3894004
            ],
            [
              4.940168,
              52.3894121
            ],
            [
              4.9401898,
              52.3894112
            ]
          ]
        ]
      },
      "id": "way/1415169921"
    },
    {
      "type": "Feature",
      "properties": {
        "@id": "way/1415170699",
        "area": "yes",
        "man_made": "pumping_station"
      },
      "geometry": {
        "type": "Polygon",
        "coordinates": [
          [
            [
              4.9380701,
              52.3888779
            ],
            [
              4.9380631,
              52.3888623
            ],
            [
              4.9380969,
              52.3888566
            ],
            [
              4.9381038,
              52.3888722
            ],
            [
              4.9380701,
              52.3888779
            ]
          ]
        ]
      },
      "id": "way/1415170699"
    },
    {
      "type": "Feature",
      "properties": {
        "@id": "node/1411440890",
        "man_made": "pumping_station",
        "name": "Gemaal Driemond",
        "operator": "Waterschap Amstel, Gooi en Vecht"
      },
      "geometry": {
        "type": "Point",
        "coordinates": [
          5.0202343,
          52.303071
        ]
      },
      "id": "node/1411440890"
    },
    {
      "type": "Feature",
      "properties": {
        "@id": "node/2735459829",
        "addr:city": "Amsterdam",
        "addr:housenumber": "15",
        "addr:postcode": "1046BS",
        "addr:street": "Australiëhavenweg",
        "man_made": "wastewater_plant",
        "name": "RWZI Amsterdam West",
        "operator": "Stichting Waternet",
        "phone": "+31 20 608 2989",
        "source": "BAG",
        "source:date": "2014-02-11"
      },
      "geometry": {
        "type": "Point",
        "coordinates": [
          4.7933124,
          52.3989499
        ]
      },
      "id": "node/2735459829"
    },
    {
      "type": "Feature",
      "properties": {
        "@id": "node/4602449052",
        "historic": "yes",
        "man_made": "pumping_station",
        "operator": "Waternet",
        "substance": "water"
      },
      "geometry": {
        "type": "Point",
        "coordinates": [
          4.9691978,
          52.3606466
        ]
      },
      "id": "node/4602449052"
    },
    {
      "type": "Feature",
      "properties": {
        "@id": "node/9705220124",
        "man_made": "pumping_station",
        "operator": "Waternet"
      },
      "geometry": {
        "type": "Point",
        "coordinates": [
          4.9910089,
          52.3234163
        ]
      },
      "id": "node/9705220124"
    },
    {
      "type": "Feature",
      "properties": {
        "@id": "node/9858565487",
        "man_made": "pumping_station"
      },
      "geometry": {
        "type": "Point",
        "coordinates": [
          4.963434,
          52.386406
        ]
      },
      "id": "node/9858565487"
    },
    {
      "type": "Feature",
      "properties": {
        "@id": "node/9904418371",
        "entrance": "service",
        "man_made": "pumping_station",
        "operator": "Liander",
        "substance": "gas"
      },
      "geometry": {
        "type": "Point",
        "coordinates": [
          4.9497832,
          52.3446746
        ]
      },
      "id": "node/9904418371"
    },
    {
      "type": "Feature",
      "properties": {
        "@id": "node/9910480832",
        "layer": "-1",
        "man_made": "pumping_station",
        "operator": "Waternet",
        "substance": "water"
      },
      "geometry": {
        "type": "Point",
        "coordinates": [
          4.940556,
          52.3477282
        ]
      },
      "id": "node/9910480832"
    },
    {
      "type": "Feature",
      "properties": {
        "@id": "node/9926665588",
        "man_made": "pumping_station",
        "operator": "Waternet",
        "substance": "water"
      },
      "geometry": {
        "type": "Point",
        "coordinates": [
          4.952254,
          52.3546385
        ]
      },
      "id": "node/9926665588"
    },
    {
      "type": "Feature",
      "properties": {
        "@id": "node/10031308026",
        "drinking_water": "no",
        "man_made": "water_well",
        "source": "local survey & PDOK 0.07 15-09-22"
      },
      "geometry": {
        "type": "Point",
        "coordinates": [
          5.0132351,
          52.3726391
        ]
      },
      "id": "node/10031308026"
    },
    {
      "type": "Feature",
      "properties": {
        "@id": "node/10047109083",
        "man_made": "pumping_station",
        "substance": "water"
      },
      "geometry": {
        "type": "Point",
        "coordinates": [
          4.9984671,
          52.3798089
        ]
      },
      "id": "node/10047109083"
    },
    {
      "type": "Feature",
      "properties": {
        "@id": "node/10178290919",
        "man_made": "pumping_station",
        "substance": "water"
      },
      "geometry": {
        "type": "Point",
        "coordinates": [
          4.9545295,
          52.3580068
        ]
      },
      "id": "node/10178290919"
    },
    {
      "type": "Feature",
      "properties": {
        "@id": "node/10290273131",
        "man_made": "pumping_station"
      },
      "geometry": {
        "type": "Point",
        "coordinates": [
          4.9665954,
          52.3689067
        ]
      },
      "id": "node/10290273131"
    },
    {
      "type": "Feature",
      "properties": {
        "@id": "node/10799454690",
        "historic": "yes",
        "man_made": "water_well",
        "pump": "manual",
        "pump:status": "locked"
      },
      "geometry": {
        "type": "Point",
        "coordinates": [
          4.8816637,
          52.3786551
        ]
      },
      "id": "node/10799454690"
    },
    {
      "type": "Feature",
      "properties": {
        "@id": "node/10799454691",
        "historic": "yes",
        "man_made": "water_well",
        "pump": "manual",
        "pump:status": "locked"
      },
      "geometry": {
        "type": "Point",
        "coordinates": [
          4.8817685,
          52.3786651
        ]
      },
      "id": "node/10799454691"
    },
    {
      "type": "Feature",
      "properties": {
        "@id": "node/10896145084",
        "man_made": "pumping_station",
        "operator": "Waternet"
      },
      "geometry": {
        "type": "Point",
        "coordinates": [
          5.0168068,
          52.3555444
        ]
      },
      "id": "node/10896145084"
    },
    {
      "type": "Feature",
      "properties": {
        "@id": "node/11178370890",
        "man_made": "pumping_station",
        "operator": "Gasunie",
        "operator:wikidata": "Q918239",
        "pipeline": "substation",
        "substance": "gas",
        "substation": "distribution"
      },
      "geometry": {
        "type": "Point",
        "coordinates": [
          4.9009766,
          52.3875777
        ]
      },
      "id": "node/11178370890"
    },
    {
      "type": "Feature",
      "properties": {
        "@id": "node/11428905053",
        "man_made": "pumping_station"
      },
      "geometry": {
        "type": "Point",
        "coordinates": [
          4.9040462,
          52.3325975
        ]
      },
      "id": "node/11428905053"
    },
    {
      "type": "Feature",
      "properties": {
        "@id": "node/11552882929",
        "man_made": "pumping_station"
      },
      "geometry": {
        "type": "Point",
        "coordinates": [
          4.7508541,
          52.4111139
        ]
      },
      "id": "node/11552882929"
    },
    {
      "type": "Feature",
      "properties": {
        "@id": "node/11878991908",
        "access": "private",
        "handle": "lever",
        "man_made": "water_well",
        "mechanical_driver": "manual",
        "pump": "manual",
        "pump_mechanism": "piston",
        "substance": "water"
      },
      "geometry": {
        "type": "Point",
        "coordinates": [
          4.8974538,
          52.3417227
        ]
      },
      "id": "node/11878991908"
    },
    {
      "type": "Feature",
      "properties": {
        "@id": "node/12052808638",
        "layer": "-1",
        "man_made": "pumping_station",
        "operator": "Waternet",
        "substance": "water"
      },
      "geometry": {
        "type": "Point",
        "coordinates": [
          4.931333,
          52.3454111
        ]
      },
      "id": "node/12052808638"
    },
    {
      "type": "Feature",
      "properties": {
        "@id": "node/13142744290",
        "access": "private",
        "entrance": "service",
        "man_made": "pumping_station",
        "operator": "Vattenfal",
        "substance": "hot_water"
      },
      "geometry": {
        "type": "Point",
        "coordinates": [
          4.9717129,
          52.3236442
        ]
      },
      "id": "node/13142744290"
    }
  ]
}